REVENUE_ID,BOOKING_ID,ACCOUNT_ID,RECOGNITION_DATE,AMOUNT,CURRENCY,LICENSE_TYPE,REGION,OWNER_REP_ID
RV0000001,BK000001,ACC00001,2026-06-30,4832.13,USD,subscription,APAC,REP003
RV0000002,BK000001,ACC00001,2026-07-30,4832.13,USD,subscription,APAC,REP003
RV0000003,BK000001,ACC00001,2026-08-30,4832.13,USD,subscription,APAC,REP003
RV0000004,BK000001,ACC00001,2026-09-30,4832.13,USD,subscription,APAC,REP003
RV0000005,BK000001,ACC00001,2026-10-30,4832.13,USD,subscription,APAC,REP003
RV0000006,BK000001,ACC00001,2026-11-30,4832.13,USD,subscription,APAC,REP003
RV0000007,BK000001,ACC00001,2026-12-30,4832.13,USD,subscription,APAC,REP003
RV0000008,BK000001,ACC00001,2027-01-30,4832.13,USD,subscription,APAC,REP003
RV0000009,BK000001,ACC00001,2027-02-28,4832.13,USD,subscription,APAC,REP003
RV0000010,BK000001,ACC00001,2027-03-30,4832.13,USD,subscription,APAC,REP003
RV0000011,BK000001,ACC00001,2027-04-30,4832.13,USD,subscription,APAC,REP003
RV0000012,BK000001,ACC00001,2027-05-30,4832.13,USD,subscription,APAC,REP003
RV0000013,BK000001,ACC00001,2027-06-30,4832.13,USD,subscription,APAC,REP003
RV0000014,BK000001,ACC00001,2027-07-30,4832.13,USD,subscription,APAC,REP003
RV0000015,BK000001,ACC00001,2027-08-30,4832.13,USD,subscription,APAC,REP003
RV0000016,BK000001,ACC00001,2027-09-30,4832.13,USD,subscription,APAC,REP003
RV0000017,BK000001,ACC00001,2027-10-30,4832.13,USD,subscription,APAC,REP003
RV0000018,BK000001,ACC00001,2027-11-30,4832.13,USD,subscription,APAC,REP003
RV0000019,BK000001,ACC00001,2027-12-30,4832.13,USD,subscription,APAC,REP003
RV0000020,BK000001,ACC00001,2028-01-30,4832.13,USD,subscription,APAC,REP003
RV0000021,BK000001,ACC00001,2028-02-29,4832.13,USD,subscription,APAC,REP003
RV0000022,BK000001,ACC00001,2028-03-30,4832.13,USD,subscription,APAC,REP003
RV0000023,BK000001,ACC00001,2028-04-30,4832.13,USD,subscription,APAC,REP003
RV0000024,BK000001,ACC00001,2028-05-30,4832.13,USD,subscription,APAC,REP003
RV0000025,BK000001,ACC00001,2028-06-30,4832.13,USD,subscription,APAC,REP003
RV0000026,BK000001,ACC00001,2028-07-30,4832.13,USD,subscription,APAC,REP003
RV0000027,BK000001,ACC00001,2028-08-30,4832.13,USD,subscription,APAC,REP003
RV0000028,BK000001,ACC00001,2028-09-30,4832.13,USD,subscription,APAC,REP003
RV0000029,BK000001,ACC00001,2028-10-30,4832.13,USD,subscription,APAC,REP003
RV0000030,BK000001,ACC00001,2028-11-30,4832.13,USD,subscription,APAC,REP003
RV0000031,BK000001,ACC00001,2028-12-30,4832.13,USD,subscription,APAC,REP003
RV0000032,BK000001,ACC00001,2029-01-30,4832.13,USD,subscription,APAC,REP003
RV0000033,BK000001,ACC00001,2029-02-28,4832.13,USD,subscription,APAC,REP003
RV0000034,BK000001,ACC00001,2029-03-30,4832.13,USD,subscription,APAC,REP003
RV0000035,BK000001,ACC00001,2029-04-30,4832.13,USD,subscription,APAC,REP003
RV0000036,BK000001,ACC00001,2029-05-30,4832.44,USD,subscription,APAC,REP003
RV0000037,BK000002,ACC00002,2026-02-17,6650.73,USD,subscription,EMEA,REP004
RV0000038,BK000002,ACC00002,2026-03-17,6650.73,USD,subscription,EMEA,REP004
RV0000039,BK000002,ACC00002,2026-04-17,6650.73,USD,subscription,EMEA,REP004
RV0000040,BK000002,ACC00002,2026-05-17,6650.73,USD,subscription,EMEA,REP004
RV0000041,BK000002,ACC00002,2026-06-17,6650.73,USD,subscription,EMEA,REP004
RV0000042,BK000002,ACC00002,2026-07-17,6650.73,USD,subscription,EMEA,REP004
RV0000043,BK000002,ACC00002,2026-08-17,6650.73,USD,subscription,EMEA,REP004
RV0000044,BK000002,ACC00002,2026-09-17,6650.73,USD,subscription,EMEA,REP004
RV0000045,BK000002,ACC00002,2026-10-17,6650.73,USD,subscription,EMEA,REP004
RV0000046,BK000002,ACC00002,2026-11-17,6650.73,USD,subscription,EMEA,REP004
RV0000047,BK000002,ACC00002,2026-12-17,6650.73,USD,subscription,EMEA,REP004
RV0000048,BK000002,ACC00002,2027-01-17,6650.79,USD,subscription,EMEA,REP004
RV0000049,BK000003,ACC00002,2026-04-12,50443.78,USD,perpetual,EMEA,REP004
RV0000050,BK000004,ACC00002,2026-05-06,13369.10,USD,subscription,EMEA,REP004
RV0000051,BK000004,ACC00002,2026-06-06,13369.10,USD,subscription,EMEA,REP004
RV0000052,BK000004,ACC00002,2026-07-06,13369.10,USD,subscription,EMEA,REP004
RV0000053,BK000004,ACC00002,2026-08-06,13369.10,USD,subscription,EMEA,REP004
RV0000054,BK000004,ACC00002,2026-09-06,13369.10,USD,subscription,EMEA,REP004
RV0000055,BK000004,ACC00002,2026-10-06,13369.10,USD,subscription,EMEA,REP004
RV0000056,BK000004,ACC00002,2026-11-06,13369.10,USD,subscription,EMEA,REP004
RV0000057,BK000004,ACC00002,2026-12-06,13369.10,USD,subscription,EMEA,REP004
RV0000058,BK000004,ACC00002,2027-01-06,13369.10,USD,subscription,EMEA,REP004
RV0000059,BK000004,ACC00002,2027-02-06,13369.10,USD,subscription,EMEA,REP004
RV0000060,BK000004,ACC00002,2027-03-06,13369.10,USD,subscription,EMEA,REP004
RV0000061,BK000004,ACC00002,2027-04-06,13369.20,USD,subscription,EMEA,REP004
RV0000062,BK000005,ACC00003,2026-08-01,5897.61,USD,subscription,APAC,REP012
RV0000063,BK000005,ACC00003,2026-09-01,5897.61,USD,subscription,APAC,REP012
RV0000064,BK000005,ACC00003,2026-10-01,5897.61,USD,subscription,APAC,REP012
RV0000065,BK000005,ACC00003,2026-11-01,5897.61,USD,subscription,APAC,REP012
RV0000066,BK000005,ACC00003,2026-12-01,5897.61,USD,subscription,APAC,REP012
RV0000067,BK000005,ACC00003,2027-01-01,5897.61,USD,subscription,APAC,REP012
RV0000068,BK000005,ACC00003,2027-02-01,5897.61,USD,subscription,APAC,REP012
RV0000069,BK000005,ACC00003,2027-03-01,5897.61,USD,subscription,APAC,REP012
RV0000070,BK000005,ACC00003,2027-04-01,5897.61,USD,subscription,APAC,REP012
RV0000071,BK000005,ACC00003,2027-05-01,5897.61,USD,subscription,APAC,REP012
RV0000072,BK000005,ACC00003,2027-06-01,5897.61,USD,subscription,APAC,REP012
RV0000073,BK000005,ACC00003,2027-07-01,5897.61,USD,subscription,APAC,REP012
RV0000074,BK000005,ACC00003,2027-08-01,5897.61,USD,subscription,APAC,REP012
RV0000075,BK000005,ACC00003,2027-09-01,5897.61,USD,subscription,APAC,REP012
RV0000076,BK000005,ACC00003,2027-10-01,5897.61,USD,subscription,APAC,REP012
RV0000077,BK000005,ACC00003,2027-11-01,5897.61,USD,subscription,APAC,REP012
RV0000078,BK000005,ACC00003,2027-12-01,5897.61,USD,subscription,APAC,REP012
RV0000079,BK000005,ACC00003,2028-01-01,5897.61,USD,subscription,APAC,REP012
RV0000080,BK000005,ACC00003,2028-02-01,5897.61,USD,subscription,APAC,REP012
RV0000081,BK000005,ACC00003,2028-03-01,5897.61,USD,subscription,APAC,REP012
RV0000082,BK000005,ACC00003,2028-04-01,5897.61,USD,subscription,APAC,REP012
RV0000083,BK000005,ACC00003,2028-05-01,5897.61,USD,subscription,APAC,REP012
RV0000084,BK000005,ACC00003,2028-06-01,5897.61,USD,subscription,APAC,REP012
RV0000085,BK000005,ACC00003,2028-07-01,5897.61,USD,subscription,APAC,REP012
RV0000086,BK000005,ACC00003,2028-08-01,5897.61,USD,subscription,APAC,REP012
RV0000087,BK000005,ACC00003,2028-09-01,5897.61,USD,subscription,APAC,REP012
RV0000088,BK000005,ACC00003,2028-10-01,5897.61,USD,subscription,APAC,REP012
RV0000089,BK000005,ACC00003,2028-11-01,5897.61,USD,subscription,APAC,REP012
RV0000090,BK000005,ACC00003,2028-12-01,5897.61,USD,subscription,APAC,REP012
RV0000091,BK000005,ACC00003,2029-01-01,5897.61,USD,subscription,APAC,REP012
RV0000092,BK000005,ACC00003,2029-02-01,5897.61,USD,subscription,APAC,REP012
RV0000093,BK000005,ACC00003,2029-03-01,5897.61,USD,subscription,APAC,REP012
RV0000094,BK000005,ACC00003,2029-04-01,5897.61,USD,subscription,APAC,REP012
RV0000095,BK000005,ACC00003,2029-05-01,5897.61,USD,subscription,APAC,REP012
RV0000096,BK000005,ACC00003,2029-06-01,5897.61,USD,subscription,APAC,REP012
RV0000097,BK000005,ACC00003,2029-07-01,5897.84,USD,subscription,APAC,REP012
RV0000098,BK000006,ACC00003,2026-07-16,166885.45,USD,perpetual,APAC,REP012
RV0000099,BK000007,ACC00003,2026-03-17,18428.04,USD,subscription,APAC,REP012
RV0000100,BK000007,ACC00003,2026-04-17,18428.04,USD,subscription,APAC,REP012
RV0000101,BK000007,ACC00003,2026-05-17,18428.04,USD,subscription,APAC,REP012
RV0000102,BK000007,ACC00003,2026-06-17,18428.04,USD,subscription,APAC,REP012
RV0000103,BK000007,ACC00003,2026-07-17,18428.04,USD,subscription,APAC,REP012
RV0000104,BK000007,ACC00003,2026-08-17,18428.04,USD,subscription,APAC,REP012
RV0000105,BK000007,ACC00003,2026-09-17,18428.04,USD,subscription,APAC,REP012
RV0000106,BK000007,ACC00003,2026-10-17,18428.04,USD,subscription,APAC,REP012
RV0000107,BK000007,ACC00003,2026-11-17,18428.04,USD,subscription,APAC,REP012
RV0000108,BK000007,ACC00003,2026-12-17,18428.04,USD,subscription,APAC,REP012
RV0000109,BK000007,ACC00003,2027-01-17,18428.04,USD,subscription,APAC,REP012
RV0000110,BK000007,ACC00003,2027-02-17,18428.09,USD,subscription,APAC,REP012
RV0000111,BK000008,ACC00003,2026-08-06,74430.90,USD,perpetual,APAC,REP012
RV0000112,BK000009,ACC00004,2026-01-26,188034.34,USD,perpetual,EMEA,REP004
RV0000113,BK000010,ACC00004,2026-03-04,154163.17,USD,perpetual,EMEA,REP004
RV0000114,BK000011,ACC00004,2026-08-26,6250.05,USD,subscription,EMEA,REP004
RV0000115,BK000011,ACC00004,2026-09-26,6250.05,USD,subscription,EMEA,REP004
RV0000116,BK000011,ACC00004,2026-10-26,6250.05,USD,subscription,EMEA,REP004
RV0000117,BK000011,ACC00004,2026-11-26,6250.05,USD,subscription,EMEA,REP004
RV0000118,BK000011,ACC00004,2026-12-26,6250.05,USD,subscription,EMEA,REP004
RV0000119,BK000011,ACC00004,2027-01-26,6250.05,USD,subscription,EMEA,REP004
RV0000120,BK000011,ACC00004,2027-02-26,6250.05,USD,subscription,EMEA,REP004
RV0000121,BK000011,ACC00004,2027-03-26,6250.05,USD,subscription,EMEA,REP004
RV0000122,BK000011,ACC00004,2027-04-26,6250.05,USD,subscription,EMEA,REP004
RV0000123,BK000011,ACC00004,2027-05-26,6250.05,USD,subscription,EMEA,REP004
RV0000124,BK000011,ACC00004,2027-06-26,6250.05,USD,subscription,EMEA,REP004
RV0000125,BK000011,ACC00004,2027-07-26,6250.05,USD,subscription,EMEA,REP004
RV0000126,BK000011,ACC00004,2027-08-26,6250.05,USD,subscription,EMEA,REP004
RV0000127,BK000011,ACC00004,2027-09-26,6250.05,USD,subscription,EMEA,REP004
RV0000128,BK000011,ACC00004,2027-10-26,6250.05,USD,subscription,EMEA,REP004
RV0000129,BK000011,ACC00004,2027-11-26,6250.05,USD,subscription,EMEA,REP004
RV0000130,BK000011,ACC00004,2027-12-26,6250.05,USD,subscription,EMEA,REP004
RV0000131,BK000011,ACC00004,2028-01-26,6250.05,USD,subscription,EMEA,REP004
RV0000132,BK000011,ACC00004,2028-02-26,6250.05,USD,subscription,EMEA,REP004
RV0000133,BK000011,ACC00004,2028-03-26,6250.05,USD,subscription,EMEA,REP004
RV0000134,BK000011,ACC00004,2028-04-26,6250.05,USD,subscription,EMEA,REP004
RV0000135,BK000011,ACC00004,2028-05-26,6250.05,USD,subscription,EMEA,REP004
RV0000136,BK000011,ACC00004,2028-06-26,6250.05,USD,subscription,EMEA,REP004
RV0000137,BK000011,ACC00004,2028-07-26,6250.05,USD,subscription,EMEA,REP004
RV0000138,BK000011,ACC00004,2028-08-26,6250.05,USD,subscription,EMEA,REP004
RV0000139,BK000011,ACC00004,2028-09-26,6250.05,USD,subscription,EMEA,REP004
RV0000140,BK000011,ACC00004,2028-10-26,6250.05,USD,subscription,EMEA,REP004
RV0000141,BK000011,ACC00004,2028-11-26,6250.05,USD,subscription,EMEA,REP004
RV0000142,BK000011,ACC00004,2028-12-26,6250.05,USD,subscription,EMEA,REP004
RV0000143,BK000011,ACC00004,2029-01-26,6250.05,USD,subscription,EMEA,REP004
RV0000144,BK000011,ACC00004,2029-02-26,6250.05,USD,subscription,EMEA,REP004
RV0000145,BK000011,ACC00004,2029-03-26,6250.05,USD,subscription,EMEA,REP004
RV0000146,BK000011,ACC00004,2029-04-26,6250.05,USD,subscription,EMEA,REP004
RV0000147,BK000011,ACC00004,2029-05-26,6250.05,USD,subscription,EMEA,REP004
RV0000148,BK000011,ACC00004,2029-06-26,6250.05,USD,subscription,EMEA,REP004
RV0000149,BK000011,ACC00004,2029-07-26,6250.16,USD,subscription,EMEA,REP004
RV0000150,BK000012,ACC00004,2026-06-12,4152.86,USD,subscription,EMEA,REP004
RV0000151,BK000012,ACC00004,2026-07-12,4152.86,USD,subscription,EMEA,REP004
RV0000152,BK000012,ACC00004,2026-08-12,4152.86,USD,subscription,EMEA,REP004
RV0000153,BK000012,ACC00004,2026-09-12,4152.86,USD,subscription,EMEA,REP004
RV0000154,BK000012,ACC00004,2026-10-12,4152.86,USD,subscription,EMEA,REP004
RV0000155,BK000012,ACC00004,2026-11-12,4152.86,USD,subscription,EMEA,REP004
RV0000156,BK000012,ACC00004,2026-12-12,4152.86,USD,subscription,EMEA,REP004
RV0000157,BK000012,ACC00004,2027-01-12,4152.86,USD,subscription,EMEA,REP004
RV0000158,BK000012,ACC00004,2027-02-12,4152.86,USD,subscription,EMEA,REP004
RV0000159,BK000012,ACC00004,2027-03-12,4152.86,USD,subscription,EMEA,REP004
RV0000160,BK000012,ACC00004,2027-04-12,4152.86,USD,subscription,EMEA,REP004
RV0000161,BK000012,ACC00004,2027-05-12,4152.86,USD,subscription,EMEA,REP004
RV0000162,BK000012,ACC00004,2027-06-12,4152.86,USD,subscription,EMEA,REP004
RV0000163,BK000012,ACC00004,2027-07-12,4152.86,USD,subscription,EMEA,REP004
RV0000164,BK000012,ACC00004,2027-08-12,4152.86,USD,subscription,EMEA,REP004
RV0000165,BK000012,ACC00004,2027-09-12,4152.86,USD,subscription,EMEA,REP004
RV0000166,BK000012,ACC00004,2027-10-12,4152.86,USD,subscription,EMEA,REP004
RV0000167,BK000012,ACC00004,2027-11-12,4152.86,USD,subscription,EMEA,REP004
RV0000168,BK000012,ACC00004,2027-12-12,4152.86,USD,subscription,EMEA,REP004
RV0000169,BK000012,ACC00004,2028-01-12,4152.86,USD,subscription,EMEA,REP004
RV0000170,BK000012,ACC00004,2028-02-12,4152.86,USD,subscription,EMEA,REP004
RV0000171,BK000012,ACC00004,2028-03-12,4152.86,USD,subscription,EMEA,REP004
RV0000172,BK000012,ACC00004,2028-04-12,4152.86,USD,subscription,EMEA,REP004
RV0000173,BK000012,ACC00004,2028-05-12,4152.86,USD,subscription,EMEA,REP004
RV0000174,BK000012,ACC00004,2028-06-12,4152.86,USD,subscription,EMEA,REP004
RV0000175,BK000012,ACC00004,2028-07-12,4152.86,USD,subscription,EMEA,REP004
RV0000176,BK000012,ACC00004,2028-08-12,4152.86,USD,subscription,EMEA,REP004
RV0000177,BK000012,ACC00004,2028-09-12,4152.86,USD,subscription,EMEA,REP004
RV0000178,BK000012,ACC00004,2028-10-12,4152.86,USD,subscription,EMEA,REP004
RV0000179,BK000012,ACC00004,2028-11-12,4152.86,USD,subscription,EMEA,REP004
RV0000180,BK000012,ACC00004,2028-12-12,4152.86,USD,subscription,EMEA,REP004
RV0000181,BK000012,ACC00004,2029-01-12,4152.86,USD,subscription,EMEA,REP004
RV0000182,BK000012,ACC00004,2029-02-12,4152.86,USD,subscription,EMEA,REP004
RV0000183,BK000012,ACC00004,2029-03-12,4152.86,USD,subscription,EMEA,REP004
RV0000184,BK000012,ACC00004,2029-04-12,4152.86,USD,subscription,EMEA,REP004
RV0000185,BK000012,ACC00004,2029-05-12,4152.89,USD,subscription,EMEA,REP004
RV0000186,BK000013,ACC00005,2026-08-17,2266.85,USD,subscription,APAC,REP006
RV0000187,BK000013,ACC00005,2026-09-17,2266.85,USD,subscription,APAC,REP006
RV0000188,BK000013,ACC00005,2026-10-17,2266.85,USD,subscription,APAC,REP006
RV0000189,BK000013,ACC00005,2026-11-17,2266.85,USD,subscription,APAC,REP006
RV0000190,BK000013,ACC00005,2026-12-17,2266.85,USD,subscription,APAC,REP006
RV0000191,BK000013,ACC00005,2027-01-17,2266.85,USD,subscription,APAC,REP006
RV0000192,BK000013,ACC00005,2027-02-17,2266.85,USD,subscription,APAC,REP006
RV0000193,BK000013,ACC00005,2027-03-17,2266.85,USD,subscription,APAC,REP006
RV0000194,BK000013,ACC00005,2027-04-17,2266.85,USD,subscription,APAC,REP006
RV0000195,BK000013,ACC00005,2027-05-17,2266.85,USD,subscription,APAC,REP006
RV0000196,BK000013,ACC00005,2027-06-17,2266.85,USD,subscription,APAC,REP006
RV0000197,BK000013,ACC00005,2027-07-17,2266.85,USD,subscription,APAC,REP006
RV0000198,BK000013,ACC00005,2027-08-17,2266.85,USD,subscription,APAC,REP006
RV0000199,BK000013,ACC00005,2027-09-17,2266.85,USD,subscription,APAC,REP006
RV0000200,BK000013,ACC00005,2027-10-17,2266.85,USD,subscription,APAC,REP006
RV0000201,BK000013,ACC00005,2027-11-17,2266.85,USD,subscription,APAC,REP006
RV0000202,BK000013,ACC00005,2027-12-17,2266.85,USD,subscription,APAC,REP006
RV0000203,BK000013,ACC00005,2028-01-17,2266.85,USD,subscription,APAC,REP006
RV0000204,BK000013,ACC00005,2028-02-17,2266.85,USD,subscription,APAC,REP006
RV0000205,BK000013,ACC00005,2028-03-17,2266.85,USD,subscription,APAC,REP006
RV0000206,BK000013,ACC00005,2028-04-17,2266.85,USD,subscription,APAC,REP006
RV0000207,BK000013,ACC00005,2028-05-17,2266.85,USD,subscription,APAC,REP006
RV0000208,BK000013,ACC00005,2028-06-17,2266.85,USD,subscription,APAC,REP006
RV0000209,BK000013,ACC00005,2028-07-17,2266.98,USD,subscription,APAC,REP006
RV0000210,BK000014,ACC00005,2026-08-19,2443.61,USD,subscription,APAC,REP006
RV0000211,BK000014,ACC00005,2026-09-19,2443.61,USD,subscription,APAC,REP006
RV0000212,BK000014,ACC00005,2026-10-19,2443.61,USD,subscription,APAC,REP006
RV0000213,BK000014,ACC00005,2026-11-19,2443.61,USD,subscription,APAC,REP006
RV0000214,BK000014,ACC00005,2026-12-19,2443.61,USD,subscription,APAC,REP006
RV0000215,BK000014,ACC00005,2027-01-19,2443.61,USD,subscription,APAC,REP006
RV0000216,BK000014,ACC00005,2027-02-19,2443.61,USD,subscription,APAC,REP006
RV0000217,BK000014,ACC00005,2027-03-19,2443.61,USD,subscription,APAC,REP006
RV0000218,BK000014,ACC00005,2027-04-19,2443.61,USD,subscription,APAC,REP006
RV0000219,BK000014,ACC00005,2027-05-19,2443.61,USD,subscription,APAC,REP006
RV0000220,BK000014,ACC00005,2027-06-19,2443.61,USD,subscription,APAC,REP006
RV0000221,BK000014,ACC00005,2027-07-19,2443.61,USD,subscription,APAC,REP006
RV0000222,BK000014,ACC00005,2027-08-19,2443.61,USD,subscription,APAC,REP006
RV0000223,BK000014,ACC00005,2027-09-19,2443.61,USD,subscription,APAC,REP006
RV0000224,BK000014,ACC00005,2027-10-19,2443.61,USD,subscription,APAC,REP006
RV0000225,BK000014,ACC00005,2027-11-19,2443.61,USD,subscription,APAC,REP006
RV0000226,BK000014,ACC00005,2027-12-19,2443.61,USD,subscription,APAC,REP006
RV0000227,BK000014,ACC00005,2028-01-19,2443.61,USD,subscription,APAC,REP006
RV0000228,BK000014,ACC00005,2028-02-19,2443.61,USD,subscription,APAC,REP006
RV0000229,BK000014,ACC00005,2028-03-19,2443.61,USD,subscription,APAC,REP006
RV0000230,BK000014,ACC00005,2028-04-19,2443.61,USD,subscription,APAC,REP006
RV0000231,BK000014,ACC00005,2028-05-19,2443.61,USD,subscription,APAC,REP006
RV0000232,BK000014,ACC00005,2028-06-19,2443.61,USD,subscription,APAC,REP006
RV0000233,BK000014,ACC00005,2028-07-19,2443.61,USD,subscription,APAC,REP006
RV0000234,BK000014,ACC00005,2028-08-19,2443.61,USD,subscription,APAC,REP006
RV0000235,BK000014,ACC00005,2028-09-19,2443.61,USD,subscription,APAC,REP006
RV0000236,BK000014,ACC00005,2028-10-19,2443.61,USD,subscription,APAC,REP006
RV0000237,BK000014,ACC00005,2028-11-19,2443.61,USD,subscription,APAC,REP006
RV0000238,BK000014,ACC00005,2028-12-19,2443.61,USD,subscription,APAC,REP006
RV0000239,BK000014,ACC00005,2029-01-19,2443.61,USD,subscription,APAC,REP006
RV0000240,BK000014,ACC00005,2029-02-19,2443.61,USD,subscription,APAC,REP006
RV0000241,BK000014,ACC00005,2029-03-19,2443.61,USD,subscription,APAC,REP006
RV0000242,BK000014,ACC00005,2029-04-19,2443.61,USD,subscription,APAC,REP006
RV0000243,BK000014,ACC00005,2029-05-19,2443.61,USD,subscription,APAC,REP006
RV0000244,BK000014,ACC00005,2029-06-19,2443.61,USD,subscription,APAC,REP006
RV0000245,BK000014,ACC00005,2029-07-19,2443.90,USD,subscription,APAC,REP006
RV0000246,BK000015,ACC00005,2026-05-22,14659.93,USD,subscription,APAC,REP006
RV0000247,BK000015,ACC00005,2026-06-22,14659.93,USD,subscription,APAC,REP006
RV0000248,BK000015,ACC00005,2026-07-22,14659.93,USD,subscription,APAC,REP006
RV0000249,BK000015,ACC00005,2026-08-22,14659.93,USD,subscription,APAC,REP006
RV0000250,BK000015,ACC00005,2026-09-22,14659.93,USD,subscription,APAC,REP006
RV0000251,BK000015,ACC00005,2026-10-22,14659.93,USD,subscription,APAC,REP006
RV0000252,BK000015,ACC00005,2026-11-22,14659.93,USD,subscription,APAC,REP006
RV0000253,BK000015,ACC00005,2026-12-22,14659.93,USD,subscription,APAC,REP006
RV0000254,BK000015,ACC00005,2027-01-22,14659.93,USD,subscription,APAC,REP006
RV0000255,BK000015,ACC00005,2027-02-22,14659.93,USD,subscription,APAC,REP006
RV0000256,BK000015,ACC00005,2027-03-22,14659.93,USD,subscription,APAC,REP006
RV0000257,BK000015,ACC00005,2027-04-22,14659.96,USD,subscription,APAC,REP006
RV0000258,BK000016,ACC00005,2026-05-21,148596.75,USD,perpetual,APAC,REP006
RV0000259,BK000017,ACC00006,2026-05-01,92172.46,USD,perpetual,APAC,REP006
RV0000260,BK000018,ACC00006,2026-02-11,47430.63,USD,perpetual,APAC,REP006
RV0000261,BK000019,ACC00006,2026-07-16,233850.91,USD,perpetual,APAC,REP006
RV0000262,BK000020,ACC00007,2026-02-02,3894.62,USD,subscription,APAC,REP003
RV0000263,BK000020,ACC00007,2026-03-02,3894.62,USD,subscription,APAC,REP003
RV0000264,BK000020,ACC00007,2026-04-02,3894.62,USD,subscription,APAC,REP003
RV0000265,BK000020,ACC00007,2026-05-02,3894.62,USD,subscription,APAC,REP003
RV0000266,BK000020,ACC00007,2026-06-02,3894.62,USD,subscription,APAC,REP003
RV0000267,BK000020,ACC00007,2026-07-02,3894.62,USD,subscription,APAC,REP003
RV0000268,BK000020,ACC00007,2026-08-02,3894.62,USD,subscription,APAC,REP003
RV0000269,BK000020,ACC00007,2026-09-02,3894.62,USD,subscription,APAC,REP003
RV0000270,BK000020,ACC00007,2026-10-02,3894.62,USD,subscription,APAC,REP003
RV0000271,BK000020,ACC00007,2026-11-02,3894.62,USD,subscription,APAC,REP003
RV0000272,BK000020,ACC00007,2026-12-02,3894.62,USD,subscription,APAC,REP003
RV0000273,BK000020,ACC00007,2027-01-02,3894.62,USD,subscription,APAC,REP003
RV0000274,BK000020,ACC00007,2027-02-02,3894.62,USD,subscription,APAC,REP003
RV0000275,BK000020,ACC00007,2027-03-02,3894.62,USD,subscription,APAC,REP003
RV0000276,BK000020,ACC00007,2027-04-02,3894.62,USD,subscription,APAC,REP003
RV0000277,BK000020,ACC00007,2027-05-02,3894.62,USD,subscription,APAC,REP003
RV0000278,BK000020,ACC00007,2027-06-02,3894.62,USD,subscription,APAC,REP003
RV0000279,BK000020,ACC00007,2027-07-02,3894.62,USD,subscription,APAC,REP003
RV0000280,BK000020,ACC00007,2027-08-02,3894.62,USD,subscription,APAC,REP003
RV0000281,BK000020,ACC00007,2027-09-02,3894.62,USD,subscription,APAC,REP003
RV0000282,BK000020,ACC00007,2027-10-02,3894.62,USD,subscription,APAC,REP003
RV0000283,BK000020,ACC00007,2027-11-02,3894.62,USD,subscription,APAC,REP003
RV0000284,BK000020,ACC00007,2027-12-02,3894.62,USD,subscription,APAC,REP003
RV0000285,BK000020,ACC00007,2028-01-02,3894.62,USD,subscription,APAC,REP003
RV0000286,BK000020,ACC00007,2028-02-02,3894.62,USD,subscription,APAC,REP003
RV0000287,BK000020,ACC00007,2028-03-02,3894.62,USD,subscription,APAC,REP003
RV0000288,BK000020,ACC00007,2028-04-02,3894.62,USD,subscription,APAC,REP003
RV0000289,BK000020,ACC00007,2028-05-02,3894.62,USD,subscription,APAC,REP003
RV0000290,BK000020,ACC00007,2028-06-02,3894.62,USD,subscription,APAC,REP003
RV0000291,BK000020,ACC00007,2028-07-02,3894.62,USD,subscription,APAC,REP003
RV0000292,BK000020,ACC00007,2028-08-02,3894.62,USD,subscription,APAC,REP003
RV0000293,BK000020,ACC00007,2028-09-02,3894.62,USD,subscription,APAC,REP003
RV0000294,BK000020,ACC00007,2028-10-02,3894.62,USD,subscription,APAC,REP003
RV0000295,BK000020,ACC00007,2028-11-02,3894.62,USD,subscription,APAC,REP003
RV0000296,BK000020,ACC00007,2028-12-02,3894.62,USD,subscription,APAC,REP003
RV0000297,BK000020,ACC00007,2029-01-02,3894.86,USD,subscription,APAC,REP003
RV0000298,BK000021,ACC00007,2026-08-27,140510.68,USD,perpetual,APAC,REP003
RV0000299,BK000022,ACC00008,2026-07-19,16415.37,USD,subscription,APAC,REP009
RV0000300,BK000022,ACC00008,2026-08-19,16415.37,USD,subscription,APAC,REP009
RV0000301,BK000022,ACC00008,2026-09-19,16415.37,USD,subscription,APAC,REP009
RV0000302,BK000022,ACC00008,2026-10-19,16415.37,USD,subscription,APAC,REP009
RV0000303,BK000022,ACC00008,2026-11-19,16415.37,USD,subscription,APAC,REP009
RV0000304,BK000022,ACC00008,2026-12-19,16415.37,USD,subscription,APAC,REP009
RV0000305,BK000022,ACC00008,2027-01-19,16415.37,USD,subscription,APAC,REP009
RV0000306,BK000022,ACC00008,2027-02-19,16415.37,USD,subscription,APAC,REP009
RV0000307,BK000022,ACC00008,2027-03-19,16415.37,USD,subscription,APAC,REP009
RV0000308,BK000022,ACC00008,2027-04-19,16415.37,USD,subscription,APAC,REP009
RV0000309,BK000022,ACC00008,2027-05-19,16415.37,USD,subscription,APAC,REP009
RV0000310,BK000022,ACC00008,2027-06-19,16415.45,USD,subscription,APAC,REP009
RV0000311,BK000024,ACC00008,2026-06-30,4216.57,USD,subscription,APAC,REP009
RV0000312,BK000024,ACC00008,2026-07-30,4216.57,USD,subscription,APAC,REP009
RV0000313,BK000024,ACC00008,2026-08-30,4216.57,USD,subscription,APAC,REP009
RV0000314,BK000024,ACC00008,2026-09-30,4216.57,USD,subscription,APAC,REP009
RV0000315,BK000024,ACC00008,2026-10-30,4216.57,USD,subscription,APAC,REP009
RV0000316,BK000024,ACC00008,2026-11-30,4216.57,USD,subscription,APAC,REP009
RV0000317,BK000024,ACC00008,2026-12-30,4216.57,USD,subscription,APAC,REP009
RV0000318,BK000024,ACC00008,2027-01-30,4216.57,USD,subscription,APAC,REP009
RV0000319,BK000024,ACC00008,2027-02-28,4216.57,USD,subscription,APAC,REP009
RV0000320,BK000024,ACC00008,2027-03-30,4216.57,USD,subscription,APAC,REP009
RV0000321,BK000024,ACC00008,2027-04-30,4216.57,USD,subscription,APAC,REP009
RV0000322,BK000024,ACC00008,2027-05-30,4216.57,USD,subscription,APAC,REP009
RV0000323,BK000024,ACC00008,2027-06-30,4216.57,USD,subscription,APAC,REP009
RV0000324,BK000024,ACC00008,2027-07-30,4216.57,USD,subscription,APAC,REP009
RV0000325,BK000024,ACC00008,2027-08-30,4216.57,USD,subscription,APAC,REP009
RV0000326,BK000024,ACC00008,2027-09-30,4216.57,USD,subscription,APAC,REP009
RV0000327,BK000024,ACC00008,2027-10-30,4216.57,USD,subscription,APAC,REP009
RV0000328,BK000024,ACC00008,2027-11-30,4216.57,USD,subscription,APAC,REP009
RV0000329,BK000024,ACC00008,2027-12-30,4216.57,USD,subscription,APAC,REP009
RV0000330,BK000024,ACC00008,2028-01-30,4216.57,USD,subscription,APAC,REP009
RV0000331,BK000024,ACC00008,2028-02-29,4216.57,USD,subscription,APAC,REP009
RV0000332,BK000024,ACC00008,2028-03-30,4216.57,USD,subscription,APAC,REP009
RV0000333,BK000024,ACC00008,2028-04-30,4216.57,USD,subscription,APAC,REP009
RV0000334,BK000024,ACC00008,2028-05-30,4216.66,USD,subscription,APAC,REP009
RV0000335,BK000025,ACC00008,2026-04-23,164822.62,USD,perpetual,APAC,REP009
RV0000336,BK000026,ACC00009,2026-09-06,10739.11,USD,perpetual,EMEA,REP007
RV0000337,BK000027,ACC00009,2026-07-27,243994.94,USD,perpetual,EMEA,REP007
RV0000338,BK000028,ACC00009,2026-08-28,1217.35,USD,subscription,EMEA,REP007
RV0000339,BK000028,ACC00009,2026-09-28,1217.35,USD,subscription,EMEA,REP007
RV0000340,BK000028,ACC00009,2026-10-28,1217.35,USD,subscription,EMEA,REP007
RV0000341,BK000028,ACC00009,2026-11-28,1217.35,USD,subscription,EMEA,REP007
RV0000342,BK000028,ACC00009,2026-12-28,1217.35,USD,subscription,EMEA,REP007
RV0000343,BK000028,ACC00009,2027-01-28,1217.35,USD,subscription,EMEA,REP007
RV0000344,BK000028,ACC00009,2027-02-28,1217.35,USD,subscription,EMEA,REP007
RV0000345,BK000028,ACC00009,2027-03-28,1217.35,USD,subscription,EMEA,REP007
RV0000346,BK000028,ACC00009,2027-04-28,1217.35,USD,subscription,EMEA,REP007
RV0000347,BK000028,ACC00009,2027-05-28,1217.35,USD,subscription,EMEA,REP007
RV0000348,BK000028,ACC00009,2027-06-28,1217.35,USD,subscription,EMEA,REP007
RV0000349,BK000028,ACC00009,2027-07-28,1217.35,USD,subscription,EMEA,REP007
RV0000350,BK000028,ACC00009,2027-08-28,1217.35,USD,subscription,EMEA,REP007
RV0000351,BK000028,ACC00009,2027-09-28,1217.35,USD,subscription,EMEA,REP007
RV0000352,BK000028,ACC00009,2027-10-28,1217.35,USD,subscription,EMEA,REP007
RV0000353,BK000028,ACC00009,2027-11-28,1217.35,USD,subscription,EMEA,REP007
RV0000354,BK000028,ACC00009,2027-12-28,1217.35,USD,subscription,EMEA,REP007
RV0000355,BK000028,ACC00009,2028-01-28,1217.35,USD,subscription,EMEA,REP007
RV0000356,BK000028,ACC00009,2028-02-28,1217.35,USD,subscription,EMEA,REP007
RV0000357,BK000028,ACC00009,2028-03-28,1217.35,USD,subscription,EMEA,REP007
RV0000358,BK000028,ACC00009,2028-04-28,1217.35,USD,subscription,EMEA,REP007
RV0000359,BK000028,ACC00009,2028-05-28,1217.35,USD,subscription,EMEA,REP007
RV0000360,BK000028,ACC00009,2028-06-28,1217.35,USD,subscription,EMEA,REP007
RV0000361,BK000028,ACC00009,2028-07-28,1217.35,USD,subscription,EMEA,REP007
RV0000362,BK000028,ACC00009,2028-08-28,1217.35,USD,subscription,EMEA,REP007
RV0000363,BK000028,ACC00009,2028-09-28,1217.35,USD,subscription,EMEA,REP007
RV0000364,BK000028,ACC00009,2028-10-28,1217.35,USD,subscription,EMEA,REP007
RV0000365,BK000028,ACC00009,2028-11-28,1217.35,USD,subscription,EMEA,REP007
RV0000366,BK000028,ACC00009,2028-12-28,1217.35,USD,subscription,EMEA,REP007
RV0000367,BK000028,ACC00009,2029-01-28,1217.35,USD,subscription,EMEA,REP007
RV0000368,BK000028,ACC00009,2029-02-28,1217.35,USD,subscription,EMEA,REP007
RV0000369,BK000028,ACC00009,2029-03-28,1217.35,USD,subscription,EMEA,REP007
RV0000370,BK000028,ACC00009,2029-04-28,1217.35,USD,subscription,EMEA,REP007
RV0000371,BK000028,ACC00009,2029-05-28,1217.35,USD,subscription,EMEA,REP007
RV0000372,BK000028,ACC00009,2029-06-28,1217.35,USD,subscription,EMEA,REP007
RV0000373,BK000028,ACC00009,2029-07-28,1217.53,USD,subscription,EMEA,REP007
RV0000374,BK000029,ACC00009,2026-01-14,3700.31,USD,subscription,EMEA,REP007
RV0000375,BK000029,ACC00009,2026-02-14,3700.31,USD,subscription,EMEA,REP007
RV0000376,BK000029,ACC00009,2026-03-14,3700.31,USD,subscription,EMEA,REP007
RV0000377,BK000029,ACC00009,2026-04-14,3700.31,USD,subscription,EMEA,REP007
RV0000378,BK000029,ACC00009,2026-05-14,3700.31,USD,subscription,EMEA,REP007
RV0000379,BK000029,ACC00009,2026-06-14,3700.31,USD,subscription,EMEA,REP007
RV0000380,BK000029,ACC00009,2026-07-14,3700.31,USD,subscription,EMEA,REP007
RV0000381,BK000029,ACC00009,2026-08-14,3700.31,USD,subscription,EMEA,REP007
RV0000382,BK000029,ACC00009,2026-09-14,3700.31,USD,subscription,EMEA,REP007
RV0000383,BK000029,ACC00009,2026-10-14,3700.31,USD,subscription,EMEA,REP007
RV0000384,BK000029,ACC00009,2026-11-14,3700.31,USD,subscription,EMEA,REP007
RV0000385,BK000029,ACC00009,2026-12-14,3700.31,USD,subscription,EMEA,REP007
RV0000386,BK000029,ACC00009,2027-01-14,3700.31,USD,subscription,EMEA,REP007
RV0000387,BK000029,ACC00009,2027-02-14,3700.31,USD,subscription,EMEA,REP007
RV0000388,BK000029,ACC00009,2027-03-14,3700.31,USD,subscription,EMEA,REP007
RV0000389,BK000029,ACC00009,2027-04-14,3700.31,USD,subscription,EMEA,REP007
RV0000390,BK000029,ACC00009,2027-05-14,3700.31,USD,subscription,EMEA,REP007
RV0000391,BK000029,ACC00009,2027-06-14,3700.31,USD,subscription,EMEA,REP007
RV0000392,BK000029,ACC00009,2027-07-14,3700.31,USD,subscription,EMEA,REP007
RV0000393,BK000029,ACC00009,2027-08-14,3700.31,USD,subscription,EMEA,REP007
RV0000394,BK000029,ACC00009,2027-09-14,3700.31,USD,subscription,EMEA,REP007
RV0000395,BK000029,ACC00009,2027-10-14,3700.31,USD,subscription,EMEA,REP007
RV0000396,BK000029,ACC00009,2027-11-14,3700.31,USD,subscription,EMEA,REP007
RV0000397,BK000029,ACC00009,2027-12-14,3700.31,USD,subscription,EMEA,REP007
RV0000398,BK000029,ACC00009,2028-01-14,3700.31,USD,subscription,EMEA,REP007
RV0000399,BK000029,ACC00009,2028-02-14,3700.31,USD,subscription,EMEA,REP007
RV0000400,BK000029,ACC00009,2028-03-14,3700.31,USD,subscription,EMEA,REP007
RV0000401,BK000029,ACC00009,2028-04-14,3700.31,USD,subscription,EMEA,REP007
RV0000402,BK000029,ACC00009,2028-05-14,3700.31,USD,subscription,EMEA,REP007
RV0000403,BK000029,ACC00009,2028-06-14,3700.31,USD,subscription,EMEA,REP007
RV0000404,BK000029,ACC00009,2028-07-14,3700.31,USD,subscription,EMEA,REP007
RV0000405,BK000029,ACC00009,2028-08-14,3700.31,USD,subscription,EMEA,REP007
RV0000406,BK000029,ACC00009,2028-09-14,3700.31,USD,subscription,EMEA,REP007
RV0000407,BK000029,ACC00009,2028-10-14,3700.31,USD,subscription,EMEA,REP007
RV0000408,BK000029,ACC00009,2028-11-14,3700.31,USD,subscription,EMEA,REP007
RV0000409,BK000029,ACC00009,2028-12-14,3700.40,USD,subscription,EMEA,REP007
RV0000410,BK000030,ACC00010,2026-02-12,9027.95,USD,subscription,EMEA,REP001
RV0000411,BK000030,ACC00010,2026-03-12,9027.95,USD,subscription,EMEA,REP001
RV0000412,BK000030,ACC00010,2026-04-12,9027.95,USD,subscription,EMEA,REP001
RV0000413,BK000030,ACC00010,2026-05-12,9027.95,USD,subscription,EMEA,REP001
RV0000414,BK000030,ACC00010,2026-06-12,9027.95,USD,subscription,EMEA,REP001
RV0000415,BK000030,ACC00010,2026-07-12,9027.95,USD,subscription,EMEA,REP001
RV0000416,BK000030,ACC00010,2026-08-12,9027.95,USD,subscription,EMEA,REP001
RV0000417,BK000030,ACC00010,2026-09-12,9027.95,USD,subscription,EMEA,REP001
RV0000418,BK000030,ACC00010,2026-10-12,9027.95,USD,subscription,EMEA,REP001
RV0000419,BK000030,ACC00010,2026-11-12,9027.95,USD,subscription,EMEA,REP001
RV0000420,BK000030,ACC00010,2026-12-12,9027.95,USD,subscription,EMEA,REP001
RV0000421,BK000030,ACC00010,2027-01-12,9027.95,USD,subscription,EMEA,REP001
RV0000422,BK000030,ACC00010,2027-02-12,9027.95,USD,subscription,EMEA,REP001
RV0000423,BK000030,ACC00010,2027-03-12,9027.95,USD,subscription,EMEA,REP001
RV0000424,BK000030,ACC00010,2027-04-12,9027.95,USD,subscription,EMEA,REP001
RV0000425,BK000030,ACC00010,2027-05-12,9027.95,USD,subscription,EMEA,REP001
RV0000426,BK000030,ACC00010,2027-06-12,9027.95,USD,subscription,EMEA,REP001
RV0000427,BK000030,ACC00010,2027-07-12,9027.95,USD,subscription,EMEA,REP001
RV0000428,BK000030,ACC00010,2027-08-12,9027.95,USD,subscription,EMEA,REP001
RV0000429,BK000030,ACC00010,2027-09-12,9027.95,USD,subscription,EMEA,REP001
RV0000430,BK000030,ACC00010,2027-10-12,9027.95,USD,subscription,EMEA,REP001
RV0000431,BK000030,ACC00010,2027-11-12,9027.95,USD,subscription,EMEA,REP001
RV0000432,BK000030,ACC00010,2027-12-12,9027.95,USD,subscription,EMEA,REP001
RV0000433,BK000030,ACC00010,2028-01-12,9028.14,USD,subscription,EMEA,REP001
RV0000434,BK000031,ACC00011,2026-01-26,88293.97,USD,perpetual,AMER,REP002
RV0000435,BK000032,ACC00011,2026-04-19,153571.77,USD,perpetual,AMER,REP002
RV0000436,BK000033,ACC00012,2026-05-23,142453.68,USD,perpetual,APAC,REP012
RV0000437,BK000034,ACC00012,2026-02-11,158808.78,USD,perpetual,APAC,REP012
RV0000438,BK000035,ACC00012,2026-01-27,118427.20,USD,perpetual,APAC,REP012
RV0000439,BK000036,ACC00012,2026-02-05,219692.57,USD,perpetual,APAC,REP012
RV0000440,BK000038,ACC00014,2026-05-03,3612.72,USD,subscription,EMEA,REP001
RV0000441,BK000038,ACC00014,2026-06-03,3612.72,USD,subscription,EMEA,REP001
RV0000442,BK000038,ACC00014,2026-07-03,3612.72,USD,subscription,EMEA,REP001
RV0000443,BK000038,ACC00014,2026-08-03,3612.72,USD,subscription,EMEA,REP001
RV0000444,BK000038,ACC00014,2026-09-03,3612.72,USD,subscription,EMEA,REP001
RV0000445,BK000038,ACC00014,2026-10-03,3612.72,USD,subscription,EMEA,REP001
RV0000446,BK000038,ACC00014,2026-11-03,3612.72,USD,subscription,EMEA,REP001
RV0000447,BK000038,ACC00014,2026-12-03,3612.72,USD,subscription,EMEA,REP001
RV0000448,BK000038,ACC00014,2027-01-03,3612.72,USD,subscription,EMEA,REP001
RV0000449,BK000038,ACC00014,2027-02-03,3612.72,USD,subscription,EMEA,REP001
RV0000450,BK000038,ACC00014,2027-03-03,3612.72,USD,subscription,EMEA,REP001
RV0000451,BK000038,ACC00014,2027-04-03,3612.81,USD,subscription,EMEA,REP001
RV0000452,BK000039,ACC00014,2026-04-22,6543.31,USD,subscription,EMEA,REP001
RV0000453,BK000039,ACC00014,2026-05-22,6543.31,USD,subscription,EMEA,REP001
RV0000454,BK000039,ACC00014,2026-06-22,6543.31,USD,subscription,EMEA,REP001
RV0000455,BK000039,ACC00014,2026-07-22,6543.31,USD,subscription,EMEA,REP001
RV0000456,BK000039,ACC00014,2026-08-22,6543.31,USD,subscription,EMEA,REP001
RV0000457,BK000039,ACC00014,2026-09-22,6543.31,USD,subscription,EMEA,REP001
RV0000458,BK000039,ACC00014,2026-10-22,6543.31,USD,subscription,EMEA,REP001
RV0000459,BK000039,ACC00014,2026-11-22,6543.31,USD,subscription,EMEA,REP001
RV0000460,BK000039,ACC00014,2026-12-22,6543.31,USD,subscription,EMEA,REP001
RV0000461,BK000039,ACC00014,2027-01-22,6543.31,USD,subscription,EMEA,REP001
RV0000462,BK000039,ACC00014,2027-02-22,6543.31,USD,subscription,EMEA,REP001
RV0000463,BK000039,ACC00014,2027-03-22,6543.31,USD,subscription,EMEA,REP001
RV0000464,BK000039,ACC00014,2027-04-22,6543.31,USD,subscription,EMEA,REP001
RV0000465,BK000039,ACC00014,2027-05-22,6543.31,USD,subscription,EMEA,REP001
RV0000466,BK000039,ACC00014,2027-06-22,6543.31,USD,subscription,EMEA,REP001
RV0000467,BK000039,ACC00014,2027-07-22,6543.31,USD,subscription,EMEA,REP001
RV0000468,BK000039,ACC00014,2027-08-22,6543.31,USD,subscription,EMEA,REP001
RV0000469,BK000039,ACC00014,2027-09-22,6543.31,USD,subscription,EMEA,REP001
RV0000470,BK000039,ACC00014,2027-10-22,6543.31,USD,subscription,EMEA,REP001
RV0000471,BK000039,ACC00014,2027-11-22,6543.31,USD,subscription,EMEA,REP001
RV0000472,BK000039,ACC00014,2027-12-22,6543.31,USD,subscription,EMEA,REP001
RV0000473,BK000039,ACC00014,2028-01-22,6543.31,USD,subscription,EMEA,REP001
RV0000474,BK000039,ACC00014,2028-02-22,6543.31,USD,subscription,EMEA,REP001
RV0000475,BK000039,ACC00014,2028-03-22,6543.38,USD,subscription,EMEA,REP001
RV0000476,BK000040,ACC00015,2026-02-28,4662.55,USD,subscription,EMEA,REP001
RV0000477,BK000040,ACC00015,2026-03-28,4662.55,USD,subscription,EMEA,REP001
RV0000478,BK000040,ACC00015,2026-04-28,4662.55,USD,subscription,EMEA,REP001
RV0000479,BK000040,ACC00015,2026-05-28,4662.55,USD,subscription,EMEA,REP001
RV0000480,BK000040,ACC00015,2026-06-28,4662.55,USD,subscription,EMEA,REP001
RV0000481,BK000040,ACC00015,2026-07-28,4662.55,USD,subscription,EMEA,REP001
RV0000482,BK000040,ACC00015,2026-08-28,4662.55,USD,subscription,EMEA,REP001
RV0000483,BK000040,ACC00015,2026-09-28,4662.55,USD,subscription,EMEA,REP001
RV0000484,BK000040,ACC00015,2026-10-28,4662.55,USD,subscription,EMEA,REP001
RV0000485,BK000040,ACC00015,2026-11-28,4662.55,USD,subscription,EMEA,REP001
RV0000486,BK000040,ACC00015,2026-12-28,4662.55,USD,subscription,EMEA,REP001
RV0000487,BK000040,ACC00015,2027-01-28,4662.63,USD,subscription,EMEA,REP001
RV0000488,BK000041,ACC00015,2026-01-14,4403.14,USD,subscription,EMEA,REP001
RV0000489,BK000041,ACC00015,2026-02-14,4403.14,USD,subscription,EMEA,REP001
RV0000490,BK000041,ACC00015,2026-03-14,4403.14,USD,subscription,EMEA,REP001
RV0000491,BK000041,ACC00015,2026-04-14,4403.14,USD,subscription,EMEA,REP001
RV0000492,BK000041,ACC00015,2026-05-14,4403.14,USD,subscription,EMEA,REP001
RV0000493,BK000041,ACC00015,2026-06-14,4403.14,USD,subscription,EMEA,REP001
RV0000494,BK000041,ACC00015,2026-07-14,4403.14,USD,subscription,EMEA,REP001
RV0000495,BK000041,ACC00015,2026-08-14,4403.14,USD,subscription,EMEA,REP001
RV0000496,BK000041,ACC00015,2026-09-14,4403.14,USD,subscription,EMEA,REP001
RV0000497,BK000041,ACC00015,2026-10-14,4403.14,USD,subscription,EMEA,REP001
RV0000498,BK000041,ACC00015,2026-11-14,4403.14,USD,subscription,EMEA,REP001
RV0000499,BK000041,ACC00015,2026-12-14,4403.14,USD,subscription,EMEA,REP001
RV0000500,BK000041,ACC00015,2027-01-14,4403.14,USD,subscription,EMEA,REP001
RV0000501,BK000041,ACC00015,2027-02-14,4403.14,USD,subscription,EMEA,REP001
RV0000502,BK000041,ACC00015,2027-03-14,4403.14,USD,subscription,EMEA,REP001
RV0000503,BK000041,ACC00015,2027-04-14,4403.14,USD,subscription,EMEA,REP001
RV0000504,BK000041,ACC00015,2027-05-14,4403.14,USD,subscription,EMEA,REP001
RV0000505,BK000041,ACC00015,2027-06-14,4403.14,USD,subscription,EMEA,REP001
RV0000506,BK000041,ACC00015,2027-07-14,4403.14,USD,subscription,EMEA,REP001
RV0000507,BK000041,ACC00015,2027-08-14,4403.14,USD,subscription,EMEA,REP001
RV0000508,BK000041,ACC00015,2027-09-14,4403.14,USD,subscription,EMEA,REP001
RV0000509,BK000041,ACC00015,2027-10-14,4403.14,USD,subscription,EMEA,REP001
RV0000510,BK000041,ACC00015,2027-11-14,4403.14,USD,subscription,EMEA,REP001
RV0000511,BK000041,ACC00015,2027-12-14,4403.26,USD,subscription,EMEA,REP001
RV0000512,BK000042,ACC00016,2026-04-12,736.11,USD,subscription,EMEA,REP007
RV0000513,BK000042,ACC00016,2026-05-12,736.11,USD,subscription,EMEA,REP007
RV0000514,BK000042,ACC00016,2026-06-12,736.11,USD,subscription,EMEA,REP007
RV0000515,BK000042,ACC00016,2026-07-12,736.11,USD,subscription,EMEA,REP007
RV0000516,BK000042,ACC00016,2026-08-12,736.11,USD,subscription,EMEA,REP007
RV0000517,BK000042,ACC00016,2026-09-12,736.11,USD,subscription,EMEA,REP007
RV0000518,BK000042,ACC00016,2026-10-12,736.11,USD,subscription,EMEA,REP007
RV0000519,BK000042,ACC00016,2026-11-12,736.11,USD,subscription,EMEA,REP007
RV0000520,BK000042,ACC00016,2026-12-12,736.11,USD,subscription,EMEA,REP007
RV0000521,BK000042,ACC00016,2027-01-12,736.11,USD,subscription,EMEA,REP007
RV0000522,BK000042,ACC00016,2027-02-12,736.11,USD,subscription,EMEA,REP007
RV0000523,BK000042,ACC00016,2027-03-12,736.11,USD,subscription,EMEA,REP007
RV0000524,BK000042,ACC00016,2027-04-12,736.11,USD,subscription,EMEA,REP007
RV0000525,BK000042,ACC00016,2027-05-12,736.11,USD,subscription,EMEA,REP007
RV0000526,BK000042,ACC00016,2027-06-12,736.11,USD,subscription,EMEA,REP007
RV0000527,BK000042,ACC00016,2027-07-12,736.11,USD,subscription,EMEA,REP007
RV0000528,BK000042,ACC00016,2027-08-12,736.11,USD,subscription,EMEA,REP007
RV0000529,BK000042,ACC00016,2027-09-12,736.11,USD,subscription,EMEA,REP007
RV0000530,BK000042,ACC00016,2027-10-12,736.11,USD,subscription,EMEA,REP007
RV0000531,BK000042,ACC00016,2027-11-12,736.11,USD,subscription,EMEA,REP007
RV0000532,BK000042,ACC00016,2027-12-12,736.11,USD,subscription,EMEA,REP007
RV0000533,BK000042,ACC00016,2028-01-12,736.11,USD,subscription,EMEA,REP007
RV0000534,BK000042,ACC00016,2028-02-12,736.11,USD,subscription,EMEA,REP007
RV0000535,BK000042,ACC00016,2028-03-12,736.11,USD,subscription,EMEA,REP007
RV0000536,BK000042,ACC00016,2028-04-12,736.11,USD,subscription,EMEA,REP007
RV0000537,BK000042,ACC00016,2028-05-12,736.11,USD,subscription,EMEA,REP007
RV0000538,BK000042,ACC00016,2028-06-12,736.11,USD,subscription,EMEA,REP007
RV0000539,BK000042,ACC00016,2028-07-12,736.11,USD,subscription,EMEA,REP007
RV0000540,BK000042,ACC00016,2028-08-12,736.11,USD,subscription,EMEA,REP007
RV0000541,BK000042,ACC00016,2028-09-12,736.11,USD,subscription,EMEA,REP007
RV0000542,BK000042,ACC00016,2028-10-12,736.11,USD,subscription,EMEA,REP007
RV0000543,BK000042,ACC00016,2028-11-12,736.11,USD,subscription,EMEA,REP007
RV0000544,BK000042,ACC00016,2028-12-12,736.11,USD,subscription,EMEA,REP007
RV0000545,BK000042,ACC00016,2029-01-12,736.11,USD,subscription,EMEA,REP007
RV0000546,BK000042,ACC00016,2029-02-12,736.11,USD,subscription,EMEA,REP007
RV0000547,BK000042,ACC00016,2029-03-12,736.33,USD,subscription,EMEA,REP007
RV0000548,BK000043,ACC00016,2026-05-05,1466.35,USD,subscription,EMEA,REP007
RV0000549,BK000043,ACC00016,2026-06-05,1466.35,USD,subscription,EMEA,REP007
RV0000550,BK000043,ACC00016,2026-07-05,1466.35,USD,subscription,EMEA,REP007
RV0000551,BK000043,ACC00016,2026-08-05,1466.35,USD,subscription,EMEA,REP007
RV0000552,BK000043,ACC00016,2026-09-05,1466.35,USD,subscription,EMEA,REP007
RV0000553,BK000043,ACC00016,2026-10-05,1466.35,USD,subscription,EMEA,REP007
RV0000554,BK000043,ACC00016,2026-11-05,1466.35,USD,subscription,EMEA,REP007
RV0000555,BK000043,ACC00016,2026-12-05,1466.35,USD,subscription,EMEA,REP007
RV0000556,BK000043,ACC00016,2027-01-05,1466.35,USD,subscription,EMEA,REP007
RV0000557,BK000043,ACC00016,2027-02-05,1466.35,USD,subscription,EMEA,REP007
RV0000558,BK000043,ACC00016,2027-03-05,1466.35,USD,subscription,EMEA,REP007
RV0000559,BK000043,ACC00016,2027-04-05,1466.35,USD,subscription,EMEA,REP007
RV0000560,BK000043,ACC00016,2027-05-05,1466.35,USD,subscription,EMEA,REP007
RV0000561,BK000043,ACC00016,2027-06-05,1466.35,USD,subscription,EMEA,REP007
RV0000562,BK000043,ACC00016,2027-07-05,1466.35,USD,subscription,EMEA,REP007
RV0000563,BK000043,ACC00016,2027-08-05,1466.35,USD,subscription,EMEA,REP007
RV0000564,BK000043,ACC00016,2027-09-05,1466.35,USD,subscription,EMEA,REP007
RV0000565,BK000043,ACC00016,2027-10-05,1466.35,USD,subscription,EMEA,REP007
RV0000566,BK000043,ACC00016,2027-11-05,1466.35,USD,subscription,EMEA,REP007
RV0000567,BK000043,ACC00016,2027-12-05,1466.35,USD,subscription,EMEA,REP007
RV0000568,BK000043,ACC00016,2028-01-05,1466.35,USD,subscription,EMEA,REP007
RV0000569,BK000043,ACC00016,2028-02-05,1466.35,USD,subscription,EMEA,REP007
RV0000570,BK000043,ACC00016,2028-03-05,1466.35,USD,subscription,EMEA,REP007
RV0000571,BK000043,ACC00016,2028-04-05,1466.35,USD,subscription,EMEA,REP007
RV0000572,BK000044,ACC00016,2026-03-03,7953.97,USD,subscription,EMEA,REP007
RV0000573,BK000044,ACC00016,2026-04-03,7953.97,USD,subscription,EMEA,REP007
RV0000574,BK000044,ACC00016,2026-05-03,7953.97,USD,subscription,EMEA,REP007
RV0000575,BK000044,ACC00016,2026-06-03,7953.97,USD,subscription,EMEA,REP007
RV0000576,BK000044,ACC00016,2026-07-03,7953.97,USD,subscription,EMEA,REP007
RV0000577,BK000044,ACC00016,2026-08-03,7953.97,USD,subscription,EMEA,REP007
RV0000578,BK000044,ACC00016,2026-09-03,7953.97,USD,subscription,EMEA,REP007
RV0000579,BK000044,ACC00016,2026-10-03,7953.97,USD,subscription,EMEA,REP007
RV0000580,BK000044,ACC00016,2026-11-03,7953.97,USD,subscription,EMEA,REP007
RV0000581,BK000044,ACC00016,2026-12-03,7953.97,USD,subscription,EMEA,REP007
RV0000582,BK000044,ACC00016,2027-01-03,7953.97,USD,subscription,EMEA,REP007
RV0000583,BK000044,ACC00016,2027-02-03,7953.97,USD,subscription,EMEA,REP007
RV0000584,BK000044,ACC00016,2027-03-03,7953.97,USD,subscription,EMEA,REP007
RV0000585,BK000044,ACC00016,2027-04-03,7953.97,USD,subscription,EMEA,REP007
RV0000586,BK000044,ACC00016,2027-05-03,7953.97,USD,subscription,EMEA,REP007
RV0000587,BK000044,ACC00016,2027-06-03,7953.97,USD,subscription,EMEA,REP007
RV0000588,BK000044,ACC00016,2027-07-03,7953.97,USD,subscription,EMEA,REP007
RV0000589,BK000044,ACC00016,2027-08-03,7953.97,USD,subscription,EMEA,REP007
RV0000590,BK000044,ACC00016,2027-09-03,7953.97,USD,subscription,EMEA,REP007
RV0000591,BK000044,ACC00016,2027-10-03,7953.97,USD,subscription,EMEA,REP007
RV0000592,BK000044,ACC00016,2027-11-03,7953.97,USD,subscription,EMEA,REP007
RV0000593,BK000044,ACC00016,2027-12-03,7953.97,USD,subscription,EMEA,REP007
RV0000594,BK000044,ACC00016,2028-01-03,7953.97,USD,subscription,EMEA,REP007
RV0000595,BK000044,ACC00016,2028-02-03,7954.14,USD,subscription,EMEA,REP007
RV0000596,BK000045,ACC00016,2026-09-30,12061.65,USD,subscription,EMEA,REP007
RV0000597,BK000045,ACC00016,2026-10-30,12061.65,USD,subscription,EMEA,REP007
RV0000598,BK000045,ACC00016,2026-11-30,12061.65,USD,subscription,EMEA,REP007
RV0000599,BK000045,ACC00016,2026-12-30,12061.65,USD,subscription,EMEA,REP007
RV0000600,BK000045,ACC00016,2027-01-30,12061.65,USD,subscription,EMEA,REP007
RV0000601,BK000045,ACC00016,2027-02-28,12061.65,USD,subscription,EMEA,REP007
RV0000602,BK000045,ACC00016,2027-03-30,12061.65,USD,subscription,EMEA,REP007
RV0000603,BK000045,ACC00016,2027-04-30,12061.65,USD,subscription,EMEA,REP007
RV0000604,BK000045,ACC00016,2027-05-30,12061.65,USD,subscription,EMEA,REP007
RV0000605,BK000045,ACC00016,2027-06-30,12061.65,USD,subscription,EMEA,REP007
RV0000606,BK000045,ACC00016,2027-07-30,12061.65,USD,subscription,EMEA,REP007
RV0000607,BK000045,ACC00016,2027-08-30,12061.65,USD,subscription,EMEA,REP007
RV0000608,BK000046,ACC00017,2026-01-07,11829.02,USD,subscription,APAC,REP006
RV0000609,BK000046,ACC00017,2026-02-07,11829.02,USD,subscription,APAC,REP006
RV0000610,BK000046,ACC00017,2026-03-07,11829.02,USD,subscription,APAC,REP006
RV0000611,BK000046,ACC00017,2026-04-07,11829.02,USD,subscription,APAC,REP006
RV0000612,BK000046,ACC00017,2026-05-07,11829.02,USD,subscription,APAC,REP006
RV0000613,BK000046,ACC00017,2026-06-07,11829.02,USD,subscription,APAC,REP006
RV0000614,BK000046,ACC00017,2026-07-07,11829.02,USD,subscription,APAC,REP006
RV0000615,BK000046,ACC00017,2026-08-07,11829.02,USD,subscription,APAC,REP006
RV0000616,BK000046,ACC00017,2026-09-07,11829.02,USD,subscription,APAC,REP006
RV0000617,BK000046,ACC00017,2026-10-07,11829.02,USD,subscription,APAC,REP006
RV0000618,BK000046,ACC00017,2026-11-07,11829.02,USD,subscription,APAC,REP006
RV0000619,BK000046,ACC00017,2026-12-07,11829.10,USD,subscription,APAC,REP006
RV0000620,BK000047,ACC00017,2026-08-10,5105.42,USD,subscription,APAC,REP006
RV0000621,BK000047,ACC00017,2026-09-10,5105.42,USD,subscription,APAC,REP006
RV0000622,BK000047,ACC00017,2026-10-10,5105.42,USD,subscription,APAC,REP006
RV0000623,BK000047,ACC00017,2026-11-10,5105.42,USD,subscription,APAC,REP006
RV0000624,BK000047,ACC00017,2026-12-10,5105.42,USD,subscription,APAC,REP006
RV0000625,BK000047,ACC00017,2027-01-10,5105.42,USD,subscription,APAC,REP006
RV0000626,BK000047,ACC00017,2027-02-10,5105.42,USD,subscription,APAC,REP006
RV0000627,BK000047,ACC00017,2027-03-10,5105.42,USD,subscription,APAC,REP006
RV0000628,BK000047,ACC00017,2027-04-10,5105.42,USD,subscription,APAC,REP006
RV0000629,BK000047,ACC00017,2027-05-10,5105.42,USD,subscription,APAC,REP006
RV0000630,BK000047,ACC00017,2027-06-10,5105.42,USD,subscription,APAC,REP006
RV0000631,BK000047,ACC00017,2027-07-10,5105.42,USD,subscription,APAC,REP006
RV0000632,BK000047,ACC00017,2027-08-10,5105.42,USD,subscription,APAC,REP006
RV0000633,BK000047,ACC00017,2027-09-10,5105.42,USD,subscription,APAC,REP006
RV0000634,BK000047,ACC00017,2027-10-10,5105.42,USD,subscription,APAC,REP006
RV0000635,BK000047,ACC00017,2027-11-10,5105.42,USD,subscription,APAC,REP006
RV0000636,BK000047,ACC00017,2027-12-10,5105.42,USD,subscription,APAC,REP006
RV0000637,BK000047,ACC00017,2028-01-10,5105.42,USD,subscription,APAC,REP006
RV0000638,BK000047,ACC00017,2028-02-10,5105.42,USD,subscription,APAC,REP006
RV0000639,BK000047,ACC00017,2028-03-10,5105.42,USD,subscription,APAC,REP006
RV0000640,BK000047,ACC00017,2028-04-10,5105.42,USD,subscription,APAC,REP006
RV0000641,BK000047,ACC00017,2028-05-10,5105.42,USD,subscription,APAC,REP006
RV0000642,BK000047,ACC00017,2028-06-10,5105.42,USD,subscription,APAC,REP006
RV0000643,BK000047,ACC00017,2028-07-10,5105.47,USD,subscription,APAC,REP006
RV0000644,BK000048,ACC00017,2026-03-20,147125.23,USD,perpetual,APAC,REP006
RV0000645,BK000049,ACC00018,2026-09-05,4360.71,USD,subscription,AMER,REP008
RV0000646,BK000049,ACC00018,2026-10-05,4360.71,USD,subscription,AMER,REP008
RV0000647,BK000049,ACC00018,2026-11-05,4360.71,USD,subscription,AMER,REP008
RV0000648,BK000049,ACC00018,2026-12-05,4360.71,USD,subscription,AMER,REP008
RV0000649,BK000049,ACC00018,2027-01-05,4360.71,USD,subscription,AMER,REP008
RV0000650,BK000049,ACC00018,2027-02-05,4360.71,USD,subscription,AMER,REP008
RV0000651,BK000049,ACC00018,2027-03-05,4360.71,USD,subscription,AMER,REP008
RV0000652,BK000049,ACC00018,2027-04-05,4360.71,USD,subscription,AMER,REP008
RV0000653,BK000049,ACC00018,2027-05-05,4360.71,USD,subscription,AMER,REP008
RV0000654,BK000049,ACC00018,2027-06-05,4360.71,USD,subscription,AMER,REP008
RV0000655,BK000049,ACC00018,2027-07-05,4360.71,USD,subscription,AMER,REP008
RV0000656,BK000049,ACC00018,2027-08-05,4360.71,USD,subscription,AMER,REP008
RV0000657,BK000049,ACC00018,2027-09-05,4360.71,USD,subscription,AMER,REP008
RV0000658,BK000049,ACC00018,2027-10-05,4360.71,USD,subscription,AMER,REP008
RV0000659,BK000049,ACC00018,2027-11-05,4360.71,USD,subscription,AMER,REP008
RV0000660,BK000049,ACC00018,2027-12-05,4360.71,USD,subscription,AMER,REP008
RV0000661,BK000049,ACC00018,2028-01-05,4360.71,USD,subscription,AMER,REP008
RV0000662,BK000049,ACC00018,2028-02-05,4360.71,USD,subscription,AMER,REP008
RV0000663,BK000049,ACC00018,2028-03-05,4360.71,USD,subscription,AMER,REP008
RV0000664,BK000049,ACC00018,2028-04-05,4360.71,USD,subscription,AMER,REP008
RV0000665,BK000049,ACC00018,2028-05-05,4360.71,USD,subscription,AMER,REP008
RV0000666,BK000049,ACC00018,2028-06-05,4360.71,USD,subscription,AMER,REP008
RV0000667,BK000049,ACC00018,2028-07-05,4360.71,USD,subscription,AMER,REP008
RV0000668,BK000049,ACC00018,2028-08-05,4360.71,USD,subscription,AMER,REP008
RV0000669,BK000049,ACC00018,2028-09-05,4360.71,USD,subscription,AMER,REP008
RV0000670,BK000049,ACC00018,2028-10-05,4360.71,USD,subscription,AMER,REP008
RV0000671,BK000049,ACC00018,2028-11-05,4360.71,USD,subscription,AMER,REP008
RV0000672,BK000049,ACC00018,2028-12-05,4360.71,USD,subscription,AMER,REP008
RV0000673,BK000049,ACC00018,2029-01-05,4360.71,USD,subscription,AMER,REP008
RV0000674,BK000049,ACC00018,2029-02-05,4360.71,USD,subscription,AMER,REP008
RV0000675,BK000049,ACC00018,2029-03-05,4360.71,USD,subscription,AMER,REP008
RV0000676,BK000049,ACC00018,2029-04-05,4360.71,USD,subscription,AMER,REP008
RV0000677,BK000049,ACC00018,2029-05-05,4360.71,USD,subscription,AMER,REP008
RV0000678,BK000049,ACC00018,2029-06-05,4360.71,USD,subscription,AMER,REP008
RV0000679,BK000049,ACC00018,2029-07-05,4360.71,USD,subscription,AMER,REP008
RV0000680,BK000049,ACC00018,2029-08-05,4360.90,USD,subscription,AMER,REP008
RV0000681,BK000050,ACC00018,2026-05-18,9095.62,USD,subscription,AMER,REP008
RV0000682,BK000050,ACC00018,2026-06-18,9095.62,USD,subscription,AMER,REP008
RV0000683,BK000050,ACC00018,2026-07-18,9095.62,USD,subscription,AMER,REP008
RV0000684,BK000050,ACC00018,2026-08-18,9095.62,USD,subscription,AMER,REP008
RV0000685,BK000050,ACC00018,2026-09-18,9095.62,USD,subscription,AMER,REP008
RV0000686,BK000050,ACC00018,2026-10-18,9095.62,USD,subscription,AMER,REP008
RV0000687,BK000050,ACC00018,2026-11-18,9095.62,USD,subscription,AMER,REP008
RV0000688,BK000050,ACC00018,2026-12-18,9095.62,USD,subscription,AMER,REP008
RV0000689,BK000050,ACC00018,2027-01-18,9095.62,USD,subscription,AMER,REP008
RV0000690,BK000050,ACC00018,2027-02-18,9095.62,USD,subscription,AMER,REP008
RV0000691,BK000050,ACC00018,2027-03-18,9095.62,USD,subscription,AMER,REP008
RV0000692,BK000050,ACC00018,2027-04-18,9095.65,USD,subscription,AMER,REP008
RV0000693,BK000051,ACC00018,2026-05-23,152264.05,USD,perpetual,AMER,REP008
RV0000694,BK000052,ACC00019,2026-07-14,113875.97,USD,perpetual,APAC,REP006
RV0000695,BK000053,ACC00019,2026-06-16,2583.97,USD,subscription,APAC,REP006
RV0000696,BK000053,ACC00019,2026-07-16,2583.97,USD,subscription,APAC,REP006
RV0000697,BK000053,ACC00019,2026-08-16,2583.97,USD,subscription,APAC,REP006
RV0000698,BK000053,ACC00019,2026-09-16,2583.97,USD,subscription,APAC,REP006
RV0000699,BK000053,ACC00019,2026-10-16,2583.97,USD,subscription,APAC,REP006
RV0000700,BK000053,ACC00019,2026-11-16,2583.97,USD,subscription,APAC,REP006
RV0000701,BK000053,ACC00019,2026-12-16,2583.97,USD,subscription,APAC,REP006
RV0000702,BK000053,ACC00019,2027-01-16,2583.97,USD,subscription,APAC,REP006
RV0000703,BK000053,ACC00019,2027-02-16,2583.97,USD,subscription,APAC,REP006
RV0000704,BK000053,ACC00019,2027-03-16,2583.97,USD,subscription,APAC,REP006
RV0000705,BK000053,ACC00019,2027-04-16,2583.97,USD,subscription,APAC,REP006
RV0000706,BK000053,ACC00019,2027-05-16,2583.97,USD,subscription,APAC,REP006
RV0000707,BK000053,ACC00019,2027-06-16,2583.97,USD,subscription,APAC,REP006
RV0000708,BK000053,ACC00019,2027-07-16,2583.97,USD,subscription,APAC,REP006
RV0000709,BK000053,ACC00019,2027-08-16,2583.97,USD,subscription,APAC,REP006
RV0000710,BK000053,ACC00019,2027-09-16,2583.97,USD,subscription,APAC,REP006
RV0000711,BK000053,ACC00019,2027-10-16,2583.97,USD,subscription,APAC,REP006
RV0000712,BK000053,ACC00019,2027-11-16,2583.97,USD,subscription,APAC,REP006
RV0000713,BK000053,ACC00019,2027-12-16,2583.97,USD,subscription,APAC,REP006
RV0000714,BK000053,ACC00019,2028-01-16,2583.97,USD,subscription,APAC,REP006
RV0000715,BK000053,ACC00019,2028-02-16,2583.97,USD,subscription,APAC,REP006
RV0000716,BK000053,ACC00019,2028-03-16,2583.97,USD,subscription,APAC,REP006
RV0000717,BK000053,ACC00019,2028-04-16,2583.97,USD,subscription,APAC,REP006
RV0000718,BK000053,ACC00019,2028-05-16,2584.02,USD,subscription,APAC,REP006
RV0000719,BK000054,ACC00019,2026-05-13,115198.76,USD,perpetual,APAC,REP006
RV0000720,BK000055,ACC00019,2026-05-22,187492.52,USD,perpetual,APAC,REP006
RV0000721,BK000056,ACC00020,2026-02-13,3416.06,USD,subscription,APAC,REP006
RV0000722,BK000056,ACC00020,2026-03-13,3416.06,USD,subscription,APAC,REP006
RV0000723,BK000056,ACC00020,2026-04-13,3416.06,USD,subscription,APAC,REP006
RV0000724,BK000056,ACC00020,2026-05-13,3416.06,USD,subscription,APAC,REP006
RV0000725,BK000056,ACC00020,2026-06-13,3416.06,USD,subscription,APAC,REP006
RV0000726,BK000056,ACC00020,2026-07-13,3416.06,USD,subscription,APAC,REP006
RV0000727,BK000056,ACC00020,2026-08-13,3416.06,USD,subscription,APAC,REP006
RV0000728,BK000056,ACC00020,2026-09-13,3416.06,USD,subscription,APAC,REP006
RV0000729,BK000056,ACC00020,2026-10-13,3416.06,USD,subscription,APAC,REP006
RV0000730,BK000056,ACC00020,2026-11-13,3416.06,USD,subscription,APAC,REP006
RV0000731,BK000056,ACC00020,2026-12-13,3416.06,USD,subscription,APAC,REP006
RV0000732,BK000056,ACC00020,2027-01-13,3416.06,USD,subscription,APAC,REP006
RV0000733,BK000056,ACC00020,2027-02-13,3416.06,USD,subscription,APAC,REP006
RV0000734,BK000056,ACC00020,2027-03-13,3416.06,USD,subscription,APAC,REP006
RV0000735,BK000056,ACC00020,2027-04-13,3416.06,USD,subscription,APAC,REP006
RV0000736,BK000056,ACC00020,2027-05-13,3416.06,USD,subscription,APAC,REP006
RV0000737,BK000056,ACC00020,2027-06-13,3416.06,USD,subscription,APAC,REP006
RV0000738,BK000056,ACC00020,2027-07-13,3416.06,USD,subscription,APAC,REP006
RV0000739,BK000056,ACC00020,2027-08-13,3416.06,USD,subscription,APAC,REP006
RV0000740,BK000056,ACC00020,2027-09-13,3416.06,USD,subscription,APAC,REP006
RV0000741,BK000056,ACC00020,2027-10-13,3416.06,USD,subscription,APAC,REP006
RV0000742,BK000056,ACC00020,2027-11-13,3416.06,USD,subscription,APAC,REP006
RV0000743,BK000056,ACC00020,2027-12-13,3416.06,USD,subscription,APAC,REP006
RV0000744,BK000056,ACC00020,2028-01-13,3416.27,USD,subscription,APAC,REP006
RV0000745,BK000057,ACC00020,2026-05-04,6464.72,USD,subscription,APAC,REP006
RV0000746,BK000057,ACC00020,2026-06-04,6464.72,USD,subscription,APAC,REP006
RV0000747,BK000057,ACC00020,2026-07-04,6464.72,USD,subscription,APAC,REP006
RV0000748,BK000057,ACC00020,2026-08-04,6464.72,USD,subscription,APAC,REP006
RV0000749,BK000057,ACC00020,2026-09-04,6464.72,USD,subscription,APAC,REP006
RV0000750,BK000057,ACC00020,2026-10-04,6464.72,USD,subscription,APAC,REP006
RV0000751,BK000057,ACC00020,2026-11-04,6464.72,USD,subscription,APAC,REP006
RV0000752,BK000057,ACC00020,2026-12-04,6464.72,USD,subscription,APAC,REP006
RV0000753,BK000057,ACC00020,2027-01-04,6464.72,USD,subscription,APAC,REP006
RV0000754,BK000057,ACC00020,2027-02-04,6464.72,USD,subscription,APAC,REP006
RV0000755,BK000057,ACC00020,2027-03-04,6464.72,USD,subscription,APAC,REP006
RV0000756,BK000057,ACC00020,2027-04-04,6464.72,USD,subscription,APAC,REP006
RV0000757,BK000057,ACC00020,2027-05-04,6464.72,USD,subscription,APAC,REP006
RV0000758,BK000057,ACC00020,2027-06-04,6464.72,USD,subscription,APAC,REP006
RV0000759,BK000057,ACC00020,2027-07-04,6464.72,USD,subscription,APAC,REP006
RV0000760,BK000057,ACC00020,2027-08-04,6464.72,USD,subscription,APAC,REP006
RV0000761,BK000057,ACC00020,2027-09-04,6464.72,USD,subscription,APAC,REP006
RV0000762,BK000057,ACC00020,2027-10-04,6464.72,USD,subscription,APAC,REP006
RV0000763,BK000057,ACC00020,2027-11-04,6464.72,USD,subscription,APAC,REP006
RV0000764,BK000057,ACC00020,2027-12-04,6464.72,USD,subscription,APAC,REP006
RV0000765,BK000057,ACC00020,2028-01-04,6464.72,USD,subscription,APAC,REP006
RV0000766,BK000057,ACC00020,2028-02-04,6464.72,USD,subscription,APAC,REP006
RV0000767,BK000057,ACC00020,2028-03-04,6464.72,USD,subscription,APAC,REP006
RV0000768,BK000057,ACC00020,2028-04-04,6464.72,USD,subscription,APAC,REP006
RV0000769,BK000057,ACC00020,2028-05-04,6464.72,USD,subscription,APAC,REP006
RV0000770,BK000057,ACC00020,2028-06-04,6464.72,USD,subscription,APAC,REP006
RV0000771,BK000057,ACC00020,2028-07-04,6464.72,USD,subscription,APAC,REP006
RV0000772,BK000057,ACC00020,2028-08-04,6464.72,USD,subscription,APAC,REP006
RV0000773,BK000057,ACC00020,2028-09-04,6464.72,USD,subscription,APAC,REP006
RV0000774,BK000057,ACC00020,2028-10-04,6464.72,USD,subscription,APAC,REP006
RV0000775,BK000057,ACC00020,2028-11-04,6464.72,USD,subscription,APAC,REP006
RV0000776,BK000057,ACC00020,2028-12-04,6464.72,USD,subscription,APAC,REP006
RV0000777,BK000057,ACC00020,2029-01-04,6464.72,USD,subscription,APAC,REP006
RV0000778,BK000057,ACC00020,2029-02-04,6464.72,USD,subscription,APAC,REP006
RV0000779,BK000057,ACC00020,2029-03-04,6464.72,USD,subscription,APAC,REP006
RV0000780,BK000057,ACC00020,2029-04-04,6464.84,USD,subscription,APAC,REP006
RV0000781,BK000058,ACC00021,2026-08-18,6785.87,USD,perpetual,AMER,REP005
RV0000782,BK000059,ACC00021,2026-04-24,5695.60,USD,subscription,AMER,REP005
RV0000783,BK000059,ACC00021,2026-05-24,5695.60,USD,subscription,AMER,REP005
RV0000784,BK000059,ACC00021,2026-06-24,5695.60,USD,subscription,AMER,REP005
RV0000785,BK000059,ACC00021,2026-07-24,5695.60,USD,subscription,AMER,REP005
RV0000786,BK000059,ACC00021,2026-08-24,5695.60,USD,subscription,AMER,REP005
RV0000787,BK000059,ACC00021,2026-09-24,5695.60,USD,subscription,AMER,REP005
RV0000788,BK000059,ACC00021,2026-10-24,5695.60,USD,subscription,AMER,REP005
RV0000789,BK000059,ACC00021,2026-11-24,5695.60,USD,subscription,AMER,REP005
RV0000790,BK000059,ACC00021,2026-12-24,5695.60,USD,subscription,AMER,REP005
RV0000791,BK000059,ACC00021,2027-01-24,5695.60,USD,subscription,AMER,REP005
RV0000792,BK000059,ACC00021,2027-02-24,5695.60,USD,subscription,AMER,REP005
RV0000793,BK000059,ACC00021,2027-03-24,5695.60,USD,subscription,AMER,REP005
RV0000794,BK000059,ACC00021,2027-04-24,5695.60,USD,subscription,AMER,REP005
RV0000795,BK000059,ACC00021,2027-05-24,5695.60,USD,subscription,AMER,REP005
RV0000796,BK000059,ACC00021,2027-06-24,5695.60,USD,subscription,AMER,REP005
RV0000797,BK000059,ACC00021,2027-07-24,5695.60,USD,subscription,AMER,REP005
RV0000798,BK000059,ACC00021,2027-08-24,5695.60,USD,subscription,AMER,REP005
RV0000799,BK000059,ACC00021,2027-09-24,5695.60,USD,subscription,AMER,REP005
RV0000800,BK000059,ACC00021,2027-10-24,5695.60,USD,subscription,AMER,REP005
RV0000801,BK000059,ACC00021,2027-11-24,5695.60,USD,subscription,AMER,REP005
RV0000802,BK000059,ACC00021,2027-12-24,5695.60,USD,subscription,AMER,REP005
RV0000803,BK000059,ACC00021,2028-01-24,5695.60,USD,subscription,AMER,REP005
RV0000804,BK000059,ACC00021,2028-02-24,5695.60,USD,subscription,AMER,REP005
RV0000805,BK000059,ACC00021,2028-03-24,5695.70,USD,subscription,AMER,REP005
RV0000806,BK000060,ACC00021,2026-07-08,6658.32,USD,subscription,AMER,REP005
RV0000807,BK000060,ACC00021,2026-08-08,6658.32,USD,subscription,AMER,REP005
RV0000808,BK000060,ACC00021,2026-09-08,6658.32,USD,subscription,AMER,REP005
RV0000809,BK000060,ACC00021,2026-10-08,6658.32,USD,subscription,AMER,REP005
RV0000810,BK000060,ACC00021,2026-11-08,6658.32,USD,subscription,AMER,REP005
RV0000811,BK000060,ACC00021,2026-12-08,6658.32,USD,subscription,AMER,REP005
RV0000812,BK000060,ACC00021,2027-01-08,6658.32,USD,subscription,AMER,REP005
RV0000813,BK000060,ACC00021,2027-02-08,6658.32,USD,subscription,AMER,REP005
RV0000814,BK000060,ACC00021,2027-03-08,6658.32,USD,subscription,AMER,REP005
RV0000815,BK000060,ACC00021,2027-04-08,6658.32,USD,subscription,AMER,REP005
RV0000816,BK000060,ACC00021,2027-05-08,6658.32,USD,subscription,AMER,REP005
RV0000817,BK000060,ACC00021,2027-06-08,6658.32,USD,subscription,AMER,REP005
RV0000818,BK000060,ACC00021,2027-07-08,6658.32,USD,subscription,AMER,REP005
RV0000819,BK000060,ACC00021,2027-08-08,6658.32,USD,subscription,AMER,REP005
RV0000820,BK000060,ACC00021,2027-09-08,6658.32,USD,subscription,AMER,REP005
RV0000821,BK000060,ACC00021,2027-10-08,6658.32,USD,subscription,AMER,REP005
RV0000822,BK000060,ACC00021,2027-11-08,6658.32,USD,subscription,AMER,REP005
RV0000823,BK000060,ACC00021,2027-12-08,6658.32,USD,subscription,AMER,REP005
RV0000824,BK000060,ACC00021,2028-01-08,6658.32,USD,subscription,AMER,REP005
RV0000825,BK000060,ACC00021,2028-02-08,6658.32,USD,subscription,AMER,REP005
RV0000826,BK000060,ACC00021,2028-03-08,6658.32,USD,subscription,AMER,REP005
RV0000827,BK000060,ACC00021,2028-04-08,6658.32,USD,subscription,AMER,REP005
RV0000828,BK000060,ACC00021,2028-05-08,6658.32,USD,subscription,AMER,REP005
RV0000829,BK000060,ACC00021,2028-06-08,6658.50,USD,subscription,AMER,REP005
RV0000830,BK000061,ACC00021,2026-08-06,185679.72,USD,perpetual,AMER,REP005
RV0000831,BK000062,ACC00022,2026-05-19,103885.60,USD,perpetual,AMER,REP005
RV0000832,BK000063,ACC00022,2026-03-03,243022.86,USD,perpetual,AMER,REP005
RV0000833,BK000064,ACC00022,2026-03-03,5022.39,USD,subscription,AMER,REP005
RV0000834,BK000064,ACC00022,2026-04-03,5022.39,USD,subscription,AMER,REP005
RV0000835,BK000064,ACC00022,2026-05-03,5022.39,USD,subscription,AMER,REP005
RV0000836,BK000064,ACC00022,2026-06-03,5022.39,USD,subscription,AMER,REP005
RV0000837,BK000064,ACC00022,2026-07-03,5022.39,USD,subscription,AMER,REP005
RV0000838,BK000064,ACC00022,2026-08-03,5022.39,USD,subscription,AMER,REP005
RV0000839,BK000064,ACC00022,2026-09-03,5022.39,USD,subscription,AMER,REP005
RV0000840,BK000064,ACC00022,2026-10-03,5022.39,USD,subscription,AMER,REP005
RV0000841,BK000064,ACC00022,2026-11-03,5022.39,USD,subscription,AMER,REP005
RV0000842,BK000064,ACC00022,2026-12-03,5022.39,USD,subscription,AMER,REP005
RV0000843,BK000064,ACC00022,2027-01-03,5022.39,USD,subscription,AMER,REP005
RV0000844,BK000064,ACC00022,2027-02-03,5022.39,USD,subscription,AMER,REP005
RV0000845,BK000064,ACC00022,2027-03-03,5022.39,USD,subscription,AMER,REP005
RV0000846,BK000064,ACC00022,2027-04-03,5022.39,USD,subscription,AMER,REP005
RV0000847,BK000064,ACC00022,2027-05-03,5022.39,USD,subscription,AMER,REP005
RV0000848,BK000064,ACC00022,2027-06-03,5022.39,USD,subscription,AMER,REP005
RV0000849,BK000064,ACC00022,2027-07-03,5022.39,USD,subscription,AMER,REP005
RV0000850,BK000064,ACC00022,2027-08-03,5022.39,USD,subscription,AMER,REP005
RV0000851,BK000064,ACC00022,2027-09-03,5022.39,USD,subscription,AMER,REP005
RV0000852,BK000064,ACC00022,2027-10-03,5022.39,USD,subscription,AMER,REP005
RV0000853,BK000064,ACC00022,2027-11-03,5022.39,USD,subscription,AMER,REP005
RV0000854,BK000064,ACC00022,2027-12-03,5022.39,USD,subscription,AMER,REP005
RV0000855,BK000064,ACC00022,2028-01-03,5022.39,USD,subscription,AMER,REP005
RV0000856,BK000064,ACC00022,2028-02-03,5022.39,USD,subscription,AMER,REP005
RV0000857,BK000064,ACC00022,2028-03-03,5022.39,USD,subscription,AMER,REP005
RV0000858,BK000064,ACC00022,2028-04-03,5022.39,USD,subscription,AMER,REP005
RV0000859,BK000064,ACC00022,2028-05-03,5022.39,USD,subscription,AMER,REP005
RV0000860,BK000064,ACC00022,2028-06-03,5022.39,USD,subscription,AMER,REP005
RV0000861,BK000064,ACC00022,2028-07-03,5022.39,USD,subscription,AMER,REP005
RV0000862,BK000064,ACC00022,2028-08-03,5022.39,USD,subscription,AMER,REP005
RV0000863,BK000064,ACC00022,2028-09-03,5022.39,USD,subscription,AMER,REP005
RV0000864,BK000064,ACC00022,2028-10-03,5022.39,USD,subscription,AMER,REP005
RV0000865,BK000064,ACC00022,2028-11-03,5022.39,USD,subscription,AMER,REP005
RV0000866,BK000064,ACC00022,2028-12-03,5022.39,USD,subscription,AMER,REP005
RV0000867,BK000064,ACC00022,2029-01-03,5022.39,USD,subscription,AMER,REP005
RV0000868,BK000064,ACC00022,2029-02-03,5022.45,USD,subscription,AMER,REP005
RV0000869,BK000065,ACC00022,2026-04-05,65270.48,USD,perpetual,AMER,REP005
RV0000870,BK000066,ACC00023,2026-05-22,6781.39,USD,subscription,AMER,REP008
RV0000871,BK000066,ACC00023,2026-06-22,6781.39,USD,subscription,AMER,REP008
RV0000872,BK000066,ACC00023,2026-07-22,6781.39,USD,subscription,AMER,REP008
RV0000873,BK000066,ACC00023,2026-08-22,6781.39,USD,subscription,AMER,REP008
RV0000874,BK000066,ACC00023,2026-09-22,6781.39,USD,subscription,AMER,REP008
RV0000875,BK000066,ACC00023,2026-10-22,6781.39,USD,subscription,AMER,REP008
RV0000876,BK000066,ACC00023,2026-11-22,6781.39,USD,subscription,AMER,REP008
RV0000877,BK000066,ACC00023,2026-12-22,6781.39,USD,subscription,AMER,REP008
RV0000878,BK000066,ACC00023,2027-01-22,6781.39,USD,subscription,AMER,REP008
RV0000879,BK000066,ACC00023,2027-02-22,6781.39,USD,subscription,AMER,REP008
RV0000880,BK000066,ACC00023,2027-03-22,6781.39,USD,subscription,AMER,REP008
RV0000881,BK000066,ACC00023,2027-04-22,6781.39,USD,subscription,AMER,REP008
RV0000882,BK000066,ACC00023,2027-05-22,6781.39,USD,subscription,AMER,REP008
RV0000883,BK000066,ACC00023,2027-06-22,6781.39,USD,subscription,AMER,REP008
RV0000884,BK000066,ACC00023,2027-07-22,6781.39,USD,subscription,AMER,REP008
RV0000885,BK000066,ACC00023,2027-08-22,6781.39,USD,subscription,AMER,REP008
RV0000886,BK000066,ACC00023,2027-09-22,6781.39,USD,subscription,AMER,REP008
RV0000887,BK000066,ACC00023,2027-10-22,6781.39,USD,subscription,AMER,REP008
RV0000888,BK000066,ACC00023,2027-11-22,6781.39,USD,subscription,AMER,REP008
RV0000889,BK000066,ACC00023,2027-12-22,6781.39,USD,subscription,AMER,REP008
RV0000890,BK000066,ACC00023,2028-01-22,6781.39,USD,subscription,AMER,REP008
RV0000891,BK000066,ACC00023,2028-02-22,6781.39,USD,subscription,AMER,REP008
RV0000892,BK000066,ACC00023,2028-03-22,6781.39,USD,subscription,AMER,REP008
RV0000893,BK000066,ACC00023,2028-04-22,6781.39,USD,subscription,AMER,REP008
RV0000894,BK000066,ACC00023,2028-05-22,6781.39,USD,subscription,AMER,REP008
RV0000895,BK000066,ACC00023,2028-06-22,6781.39,USD,subscription,AMER,REP008
RV0000896,BK000066,ACC00023,2028-07-22,6781.39,USD,subscription,AMER,REP008
RV0000897,BK000066,ACC00023,2028-08-22,6781.39,USD,subscription,AMER,REP008
RV0000898,BK000066,ACC00023,2028-09-22,6781.39,USD,subscription,AMER,REP008
RV0000899,BK000066,ACC00023,2028-10-22,6781.39,USD,subscription,AMER,REP008
RV0000900,BK000066,ACC00023,2028-11-22,6781.39,USD,subscription,AMER,REP008
RV0000901,BK000066,ACC00023,2028-12-22,6781.39,USD,subscription,AMER,REP008
RV0000902,BK000066,ACC00023,2029-01-22,6781.39,USD,subscription,AMER,REP008
RV0000903,BK000066,ACC00023,2029-02-22,6781.39,USD,subscription,AMER,REP008
RV0000904,BK000066,ACC00023,2029-03-22,6781.39,USD,subscription,AMER,REP008
RV0000905,BK000066,ACC00023,2029-04-22,6781.73,USD,subscription,AMER,REP008
RV0000906,BK000067,ACC00023,2026-05-25,1447.12,USD,subscription,AMER,REP008
RV0000907,BK000067,ACC00023,2026-06-25,1447.12,USD,subscription,AMER,REP008
RV0000908,BK000067,ACC00023,2026-07-25,1447.12,USD,subscription,AMER,REP008
RV0000909,BK000067,ACC00023,2026-08-25,1447.12,USD,subscription,AMER,REP008
RV0000910,BK000067,ACC00023,2026-09-25,1447.12,USD,subscription,AMER,REP008
RV0000911,BK000067,ACC00023,2026-10-25,1447.12,USD,subscription,AMER,REP008
RV0000912,BK000067,ACC00023,2026-11-25,1447.12,USD,subscription,AMER,REP008
RV0000913,BK000067,ACC00023,2026-12-25,1447.12,USD,subscription,AMER,REP008
RV0000914,BK000067,ACC00023,2027-01-25,1447.12,USD,subscription,AMER,REP008
RV0000915,BK000067,ACC00023,2027-02-25,1447.12,USD,subscription,AMER,REP008
RV0000916,BK000067,ACC00023,2027-03-25,1447.12,USD,subscription,AMER,REP008
RV0000917,BK000067,ACC00023,2027-04-25,1447.12,USD,subscription,AMER,REP008
RV0000918,BK000067,ACC00023,2027-05-25,1447.12,USD,subscription,AMER,REP008
RV0000919,BK000067,ACC00023,2027-06-25,1447.12,USD,subscription,AMER,REP008
RV0000920,BK000067,ACC00023,2027-07-25,1447.12,USD,subscription,AMER,REP008
RV0000921,BK000067,ACC00023,2027-08-25,1447.12,USD,subscription,AMER,REP008
RV0000922,BK000067,ACC00023,2027-09-25,1447.12,USD,subscription,AMER,REP008
RV0000923,BK000067,ACC00023,2027-10-25,1447.12,USD,subscription,AMER,REP008
RV0000924,BK000067,ACC00023,2027-11-25,1447.12,USD,subscription,AMER,REP008
RV0000925,BK000067,ACC00023,2027-12-25,1447.12,USD,subscription,AMER,REP008
RV0000926,BK000067,ACC00023,2028-01-25,1447.12,USD,subscription,AMER,REP008
RV0000927,BK000067,ACC00023,2028-02-25,1447.12,USD,subscription,AMER,REP008
RV0000928,BK000067,ACC00023,2028-03-25,1447.12,USD,subscription,AMER,REP008
RV0000929,BK000067,ACC00023,2028-04-25,1447.20,USD,subscription,AMER,REP008
RV0000930,BK000068,ACC00023,2026-04-27,122091.59,USD,perpetual,AMER,REP008
RV0000931,BK000069,ACC00023,2026-01-08,9940.48,USD,subscription,AMER,REP008
RV0000932,BK000069,ACC00023,2026-02-08,9940.48,USD,subscription,AMER,REP008
RV0000933,BK000069,ACC00023,2026-03-08,9940.48,USD,subscription,AMER,REP008
RV0000934,BK000069,ACC00023,2026-04-08,9940.48,USD,subscription,AMER,REP008
RV0000935,BK000069,ACC00023,2026-05-08,9940.48,USD,subscription,AMER,REP008
RV0000936,BK000069,ACC00023,2026-06-08,9940.48,USD,subscription,AMER,REP008
RV0000937,BK000069,ACC00023,2026-07-08,9940.48,USD,subscription,AMER,REP008
RV0000938,BK000069,ACC00023,2026-08-08,9940.48,USD,subscription,AMER,REP008
RV0000939,BK000069,ACC00023,2026-09-08,9940.48,USD,subscription,AMER,REP008
RV0000940,BK000069,ACC00023,2026-10-08,9940.48,USD,subscription,AMER,REP008
RV0000941,BK000069,ACC00023,2026-11-08,9940.48,USD,subscription,AMER,REP008
RV0000942,BK000069,ACC00023,2026-12-08,9940.48,USD,subscription,AMER,REP008
RV0000943,BK000069,ACC00023,2027-01-08,9940.48,USD,subscription,AMER,REP008
RV0000944,BK000069,ACC00023,2027-02-08,9940.48,USD,subscription,AMER,REP008
RV0000945,BK000069,ACC00023,2027-03-08,9940.48,USD,subscription,AMER,REP008
RV0000946,BK000069,ACC00023,2027-04-08,9940.48,USD,subscription,AMER,REP008
RV0000947,BK000069,ACC00023,2027-05-08,9940.48,USD,subscription,AMER,REP008
RV0000948,BK000069,ACC00023,2027-06-08,9940.48,USD,subscription,AMER,REP008
RV0000949,BK000069,ACC00023,2027-07-08,9940.48,USD,subscription,AMER,REP008
RV0000950,BK000069,ACC00023,2027-08-08,9940.48,USD,subscription,AMER,REP008
RV0000951,BK000069,ACC00023,2027-09-08,9940.48,USD,subscription,AMER,REP008
RV0000952,BK000069,ACC00023,2027-10-08,9940.48,USD,subscription,AMER,REP008
RV0000953,BK000069,ACC00023,2027-11-08,9940.48,USD,subscription,AMER,REP008
RV0000954,BK000069,ACC00023,2027-12-08,9940.54,USD,subscription,AMER,REP008
RV0000955,BK000070,ACC00024,2026-01-28,186676.45,USD,perpetual,EMEA,REP004
RV0000956,BK000071,ACC00025,2026-09-09,983.96,USD,subscription,AMER,REP011
RV0000957,BK000071,ACC00025,2026-10-09,983.96,USD,subscription,AMER,REP011
RV0000958,BK000071,ACC00025,2026-11-09,983.96,USD,subscription,AMER,REP011
RV0000959,BK000071,ACC00025,2026-12-09,983.96,USD,subscription,AMER,REP011
RV0000960,BK000071,ACC00025,2027-01-09,983.96,USD,subscription,AMER,REP011
RV0000961,BK000071,ACC00025,2027-02-09,983.96,USD,subscription,AMER,REP011
RV0000962,BK000071,ACC00025,2027-03-09,983.96,USD,subscription,AMER,REP011
RV0000963,BK000071,ACC00025,2027-04-09,983.96,USD,subscription,AMER,REP011
RV0000964,BK000071,ACC00025,2027-05-09,983.96,USD,subscription,AMER,REP011
RV0000965,BK000071,ACC00025,2027-06-09,983.96,USD,subscription,AMER,REP011
RV0000966,BK000071,ACC00025,2027-07-09,983.96,USD,subscription,AMER,REP011
RV0000967,BK000071,ACC00025,2027-08-09,983.96,USD,subscription,AMER,REP011
RV0000968,BK000071,ACC00025,2027-09-09,983.96,USD,subscription,AMER,REP011
RV0000969,BK000071,ACC00025,2027-10-09,983.96,USD,subscription,AMER,REP011
RV0000970,BK000071,ACC00025,2027-11-09,983.96,USD,subscription,AMER,REP011
RV0000971,BK000071,ACC00025,2027-12-09,983.96,USD,subscription,AMER,REP011
RV0000972,BK000071,ACC00025,2028-01-09,983.96,USD,subscription,AMER,REP011
RV0000973,BK000071,ACC00025,2028-02-09,983.96,USD,subscription,AMER,REP011
RV0000974,BK000071,ACC00025,2028-03-09,983.96,USD,subscription,AMER,REP011
RV0000975,BK000071,ACC00025,2028-04-09,983.96,USD,subscription,AMER,REP011
RV0000976,BK000071,ACC00025,2028-05-09,983.96,USD,subscription,AMER,REP011
RV0000977,BK000071,ACC00025,2028-06-09,983.96,USD,subscription,AMER,REP011
RV0000978,BK000071,ACC00025,2028-07-09,983.96,USD,subscription,AMER,REP011
RV0000979,BK000071,ACC00025,2028-08-09,983.96,USD,subscription,AMER,REP011
RV0000980,BK000071,ACC00025,2028-09-09,983.96,USD,subscription,AMER,REP011
RV0000981,BK000071,ACC00025,2028-10-09,983.96,USD,subscription,AMER,REP011
RV0000982,BK000071,ACC00025,2028-11-09,983.96,USD,subscription,AMER,REP011
RV0000983,BK000071,ACC00025,2028-12-09,983.96,USD,subscription,AMER,REP011
RV0000984,BK000071,ACC00025,2029-01-09,983.96,USD,subscription,AMER,REP011
RV0000985,BK000071,ACC00025,2029-02-09,983.96,USD,subscription,AMER,REP011
RV0000986,BK000071,ACC00025,2029-03-09,983.96,USD,subscription,AMER,REP011
RV0000987,BK000071,ACC00025,2029-04-09,983.96,USD,subscription,AMER,REP011
RV0000988,BK000071,ACC00025,2029-05-09,983.96,USD,subscription,AMER,REP011
RV0000989,BK000071,ACC00025,2029-06-09,983.96,USD,subscription,AMER,REP011
RV0000990,BK000071,ACC00025,2029-07-09,983.96,USD,subscription,AMER,REP011
RV0000991,BK000071,ACC00025,2029-08-09,984.10,USD,subscription,AMER,REP011
RV0000992,BK000072,ACC00025,2026-05-26,6604.31,USD,subscription,AMER,REP011
RV0000993,BK000072,ACC00025,2026-06-26,6604.31,USD,subscription,AMER,REP011
RV0000994,BK000072,ACC00025,2026-07-26,6604.31,USD,subscription,AMER,REP011
RV0000995,BK000072,ACC00025,2026-08-26,6604.31,USD,subscription,AMER,REP011
RV0000996,BK000072,ACC00025,2026-09-26,6604.31,USD,subscription,AMER,REP011
RV0000997,BK000072,ACC00025,2026-10-26,6604.31,USD,subscription,AMER,REP011
RV0000998,BK000072,ACC00025,2026-11-26,6604.31,USD,subscription,AMER,REP011
RV0000999,BK000072,ACC00025,2026-12-26,6604.31,USD,subscription,AMER,REP011
RV0001000,BK000072,ACC00025,2027-01-26,6604.31,USD,subscription,AMER,REP011
RV0001001,BK000072,ACC00025,2027-02-26,6604.31,USD,subscription,AMER,REP011
RV0001002,BK000072,ACC00025,2027-03-26,6604.31,USD,subscription,AMER,REP011
RV0001003,BK000072,ACC00025,2027-04-26,6604.31,USD,subscription,AMER,REP011
RV0001004,BK000072,ACC00025,2027-05-26,6604.31,USD,subscription,AMER,REP011
RV0001005,BK000072,ACC00025,2027-06-26,6604.31,USD,subscription,AMER,REP011
RV0001006,BK000072,ACC00025,2027-07-26,6604.31,USD,subscription,AMER,REP011
RV0001007,BK000072,ACC00025,2027-08-26,6604.31,USD,subscription,AMER,REP011
RV0001008,BK000072,ACC00025,2027-09-26,6604.31,USD,subscription,AMER,REP011
RV0001009,BK000072,ACC00025,2027-10-26,6604.31,USD,subscription,AMER,REP011
RV0001010,BK000072,ACC00025,2027-11-26,6604.31,USD,subscription,AMER,REP011
RV0001011,BK000072,ACC00025,2027-12-26,6604.31,USD,subscription,AMER,REP011
RV0001012,BK000072,ACC00025,2028-01-26,6604.31,USD,subscription,AMER,REP011
RV0001013,BK000072,ACC00025,2028-02-26,6604.31,USD,subscription,AMER,REP011
RV0001014,BK000072,ACC00025,2028-03-26,6604.31,USD,subscription,AMER,REP011
RV0001015,BK000072,ACC00025,2028-04-26,6604.34,USD,subscription,AMER,REP011
RV0001016,BK000073,ACC00026,2026-01-27,3571.57,USD,subscription,AMER,REP005
RV0001017,BK000073,ACC00026,2026-02-27,3571.57,USD,subscription,AMER,REP005
RV0001018,BK000073,ACC00026,2026-03-27,3571.57,USD,subscription,AMER,REP005
RV0001019,BK000073,ACC00026,2026-04-27,3571.57,USD,subscription,AMER,REP005
RV0001020,BK000073,ACC00026,2026-05-27,3571.57,USD,subscription,AMER,REP005
RV0001021,BK000073,ACC00026,2026-06-27,3571.57,USD,subscription,AMER,REP005
RV0001022,BK000073,ACC00026,2026-07-27,3571.57,USD,subscription,AMER,REP005
RV0001023,BK000073,ACC00026,2026-08-27,3571.57,USD,subscription,AMER,REP005
RV0001024,BK000073,ACC00026,2026-09-27,3571.57,USD,subscription,AMER,REP005
RV0001025,BK000073,ACC00026,2026-10-27,3571.57,USD,subscription,AMER,REP005
RV0001026,BK000073,ACC00026,2026-11-27,3571.57,USD,subscription,AMER,REP005
RV0001027,BK000073,ACC00026,2026-12-27,3571.57,USD,subscription,AMER,REP005
RV0001028,BK000073,ACC00026,2027-01-27,3571.57,USD,subscription,AMER,REP005
RV0001029,BK000073,ACC00026,2027-02-27,3571.57,USD,subscription,AMER,REP005
RV0001030,BK000073,ACC00026,2027-03-27,3571.57,USD,subscription,AMER,REP005
RV0001031,BK000073,ACC00026,2027-04-27,3571.57,USD,subscription,AMER,REP005
RV0001032,BK000073,ACC00026,2027-05-27,3571.57,USD,subscription,AMER,REP005
RV0001033,BK000073,ACC00026,2027-06-27,3571.57,USD,subscription,AMER,REP005
RV0001034,BK000073,ACC00026,2027-07-27,3571.57,USD,subscription,AMER,REP005
RV0001035,BK000073,ACC00026,2027-08-27,3571.57,USD,subscription,AMER,REP005
RV0001036,BK000073,ACC00026,2027-09-27,3571.57,USD,subscription,AMER,REP005
RV0001037,BK000073,ACC00026,2027-10-27,3571.57,USD,subscription,AMER,REP005
RV0001038,BK000073,ACC00026,2027-11-27,3571.57,USD,subscription,AMER,REP005
RV0001039,BK000073,ACC00026,2027-12-27,3571.57,USD,subscription,AMER,REP005
RV0001040,BK000075,ACC00027,2026-03-19,2127.60,USD,subscription,APAC,REP012
RV0001041,BK000075,ACC00027,2026-04-19,2127.60,USD,subscription,APAC,REP012
RV0001042,BK000075,ACC00027,2026-05-19,2127.60,USD,subscription,APAC,REP012
RV0001043,BK000075,ACC00027,2026-06-19,2127.60,USD,subscription,APAC,REP012
RV0001044,BK000075,ACC00027,2026-07-19,2127.60,USD,subscription,APAC,REP012
RV0001045,BK000075,ACC00027,2026-08-19,2127.60,USD,subscription,APAC,REP012
RV0001046,BK000075,ACC00027,2026-09-19,2127.60,USD,subscription,APAC,REP012
RV0001047,BK000075,ACC00027,2026-10-19,2127.60,USD,subscription,APAC,REP012
RV0001048,BK000075,ACC00027,2026-11-19,2127.60,USD,subscription,APAC,REP012
RV0001049,BK000075,ACC00027,2026-12-19,2127.60,USD,subscription,APAC,REP012
RV0001050,BK000075,ACC00027,2027-01-19,2127.60,USD,subscription,APAC,REP012
RV0001051,BK000075,ACC00027,2027-02-19,2127.60,USD,subscription,APAC,REP012
RV0001052,BK000075,ACC00027,2027-03-19,2127.60,USD,subscription,APAC,REP012
RV0001053,BK000075,ACC00027,2027-04-19,2127.60,USD,subscription,APAC,REP012
RV0001054,BK000075,ACC00027,2027-05-19,2127.60,USD,subscription,APAC,REP012
RV0001055,BK000075,ACC00027,2027-06-19,2127.60,USD,subscription,APAC,REP012
RV0001056,BK000075,ACC00027,2027-07-19,2127.60,USD,subscription,APAC,REP012
RV0001057,BK000075,ACC00027,2027-08-19,2127.60,USD,subscription,APAC,REP012
RV0001058,BK000075,ACC00027,2027-09-19,2127.60,USD,subscription,APAC,REP012
RV0001059,BK000075,ACC00027,2027-10-19,2127.60,USD,subscription,APAC,REP012
RV0001060,BK000075,ACC00027,2027-11-19,2127.60,USD,subscription,APAC,REP012
RV0001061,BK000075,ACC00027,2027-12-19,2127.60,USD,subscription,APAC,REP012
RV0001062,BK000075,ACC00027,2028-01-19,2127.60,USD,subscription,APAC,REP012
RV0001063,BK000075,ACC00027,2028-02-19,2127.60,USD,subscription,APAC,REP012
RV0001064,BK000076,ACC00028,2026-05-08,1697.73,USD,subscription,AMER,REP005
RV0001065,BK000076,ACC00028,2026-06-08,1697.73,USD,subscription,AMER,REP005
RV0001066,BK000076,ACC00028,2026-07-08,1697.73,USD,subscription,AMER,REP005
RV0001067,BK000076,ACC00028,2026-08-08,1697.73,USD,subscription,AMER,REP005
RV0001068,BK000076,ACC00028,2026-09-08,1697.73,USD,subscription,AMER,REP005
RV0001069,BK000076,ACC00028,2026-10-08,1697.73,USD,subscription,AMER,REP005
RV0001070,BK000076,ACC00028,2026-11-08,1697.73,USD,subscription,AMER,REP005
RV0001071,BK000076,ACC00028,2026-12-08,1697.73,USD,subscription,AMER,REP005
RV0001072,BK000076,ACC00028,2027-01-08,1697.73,USD,subscription,AMER,REP005
RV0001073,BK000076,ACC00028,2027-02-08,1697.73,USD,subscription,AMER,REP005
RV0001074,BK000076,ACC00028,2027-03-08,1697.73,USD,subscription,AMER,REP005
RV0001075,BK000076,ACC00028,2027-04-08,1697.73,USD,subscription,AMER,REP005
RV0001076,BK000076,ACC00028,2027-05-08,1697.73,USD,subscription,AMER,REP005
RV0001077,BK000076,ACC00028,2027-06-08,1697.73,USD,subscription,AMER,REP005
RV0001078,BK000076,ACC00028,2027-07-08,1697.73,USD,subscription,AMER,REP005
RV0001079,BK000076,ACC00028,2027-08-08,1697.73,USD,subscription,AMER,REP005
RV0001080,BK000076,ACC00028,2027-09-08,1697.73,USD,subscription,AMER,REP005
RV0001081,BK000076,ACC00028,2027-10-08,1697.73,USD,subscription,AMER,REP005
RV0001082,BK000076,ACC00028,2027-11-08,1697.73,USD,subscription,AMER,REP005
RV0001083,BK000076,ACC00028,2027-12-08,1697.73,USD,subscription,AMER,REP005
RV0001084,BK000076,ACC00028,2028-01-08,1697.73,USD,subscription,AMER,REP005
RV0001085,BK000076,ACC00028,2028-02-08,1697.73,USD,subscription,AMER,REP005
RV0001086,BK000076,ACC00028,2028-03-08,1697.73,USD,subscription,AMER,REP005
RV0001087,BK000076,ACC00028,2028-04-08,1697.95,USD,subscription,AMER,REP005
RV0001088,BK000077,ACC00029,2026-09-25,5359.73,USD,subscription,APAC,REP003
RV0001089,BK000077,ACC00029,2026-10-25,5359.73,USD,subscription,APAC,REP003
RV0001090,BK000077,ACC00029,2026-11-25,5359.73,USD,subscription,APAC,REP003
RV0001091,BK000077,ACC00029,2026-12-25,5359.73,USD,subscription,APAC,REP003
RV0001092,BK000077,ACC00029,2027-01-25,5359.73,USD,subscription,APAC,REP003
RV0001093,BK000077,ACC00029,2027-02-25,5359.73,USD,subscription,APAC,REP003
RV0001094,BK000077,ACC00029,2027-03-25,5359.73,USD,subscription,APAC,REP003
RV0001095,BK000077,ACC00029,2027-04-25,5359.73,USD,subscription,APAC,REP003
RV0001096,BK000077,ACC00029,2027-05-25,5359.73,USD,subscription,APAC,REP003
RV0001097,BK000077,ACC00029,2027-06-25,5359.73,USD,subscription,APAC,REP003
RV0001098,BK000077,ACC00029,2027-07-25,5359.73,USD,subscription,APAC,REP003
RV0001099,BK000077,ACC00029,2027-08-25,5359.73,USD,subscription,APAC,REP003
RV0001100,BK000077,ACC00029,2027-09-25,5359.73,USD,subscription,APAC,REP003
RV0001101,BK000077,ACC00029,2027-10-25,5359.73,USD,subscription,APAC,REP003
RV0001102,BK000077,ACC00029,2027-11-25,5359.73,USD,subscription,APAC,REP003
RV0001103,BK000077,ACC00029,2027-12-25,5359.73,USD,subscription,APAC,REP003
RV0001104,BK000077,ACC00029,2028-01-25,5359.73,USD,subscription,APAC,REP003
RV0001105,BK000077,ACC00029,2028-02-25,5359.73,USD,subscription,APAC,REP003
RV0001106,BK000077,ACC00029,2028-03-25,5359.73,USD,subscription,APAC,REP003
RV0001107,BK000077,ACC00029,2028-04-25,5359.73,USD,subscription,APAC,REP003
RV0001108,BK000077,ACC00029,2028-05-25,5359.73,USD,subscription,APAC,REP003
RV0001109,BK000077,ACC00029,2028-06-25,5359.73,USD,subscription,APAC,REP003
RV0001110,BK000077,ACC00029,2028-07-25,5359.73,USD,subscription,APAC,REP003
RV0001111,BK000077,ACC00029,2028-08-25,5359.89,USD,subscription,APAC,REP003
RV0001112,BK000078,ACC00029,2026-06-02,8269.84,USD,subscription,APAC,REP003
RV0001113,BK000078,ACC00029,2026-07-02,8269.84,USD,subscription,APAC,REP003
RV0001114,BK000078,ACC00029,2026-08-02,8269.84,USD,subscription,APAC,REP003
RV0001115,BK000078,ACC00029,2026-09-02,8269.84,USD,subscription,APAC,REP003
RV0001116,BK000078,ACC00029,2026-10-02,8269.84,USD,subscription,APAC,REP003
RV0001117,BK000078,ACC00029,2026-11-02,8269.84,USD,subscription,APAC,REP003
RV0001118,BK000078,ACC00029,2026-12-02,8269.84,USD,subscription,APAC,REP003
RV0001119,BK000078,ACC00029,2027-01-02,8269.84,USD,subscription,APAC,REP003
RV0001120,BK000078,ACC00029,2027-02-02,8269.84,USD,subscription,APAC,REP003
RV0001121,BK000078,ACC00029,2027-03-02,8269.84,USD,subscription,APAC,REP003
RV0001122,BK000078,ACC00029,2027-04-02,8269.84,USD,subscription,APAC,REP003
RV0001123,BK000078,ACC00029,2027-05-02,8269.84,USD,subscription,APAC,REP003
RV0001124,BK000078,ACC00029,2027-06-02,8269.84,USD,subscription,APAC,REP003
RV0001125,BK000078,ACC00029,2027-07-02,8269.84,USD,subscription,APAC,REP003
RV0001126,BK000078,ACC00029,2027-08-02,8269.84,USD,subscription,APAC,REP003
RV0001127,BK000078,ACC00029,2027-09-02,8269.84,USD,subscription,APAC,REP003
RV0001128,BK000078,ACC00029,2027-10-02,8269.84,USD,subscription,APAC,REP003
RV0001129,BK000078,ACC00029,2027-11-02,8269.84,USD,subscription,APAC,REP003
RV0001130,BK000078,ACC00029,2027-12-02,8269.84,USD,subscription,APAC,REP003
RV0001131,BK000078,ACC00029,2028-01-02,8269.84,USD,subscription,APAC,REP003
RV0001132,BK000078,ACC00029,2028-02-02,8269.84,USD,subscription,APAC,REP003
RV0001133,BK000078,ACC00029,2028-03-02,8269.84,USD,subscription,APAC,REP003
RV0001134,BK000078,ACC00029,2028-04-02,8269.84,USD,subscription,APAC,REP003
RV0001135,BK000078,ACC00029,2028-05-02,8269.94,USD,subscription,APAC,REP003
RV0001136,BK000079,ACC00030,2026-02-20,2946.75,USD,subscription,EMEA,REP004
RV0001137,BK000079,ACC00030,2026-03-20,2946.75,USD,subscription,EMEA,REP004
RV0001138,BK000079,ACC00030,2026-04-20,2946.75,USD,subscription,EMEA,REP004
RV0001139,BK000079,ACC00030,2026-05-20,2946.75,USD,subscription,EMEA,REP004
RV0001140,BK000079,ACC00030,2026-06-20,2946.75,USD,subscription,EMEA,REP004
RV0001141,BK000079,ACC00030,2026-07-20,2946.75,USD,subscription,EMEA,REP004
RV0001142,BK000079,ACC00030,2026-08-20,2946.75,USD,subscription,EMEA,REP004
RV0001143,BK000079,ACC00030,2026-09-20,2946.75,USD,subscription,EMEA,REP004
RV0001144,BK000079,ACC00030,2026-10-20,2946.75,USD,subscription,EMEA,REP004
RV0001145,BK000079,ACC00030,2026-11-20,2946.75,USD,subscription,EMEA,REP004
RV0001146,BK000079,ACC00030,2026-12-20,2946.75,USD,subscription,EMEA,REP004
RV0001147,BK000079,ACC00030,2027-01-20,2946.75,USD,subscription,EMEA,REP004
RV0001148,BK000079,ACC00030,2027-02-20,2946.75,USD,subscription,EMEA,REP004
RV0001149,BK000079,ACC00030,2027-03-20,2946.75,USD,subscription,EMEA,REP004
RV0001150,BK000079,ACC00030,2027-04-20,2946.75,USD,subscription,EMEA,REP004
RV0001151,BK000079,ACC00030,2027-05-20,2946.75,USD,subscription,EMEA,REP004
RV0001152,BK000079,ACC00030,2027-06-20,2946.75,USD,subscription,EMEA,REP004
RV0001153,BK000079,ACC00030,2027-07-20,2946.75,USD,subscription,EMEA,REP004
RV0001154,BK000079,ACC00030,2027-08-20,2946.75,USD,subscription,EMEA,REP004
RV0001155,BK000079,ACC00030,2027-09-20,2946.75,USD,subscription,EMEA,REP004
RV0001156,BK000079,ACC00030,2027-10-20,2946.75,USD,subscription,EMEA,REP004
RV0001157,BK000079,ACC00030,2027-11-20,2946.75,USD,subscription,EMEA,REP004
RV0001158,BK000079,ACC00030,2027-12-20,2946.75,USD,subscription,EMEA,REP004
RV0001159,BK000079,ACC00030,2028-01-20,2946.80,USD,subscription,EMEA,REP004
RV0001160,BK000080,ACC00031,2026-03-22,81485.39,USD,perpetual,AMER,REP011
RV0001161,BK000081,ACC00032,2026-03-22,52.71,USD,subscription,APAC,REP009
RV0001162,BK000081,ACC00032,2026-04-22,52.71,USD,subscription,APAC,REP009
RV0001163,BK000081,ACC00032,2026-05-22,52.71,USD,subscription,APAC,REP009
RV0001164,BK000081,ACC00032,2026-06-22,52.71,USD,subscription,APAC,REP009
RV0001165,BK000081,ACC00032,2026-07-22,52.71,USD,subscription,APAC,REP009
RV0001166,BK000081,ACC00032,2026-08-22,52.71,USD,subscription,APAC,REP009
RV0001167,BK000081,ACC00032,2026-09-22,52.71,USD,subscription,APAC,REP009
RV0001168,BK000081,ACC00032,2026-10-22,52.71,USD,subscription,APAC,REP009
RV0001169,BK000081,ACC00032,2026-11-22,52.71,USD,subscription,APAC,REP009
RV0001170,BK000081,ACC00032,2026-12-22,52.71,USD,subscription,APAC,REP009
RV0001171,BK000081,ACC00032,2027-01-22,52.71,USD,subscription,APAC,REP009
RV0001172,BK000081,ACC00032,2027-02-22,52.71,USD,subscription,APAC,REP009
RV0001173,BK000081,ACC00032,2027-03-22,52.71,USD,subscription,APAC,REP009
RV0001174,BK000081,ACC00032,2027-04-22,52.71,USD,subscription,APAC,REP009
RV0001175,BK000081,ACC00032,2027-05-22,52.71,USD,subscription,APAC,REP009
RV0001176,BK000081,ACC00032,2027-06-22,52.71,USD,subscription,APAC,REP009
RV0001177,BK000081,ACC00032,2027-07-22,52.71,USD,subscription,APAC,REP009
RV0001178,BK000081,ACC00032,2027-08-22,52.71,USD,subscription,APAC,REP009
RV0001179,BK000081,ACC00032,2027-09-22,52.71,USD,subscription,APAC,REP009
RV0001180,BK000081,ACC00032,2027-10-22,52.71,USD,subscription,APAC,REP009
RV0001181,BK000081,ACC00032,2027-11-22,52.71,USD,subscription,APAC,REP009
RV0001182,BK000081,ACC00032,2027-12-22,52.71,USD,subscription,APAC,REP009
RV0001183,BK000081,ACC00032,2028-01-22,52.71,USD,subscription,APAC,REP009
RV0001184,BK000081,ACC00032,2028-02-22,52.71,USD,subscription,APAC,REP009
RV0001185,BK000081,ACC00032,2028-03-22,52.71,USD,subscription,APAC,REP009
RV0001186,BK000081,ACC00032,2028-04-22,52.71,USD,subscription,APAC,REP009
RV0001187,BK000081,ACC00032,2028-05-22,52.71,USD,subscription,APAC,REP009
RV0001188,BK000081,ACC00032,2028-06-22,52.71,USD,subscription,APAC,REP009
RV0001189,BK000081,ACC00032,2028-07-22,52.71,USD,subscription,APAC,REP009
RV0001190,BK000081,ACC00032,2028-08-22,52.71,USD,subscription,APAC,REP009
RV0001191,BK000081,ACC00032,2028-09-22,52.71,USD,subscription,APAC,REP009
RV0001192,BK000081,ACC00032,2028-10-22,52.71,USD,subscription,APAC,REP009
RV0001193,BK000081,ACC00032,2028-11-22,52.71,USD,subscription,APAC,REP009
RV0001194,BK000081,ACC00032,2028-12-22,52.71,USD,subscription,APAC,REP009
RV0001195,BK000081,ACC00032,2029-01-22,52.71,USD,subscription,APAC,REP009
RV0001196,BK000081,ACC00032,2029-02-22,52.97,USD,subscription,APAC,REP009
RV0001197,BK000082,ACC00033,2026-05-30,11952.11,USD,perpetual,EMEA,REP007
RV0001198,BK000083,ACC00033,2026-05-25,19740.29,USD,subscription,EMEA,REP007
RV0001199,BK000083,ACC00033,2026-06-25,19740.29,USD,subscription,EMEA,REP007
RV0001200,BK000083,ACC00033,2026-07-25,19740.29,USD,subscription,EMEA,REP007
RV0001201,BK000083,ACC00033,2026-08-25,19740.29,USD,subscription,EMEA,REP007
RV0001202,BK000083,ACC00033,2026-09-25,19740.29,USD,subscription,EMEA,REP007
RV0001203,BK000083,ACC00033,2026-10-25,19740.29,USD,subscription,EMEA,REP007
RV0001204,BK000083,ACC00033,2026-11-25,19740.29,USD,subscription,EMEA,REP007
RV0001205,BK000083,ACC00033,2026-12-25,19740.29,USD,subscription,EMEA,REP007
RV0001206,BK000083,ACC00033,2027-01-25,19740.29,USD,subscription,EMEA,REP007
RV0001207,BK000083,ACC00033,2027-02-25,19740.29,USD,subscription,EMEA,REP007
RV0001208,BK000083,ACC00033,2027-03-25,19740.29,USD,subscription,EMEA,REP007
RV0001209,BK000083,ACC00033,2027-04-25,19740.29,USD,subscription,EMEA,REP007
RV0001210,BK000084,ACC00033,2026-04-30,2493.60,USD,subscription,EMEA,REP007
RV0001211,BK000084,ACC00033,2026-05-30,2493.60,USD,subscription,EMEA,REP007
RV0001212,BK000084,ACC00033,2026-06-30,2493.60,USD,subscription,EMEA,REP007
RV0001213,BK000084,ACC00033,2026-07-30,2493.60,USD,subscription,EMEA,REP007
RV0001214,BK000084,ACC00033,2026-08-30,2493.60,USD,subscription,EMEA,REP007
RV0001215,BK000084,ACC00033,2026-09-30,2493.60,USD,subscription,EMEA,REP007
RV0001216,BK000084,ACC00033,2026-10-30,2493.60,USD,subscription,EMEA,REP007
RV0001217,BK000084,ACC00033,2026-11-30,2493.60,USD,subscription,EMEA,REP007
RV0001218,BK000084,ACC00033,2026-12-30,2493.60,USD,subscription,EMEA,REP007
RV0001219,BK000084,ACC00033,2027-01-30,2493.60,USD,subscription,EMEA,REP007
RV0001220,BK000084,ACC00033,2027-02-28,2493.60,USD,subscription,EMEA,REP007
RV0001221,BK000084,ACC00033,2027-03-30,2493.60,USD,subscription,EMEA,REP007
RV0001222,BK000084,ACC00033,2027-04-30,2493.60,USD,subscription,EMEA,REP007
RV0001223,BK000084,ACC00033,2027-05-30,2493.60,USD,subscription,EMEA,REP007
RV0001224,BK000084,ACC00033,2027-06-30,2493.60,USD,subscription,EMEA,REP007
RV0001225,BK000084,ACC00033,2027-07-30,2493.60,USD,subscription,EMEA,REP007
RV0001226,BK000084,ACC00033,2027-08-30,2493.60,USD,subscription,EMEA,REP007
RV0001227,BK000084,ACC00033,2027-09-30,2493.60,USD,subscription,EMEA,REP007
RV0001228,BK000084,ACC00033,2027-10-30,2493.60,USD,subscription,EMEA,REP007
RV0001229,BK000084,ACC00033,2027-11-30,2493.60,USD,subscription,EMEA,REP007
RV0001230,BK000084,ACC00033,2027-12-30,2493.60,USD,subscription,EMEA,REP007
RV0001231,BK000084,ACC00033,2028-01-30,2493.60,USD,subscription,EMEA,REP007
RV0001232,BK000084,ACC00033,2028-02-29,2493.60,USD,subscription,EMEA,REP007
RV0001233,BK000084,ACC00033,2028-03-30,2493.60,USD,subscription,EMEA,REP007
RV0001234,BK000084,ACC00033,2028-04-30,2493.60,USD,subscription,EMEA,REP007
RV0001235,BK000084,ACC00033,2028-05-30,2493.60,USD,subscription,EMEA,REP007
RV0001236,BK000084,ACC00033,2028-06-30,2493.60,USD,subscription,EMEA,REP007
RV0001237,BK000084,ACC00033,2028-07-30,2493.60,USD,subscription,EMEA,REP007
RV0001238,BK000084,ACC00033,2028-08-30,2493.60,USD,subscription,EMEA,REP007
RV0001239,BK000084,ACC00033,2028-09-30,2493.60,USD,subscription,EMEA,REP007
RV0001240,BK000084,ACC00033,2028-10-30,2493.60,USD,subscription,EMEA,REP007
RV0001241,BK000084,ACC00033,2028-11-30,2493.60,USD,subscription,EMEA,REP007
RV0001242,BK000084,ACC00033,2028-12-30,2493.60,USD,subscription,EMEA,REP007
RV0001243,BK000084,ACC00033,2029-01-30,2493.60,USD,subscription,EMEA,REP007
RV0001244,BK000084,ACC00033,2029-02-28,2493.60,USD,subscription,EMEA,REP007
RV0001245,BK000084,ACC00033,2029-03-30,2493.80,USD,subscription,EMEA,REP007
RV0001246,BK000085,ACC00033,2026-04-12,143652.96,USD,perpetual,EMEA,REP007
RV0001247,BK000086,ACC00034,2026-03-18,7510.95,USD,subscription,AMER,REP008
RV0001248,BK000086,ACC00034,2026-04-18,7510.95,USD,subscription,AMER,REP008
RV0001249,BK000086,ACC00034,2026-05-18,7510.95,USD,subscription,AMER,REP008
RV0001250,BK000086,ACC00034,2026-06-18,7510.95,USD,subscription,AMER,REP008
RV0001251,BK000086,ACC00034,2026-07-18,7510.95,USD,subscription,AMER,REP008
RV0001252,BK000086,ACC00034,2026-08-18,7510.95,USD,subscription,AMER,REP008
RV0001253,BK000086,ACC00034,2026-09-18,7510.95,USD,subscription,AMER,REP008
RV0001254,BK000086,ACC00034,2026-10-18,7510.95,USD,subscription,AMER,REP008
RV0001255,BK000086,ACC00034,2026-11-18,7510.95,USD,subscription,AMER,REP008
RV0001256,BK000086,ACC00034,2026-12-18,7510.95,USD,subscription,AMER,REP008
RV0001257,BK000086,ACC00034,2027-01-18,7510.95,USD,subscription,AMER,REP008
RV0001258,BK000086,ACC00034,2027-02-18,7511.01,USD,subscription,AMER,REP008
RV0001259,BK000087,ACC00034,2026-01-31,1574.29,USD,subscription,AMER,REP008
RV0001260,BK000087,ACC00034,2026-02-28,1574.29,USD,subscription,AMER,REP008
RV0001261,BK000087,ACC00034,2026-03-31,1574.29,USD,subscription,AMER,REP008
RV0001262,BK000087,ACC00034,2026-04-30,1574.29,USD,subscription,AMER,REP008
RV0001263,BK000087,ACC00034,2026-05-31,1574.29,USD,subscription,AMER,REP008
RV0001264,BK000087,ACC00034,2026-06-30,1574.29,USD,subscription,AMER,REP008
RV0001265,BK000087,ACC00034,2026-07-31,1574.29,USD,subscription,AMER,REP008
RV0001266,BK000087,ACC00034,2026-08-31,1574.29,USD,subscription,AMER,REP008
RV0001267,BK000087,ACC00034,2026-09-30,1574.29,USD,subscription,AMER,REP008
RV0001268,BK000087,ACC00034,2026-10-31,1574.29,USD,subscription,AMER,REP008
RV0001269,BK000087,ACC00034,2026-11-30,1574.29,USD,subscription,AMER,REP008
RV0001270,BK000087,ACC00034,2026-12-31,1574.29,USD,subscription,AMER,REP008
RV0001271,BK000087,ACC00034,2027-01-31,1574.29,USD,subscription,AMER,REP008
RV0001272,BK000087,ACC00034,2027-02-28,1574.29,USD,subscription,AMER,REP008
RV0001273,BK000087,ACC00034,2027-03-31,1574.29,USD,subscription,AMER,REP008
RV0001274,BK000087,ACC00034,2027-04-30,1574.29,USD,subscription,AMER,REP008
RV0001275,BK000087,ACC00034,2027-05-31,1574.29,USD,subscription,AMER,REP008
RV0001276,BK000087,ACC00034,2027-06-30,1574.29,USD,subscription,AMER,REP008
RV0001277,BK000087,ACC00034,2027-07-31,1574.29,USD,subscription,AMER,REP008
RV0001278,BK000087,ACC00034,2027-08-31,1574.29,USD,subscription,AMER,REP008
RV0001279,BK000087,ACC00034,2027-09-30,1574.29,USD,subscription,AMER,REP008
RV0001280,BK000087,ACC00034,2027-10-31,1574.29,USD,subscription,AMER,REP008
RV0001281,BK000087,ACC00034,2027-11-30,1574.29,USD,subscription,AMER,REP008
RV0001282,BK000087,ACC00034,2027-12-31,1574.29,USD,subscription,AMER,REP008
RV0001283,BK000087,ACC00034,2028-01-31,1574.29,USD,subscription,AMER,REP008
RV0001284,BK000087,ACC00034,2028-02-29,1574.29,USD,subscription,AMER,REP008
RV0001285,BK000087,ACC00034,2028-03-31,1574.29,USD,subscription,AMER,REP008
RV0001286,BK000087,ACC00034,2028-04-30,1574.29,USD,subscription,AMER,REP008
RV0001287,BK000087,ACC00034,2028-05-31,1574.29,USD,subscription,AMER,REP008
RV0001288,BK000087,ACC00034,2028-06-30,1574.29,USD,subscription,AMER,REP008
RV0001289,BK000087,ACC00034,2028-07-31,1574.29,USD,subscription,AMER,REP008
RV0001290,BK000087,ACC00034,2028-08-31,1574.29,USD,subscription,AMER,REP008
RV0001291,BK000087,ACC00034,2028-09-30,1574.29,USD,subscription,AMER,REP008
RV0001292,BK000087,ACC00034,2028-10-31,1574.29,USD,subscription,AMER,REP008
RV0001293,BK000087,ACC00034,2028-11-30,1574.29,USD,subscription,AMER,REP008
RV0001294,BK000087,ACC00034,2028-12-31,1574.29,USD,subscription,AMER,REP008
RV0001295,BK000088,ACC00035,2026-08-13,1780.25,USD,subscription,EMEA,REP001
RV0001296,BK000088,ACC00035,2026-09-13,1780.25,USD,subscription,EMEA,REP001
RV0001297,BK000088,ACC00035,2026-10-13,1780.25,USD,subscription,EMEA,REP001
RV0001298,BK000088,ACC00035,2026-11-13,1780.25,USD,subscription,EMEA,REP001
RV0001299,BK000088,ACC00035,2026-12-13,1780.25,USD,subscription,EMEA,REP001
RV0001300,BK000088,ACC00035,2027-01-13,1780.25,USD,subscription,EMEA,REP001
RV0001301,BK000088,ACC00035,2027-02-13,1780.25,USD,subscription,EMEA,REP001
RV0001302,BK000088,ACC00035,2027-03-13,1780.25,USD,subscription,EMEA,REP001
RV0001303,BK000088,ACC00035,2027-04-13,1780.25,USD,subscription,EMEA,REP001
RV0001304,BK000088,ACC00035,2027-05-13,1780.25,USD,subscription,EMEA,REP001
RV0001305,BK000088,ACC00035,2027-06-13,1780.25,USD,subscription,EMEA,REP001
RV0001306,BK000088,ACC00035,2027-07-13,1780.25,USD,subscription,EMEA,REP001
RV0001307,BK000088,ACC00035,2027-08-13,1780.25,USD,subscription,EMEA,REP001
RV0001308,BK000088,ACC00035,2027-09-13,1780.25,USD,subscription,EMEA,REP001
RV0001309,BK000088,ACC00035,2027-10-13,1780.25,USD,subscription,EMEA,REP001
RV0001310,BK000088,ACC00035,2027-11-13,1780.25,USD,subscription,EMEA,REP001
RV0001311,BK000088,ACC00035,2027-12-13,1780.25,USD,subscription,EMEA,REP001
RV0001312,BK000088,ACC00035,2028-01-13,1780.25,USD,subscription,EMEA,REP001
RV0001313,BK000088,ACC00035,2028-02-13,1780.25,USD,subscription,EMEA,REP001
RV0001314,BK000088,ACC00035,2028-03-13,1780.25,USD,subscription,EMEA,REP001
RV0001315,BK000088,ACC00035,2028-04-13,1780.25,USD,subscription,EMEA,REP001
RV0001316,BK000088,ACC00035,2028-05-13,1780.25,USD,subscription,EMEA,REP001
RV0001317,BK000088,ACC00035,2028-06-13,1780.25,USD,subscription,EMEA,REP001
RV0001318,BK000088,ACC00035,2028-07-13,1780.41,USD,subscription,EMEA,REP001
RV0001319,BK000089,ACC00035,2026-07-26,3847.94,USD,subscription,EMEA,REP001
RV0001320,BK000089,ACC00035,2026-08-26,3847.94,USD,subscription,EMEA,REP001
RV0001321,BK000089,ACC00035,2026-09-26,3847.94,USD,subscription,EMEA,REP001
RV0001322,BK000089,ACC00035,2026-10-26,3847.94,USD,subscription,EMEA,REP001
RV0001323,BK000089,ACC00035,2026-11-26,3847.94,USD,subscription,EMEA,REP001
RV0001324,BK000089,ACC00035,2026-12-26,3847.94,USD,subscription,EMEA,REP001
RV0001325,BK000089,ACC00035,2027-01-26,3847.94,USD,subscription,EMEA,REP001
RV0001326,BK000089,ACC00035,2027-02-26,3847.94,USD,subscription,EMEA,REP001
RV0001327,BK000089,ACC00035,2027-03-26,3847.94,USD,subscription,EMEA,REP001
RV0001328,BK000089,ACC00035,2027-04-26,3847.94,USD,subscription,EMEA,REP001
RV0001329,BK000089,ACC00035,2027-05-26,3847.94,USD,subscription,EMEA,REP001
RV0001330,BK000089,ACC00035,2027-06-26,3847.94,USD,subscription,EMEA,REP001
RV0001331,BK000089,ACC00035,2027-07-26,3847.94,USD,subscription,EMEA,REP001
RV0001332,BK000089,ACC00035,2027-08-26,3847.94,USD,subscription,EMEA,REP001
RV0001333,BK000089,ACC00035,2027-09-26,3847.94,USD,subscription,EMEA,REP001
RV0001334,BK000089,ACC00035,2027-10-26,3847.94,USD,subscription,EMEA,REP001
RV0001335,BK000089,ACC00035,2027-11-26,3847.94,USD,subscription,EMEA,REP001
RV0001336,BK000089,ACC00035,2027-12-26,3847.94,USD,subscription,EMEA,REP001
RV0001337,BK000089,ACC00035,2028-01-26,3847.94,USD,subscription,EMEA,REP001
RV0001338,BK000089,ACC00035,2028-02-26,3847.94,USD,subscription,EMEA,REP001
RV0001339,BK000089,ACC00035,2028-03-26,3847.94,USD,subscription,EMEA,REP001
RV0001340,BK000089,ACC00035,2028-04-26,3847.94,USD,subscription,EMEA,REP001
RV0001341,BK000089,ACC00035,2028-05-26,3847.94,USD,subscription,EMEA,REP001
RV0001342,BK000089,ACC00035,2028-06-26,3848.04,USD,subscription,EMEA,REP001
RV0001343,BK000090,ACC00035,2026-08-13,1166.32,USD,subscription,EMEA,REP001
RV0001344,BK000090,ACC00035,2026-09-13,1166.32,USD,subscription,EMEA,REP001
RV0001345,BK000090,ACC00035,2026-10-13,1166.32,USD,subscription,EMEA,REP001
RV0001346,BK000090,ACC00035,2026-11-13,1166.32,USD,subscription,EMEA,REP001
RV0001347,BK000090,ACC00035,2026-12-13,1166.32,USD,subscription,EMEA,REP001
RV0001348,BK000090,ACC00035,2027-01-13,1166.32,USD,subscription,EMEA,REP001
RV0001349,BK000090,ACC00035,2027-02-13,1166.32,USD,subscription,EMEA,REP001
RV0001350,BK000090,ACC00035,2027-03-13,1166.32,USD,subscription,EMEA,REP001
RV0001351,BK000090,ACC00035,2027-04-13,1166.32,USD,subscription,EMEA,REP001
RV0001352,BK000090,ACC00035,2027-05-13,1166.32,USD,subscription,EMEA,REP001
RV0001353,BK000090,ACC00035,2027-06-13,1166.32,USD,subscription,EMEA,REP001
RV0001354,BK000090,ACC00035,2027-07-13,1166.32,USD,subscription,EMEA,REP001
RV0001355,BK000090,ACC00035,2027-08-13,1166.32,USD,subscription,EMEA,REP001
RV0001356,BK000090,ACC00035,2027-09-13,1166.32,USD,subscription,EMEA,REP001
RV0001357,BK000090,ACC00035,2027-10-13,1166.32,USD,subscription,EMEA,REP001
RV0001358,BK000090,ACC00035,2027-11-13,1166.32,USD,subscription,EMEA,REP001
RV0001359,BK000090,ACC00035,2027-12-13,1166.32,USD,subscription,EMEA,REP001
RV0001360,BK000090,ACC00035,2028-01-13,1166.32,USD,subscription,EMEA,REP001
RV0001361,BK000090,ACC00035,2028-02-13,1166.32,USD,subscription,EMEA,REP001
RV0001362,BK000090,ACC00035,2028-03-13,1166.32,USD,subscription,EMEA,REP001
RV0001363,BK000090,ACC00035,2028-04-13,1166.32,USD,subscription,EMEA,REP001
RV0001364,BK000090,ACC00035,2028-05-13,1166.32,USD,subscription,EMEA,REP001
RV0001365,BK000090,ACC00035,2028-06-13,1166.32,USD,subscription,EMEA,REP001
RV0001366,BK000090,ACC00035,2028-07-13,1166.44,USD,subscription,EMEA,REP001
RV0001367,BK000091,ACC00036,2026-05-09,9678.81,USD,perpetual,APAC,REP003
RV0001368,BK000092,ACC00036,2026-01-11,6293.89,USD,subscription,APAC,REP003
RV0001369,BK000092,ACC00036,2026-02-11,6293.89,USD,subscription,APAC,REP003
RV0001370,BK000092,ACC00036,2026-03-11,6293.89,USD,subscription,APAC,REP003
RV0001371,BK000092,ACC00036,2026-04-11,6293.89,USD,subscription,APAC,REP003
RV0001372,BK000092,ACC00036,2026-05-11,6293.89,USD,subscription,APAC,REP003
RV0001373,BK000092,ACC00036,2026-06-11,6293.89,USD,subscription,APAC,REP003
RV0001374,BK000092,ACC00036,2026-07-11,6293.89,USD,subscription,APAC,REP003
RV0001375,BK000092,ACC00036,2026-08-11,6293.89,USD,subscription,APAC,REP003
RV0001376,BK000092,ACC00036,2026-09-11,6293.89,USD,subscription,APAC,REP003
RV0001377,BK000092,ACC00036,2026-10-11,6293.89,USD,subscription,APAC,REP003
RV0001378,BK000092,ACC00036,2026-11-11,6293.89,USD,subscription,APAC,REP003
RV0001379,BK000092,ACC00036,2026-12-11,6293.89,USD,subscription,APAC,REP003
RV0001380,BK000092,ACC00036,2027-01-11,6293.89,USD,subscription,APAC,REP003
RV0001381,BK000092,ACC00036,2027-02-11,6293.89,USD,subscription,APAC,REP003
RV0001382,BK000092,ACC00036,2027-03-11,6293.89,USD,subscription,APAC,REP003
RV0001383,BK000092,ACC00036,2027-04-11,6293.89,USD,subscription,APAC,REP003
RV0001384,BK000092,ACC00036,2027-05-11,6293.89,USD,subscription,APAC,REP003
RV0001385,BK000092,ACC00036,2027-06-11,6293.89,USD,subscription,APAC,REP003
RV0001386,BK000092,ACC00036,2027-07-11,6293.89,USD,subscription,APAC,REP003
RV0001387,BK000092,ACC00036,2027-08-11,6293.89,USD,subscription,APAC,REP003
RV0001388,BK000092,ACC00036,2027-09-11,6293.89,USD,subscription,APAC,REP003
RV0001389,BK000092,ACC00036,2027-10-11,6293.89,USD,subscription,APAC,REP003
RV0001390,BK000092,ACC00036,2027-11-11,6293.89,USD,subscription,APAC,REP003
RV0001391,BK000092,ACC00036,2027-12-11,6293.89,USD,subscription,APAC,REP003
RV0001392,BK000092,ACC00036,2028-01-11,6293.89,USD,subscription,APAC,REP003
RV0001393,BK000092,ACC00036,2028-02-11,6293.89,USD,subscription,APAC,REP003
RV0001394,BK000092,ACC00036,2028-03-11,6293.89,USD,subscription,APAC,REP003
RV0001395,BK000092,ACC00036,2028-04-11,6293.89,USD,subscription,APAC,REP003
RV0001396,BK000092,ACC00036,2028-05-11,6293.89,USD,subscription,APAC,REP003
RV0001397,BK000092,ACC00036,2028-06-11,6293.89,USD,subscription,APAC,REP003
RV0001398,BK000092,ACC00036,2028-07-11,6293.89,USD,subscription,APAC,REP003
RV0001399,BK000092,ACC00036,2028-08-11,6293.89,USD,subscription,APAC,REP003
RV0001400,BK000092,ACC00036,2028-09-11,6293.89,USD,subscription,APAC,REP003
RV0001401,BK000092,ACC00036,2028-10-11,6293.89,USD,subscription,APAC,REP003
RV0001402,BK000092,ACC00036,2028-11-11,6293.89,USD,subscription,APAC,REP003
RV0001403,BK000092,ACC00036,2028-12-11,6294.11,USD,subscription,APAC,REP003
RV0001404,BK000093,ACC00036,2026-01-21,1660.67,USD,subscription,APAC,REP003
RV0001405,BK000093,ACC00036,2026-02-21,1660.67,USD,subscription,APAC,REP003
RV0001406,BK000093,ACC00036,2026-03-21,1660.67,USD,subscription,APAC,REP003
RV0001407,BK000093,ACC00036,2026-04-21,1660.67,USD,subscription,APAC,REP003
RV0001408,BK000093,ACC00036,2026-05-21,1660.67,USD,subscription,APAC,REP003
RV0001409,BK000093,ACC00036,2026-06-21,1660.67,USD,subscription,APAC,REP003
RV0001410,BK000093,ACC00036,2026-07-21,1660.67,USD,subscription,APAC,REP003
RV0001411,BK000093,ACC00036,2026-08-21,1660.67,USD,subscription,APAC,REP003
RV0001412,BK000093,ACC00036,2026-09-21,1660.67,USD,subscription,APAC,REP003
RV0001413,BK000093,ACC00036,2026-10-21,1660.67,USD,subscription,APAC,REP003
RV0001414,BK000093,ACC00036,2026-11-21,1660.67,USD,subscription,APAC,REP003
RV0001415,BK000093,ACC00036,2026-12-21,1660.67,USD,subscription,APAC,REP003
RV0001416,BK000093,ACC00036,2027-01-21,1660.67,USD,subscription,APAC,REP003
RV0001417,BK000093,ACC00036,2027-02-21,1660.67,USD,subscription,APAC,REP003
RV0001418,BK000093,ACC00036,2027-03-21,1660.67,USD,subscription,APAC,REP003
RV0001419,BK000093,ACC00036,2027-04-21,1660.67,USD,subscription,APAC,REP003
RV0001420,BK000093,ACC00036,2027-05-21,1660.67,USD,subscription,APAC,REP003
RV0001421,BK000093,ACC00036,2027-06-21,1660.67,USD,subscription,APAC,REP003
RV0001422,BK000093,ACC00036,2027-07-21,1660.67,USD,subscription,APAC,REP003
RV0001423,BK000093,ACC00036,2027-08-21,1660.67,USD,subscription,APAC,REP003
RV0001424,BK000093,ACC00036,2027-09-21,1660.67,USD,subscription,APAC,REP003
RV0001425,BK000093,ACC00036,2027-10-21,1660.67,USD,subscription,APAC,REP003
RV0001426,BK000093,ACC00036,2027-11-21,1660.67,USD,subscription,APAC,REP003
RV0001427,BK000093,ACC00036,2027-12-21,1660.67,USD,subscription,APAC,REP003
RV0001428,BK000093,ACC00036,2028-01-21,1660.67,USD,subscription,APAC,REP003
RV0001429,BK000093,ACC00036,2028-02-21,1660.67,USD,subscription,APAC,REP003
RV0001430,BK000093,ACC00036,2028-03-21,1660.67,USD,subscription,APAC,REP003
RV0001431,BK000093,ACC00036,2028-04-21,1660.67,USD,subscription,APAC,REP003
RV0001432,BK000093,ACC00036,2028-05-21,1660.67,USD,subscription,APAC,REP003
RV0001433,BK000093,ACC00036,2028-06-21,1660.67,USD,subscription,APAC,REP003
RV0001434,BK000093,ACC00036,2028-07-21,1660.67,USD,subscription,APAC,REP003
RV0001435,BK000093,ACC00036,2028-08-21,1660.67,USD,subscription,APAC,REP003
RV0001436,BK000093,ACC00036,2028-09-21,1660.67,USD,subscription,APAC,REP003
RV0001437,BK000093,ACC00036,2028-10-21,1660.67,USD,subscription,APAC,REP003
RV0001438,BK000093,ACC00036,2028-11-21,1660.67,USD,subscription,APAC,REP003
RV0001439,BK000093,ACC00036,2028-12-21,1660.80,USD,subscription,APAC,REP003
RV0001440,BK000094,ACC00037,2026-05-23,2579.06,USD,subscription,AMER,REP005
RV0001441,BK000094,ACC00037,2026-06-23,2579.06,USD,subscription,AMER,REP005
RV0001442,BK000094,ACC00037,2026-07-23,2579.06,USD,subscription,AMER,REP005
RV0001443,BK000094,ACC00037,2026-08-23,2579.06,USD,subscription,AMER,REP005
RV0001444,BK000094,ACC00037,2026-09-23,2579.06,USD,subscription,AMER,REP005
RV0001445,BK000094,ACC00037,2026-10-23,2579.06,USD,subscription,AMER,REP005
RV0001446,BK000094,ACC00037,2026-11-23,2579.06,USD,subscription,AMER,REP005
RV0001447,BK000094,ACC00037,2026-12-23,2579.06,USD,subscription,AMER,REP005
RV0001448,BK000094,ACC00037,2027-01-23,2579.06,USD,subscription,AMER,REP005
RV0001449,BK000094,ACC00037,2027-02-23,2579.06,USD,subscription,AMER,REP005
RV0001450,BK000094,ACC00037,2027-03-23,2579.06,USD,subscription,AMER,REP005
RV0001451,BK000094,ACC00037,2027-04-23,2579.06,USD,subscription,AMER,REP005
RV0001452,BK000094,ACC00037,2027-05-23,2579.06,USD,subscription,AMER,REP005
RV0001453,BK000094,ACC00037,2027-06-23,2579.06,USD,subscription,AMER,REP005
RV0001454,BK000094,ACC00037,2027-07-23,2579.06,USD,subscription,AMER,REP005
RV0001455,BK000094,ACC00037,2027-08-23,2579.06,USD,subscription,AMER,REP005
RV0001456,BK000094,ACC00037,2027-09-23,2579.06,USD,subscription,AMER,REP005
RV0001457,BK000094,ACC00037,2027-10-23,2579.06,USD,subscription,AMER,REP005
RV0001458,BK000094,ACC00037,2027-11-23,2579.06,USD,subscription,AMER,REP005
RV0001459,BK000094,ACC00037,2027-12-23,2579.06,USD,subscription,AMER,REP005
RV0001460,BK000094,ACC00037,2028-01-23,2579.06,USD,subscription,AMER,REP005
RV0001461,BK000094,ACC00037,2028-02-23,2579.06,USD,subscription,AMER,REP005
RV0001462,BK000094,ACC00037,2028-03-23,2579.06,USD,subscription,AMER,REP005
RV0001463,BK000094,ACC00037,2028-04-23,2579.27,USD,subscription,AMER,REP005
RV0001464,BK000095,ACC00037,2026-09-09,1317.32,USD,subscription,AMER,REP005
RV0001465,BK000095,ACC00037,2026-10-09,1317.32,USD,subscription,AMER,REP005
RV0001466,BK000095,ACC00037,2026-11-09,1317.32,USD,subscription,AMER,REP005
RV0001467,BK000095,ACC00037,2026-12-09,1317.32,USD,subscription,AMER,REP005
RV0001468,BK000095,ACC00037,2027-01-09,1317.32,USD,subscription,AMER,REP005
RV0001469,BK000095,ACC00037,2027-02-09,1317.32,USD,subscription,AMER,REP005
RV0001470,BK000095,ACC00037,2027-03-09,1317.32,USD,subscription,AMER,REP005
RV0001471,BK000095,ACC00037,2027-04-09,1317.32,USD,subscription,AMER,REP005
RV0001472,BK000095,ACC00037,2027-05-09,1317.32,USD,subscription,AMER,REP005
RV0001473,BK000095,ACC00037,2027-06-09,1317.32,USD,subscription,AMER,REP005
RV0001474,BK000095,ACC00037,2027-07-09,1317.32,USD,subscription,AMER,REP005
RV0001475,BK000095,ACC00037,2027-08-09,1317.32,USD,subscription,AMER,REP005
RV0001476,BK000095,ACC00037,2027-09-09,1317.32,USD,subscription,AMER,REP005
RV0001477,BK000095,ACC00037,2027-10-09,1317.32,USD,subscription,AMER,REP005
RV0001478,BK000095,ACC00037,2027-11-09,1317.32,USD,subscription,AMER,REP005
RV0001479,BK000095,ACC00037,2027-12-09,1317.32,USD,subscription,AMER,REP005
RV0001480,BK000095,ACC00037,2028-01-09,1317.32,USD,subscription,AMER,REP005
RV0001481,BK000095,ACC00037,2028-02-09,1317.32,USD,subscription,AMER,REP005
RV0001482,BK000095,ACC00037,2028-03-09,1317.32,USD,subscription,AMER,REP005
RV0001483,BK000095,ACC00037,2028-04-09,1317.32,USD,subscription,AMER,REP005
RV0001484,BK000095,ACC00037,2028-05-09,1317.32,USD,subscription,AMER,REP005
RV0001485,BK000095,ACC00037,2028-06-09,1317.32,USD,subscription,AMER,REP005
RV0001486,BK000095,ACC00037,2028-07-09,1317.32,USD,subscription,AMER,REP005
RV0001487,BK000095,ACC00037,2028-08-09,1317.51,USD,subscription,AMER,REP005
RV0001488,BK000096,ACC00037,2026-06-20,9060.77,USD,subscription,AMER,REP005
RV0001489,BK000096,ACC00037,2026-07-20,9060.77,USD,subscription,AMER,REP005
RV0001490,BK000096,ACC00037,2026-08-20,9060.77,USD,subscription,AMER,REP005
RV0001491,BK000096,ACC00037,2026-09-20,9060.77,USD,subscription,AMER,REP005
RV0001492,BK000096,ACC00037,2026-10-20,9060.77,USD,subscription,AMER,REP005
RV0001493,BK000096,ACC00037,2026-11-20,9060.77,USD,subscription,AMER,REP005
RV0001494,BK000096,ACC00037,2026-12-20,9060.77,USD,subscription,AMER,REP005
RV0001495,BK000096,ACC00037,2027-01-20,9060.77,USD,subscription,AMER,REP005
RV0001496,BK000096,ACC00037,2027-02-20,9060.77,USD,subscription,AMER,REP005
RV0001497,BK000096,ACC00037,2027-03-20,9060.77,USD,subscription,AMER,REP005
RV0001498,BK000096,ACC00037,2027-04-20,9060.77,USD,subscription,AMER,REP005
RV0001499,BK000096,ACC00037,2027-05-20,9060.80,USD,subscription,AMER,REP005
RV0001500,BK000097,ACC00037,2026-06-18,5796.88,USD,subscription,AMER,REP005
RV0001501,BK000097,ACC00037,2026-07-18,5796.88,USD,subscription,AMER,REP005
RV0001502,BK000097,ACC00037,2026-08-18,5796.88,USD,subscription,AMER,REP005
RV0001503,BK000097,ACC00037,2026-09-18,5796.88,USD,subscription,AMER,REP005
RV0001504,BK000097,ACC00037,2026-10-18,5796.88,USD,subscription,AMER,REP005
RV0001505,BK000097,ACC00037,2026-11-18,5796.88,USD,subscription,AMER,REP005
RV0001506,BK000097,ACC00037,2026-12-18,5796.88,USD,subscription,AMER,REP005
RV0001507,BK000097,ACC00037,2027-01-18,5796.88,USD,subscription,AMER,REP005
RV0001508,BK000097,ACC00037,2027-02-18,5796.88,USD,subscription,AMER,REP005
RV0001509,BK000097,ACC00037,2027-03-18,5796.88,USD,subscription,AMER,REP005
RV0001510,BK000097,ACC00037,2027-04-18,5796.88,USD,subscription,AMER,REP005
RV0001511,BK000097,ACC00037,2027-05-18,5796.88,USD,subscription,AMER,REP005
RV0001512,BK000097,ACC00037,2027-06-18,5796.88,USD,subscription,AMER,REP005
RV0001513,BK000097,ACC00037,2027-07-18,5796.88,USD,subscription,AMER,REP005
RV0001514,BK000097,ACC00037,2027-08-18,5796.88,USD,subscription,AMER,REP005
RV0001515,BK000097,ACC00037,2027-09-18,5796.88,USD,subscription,AMER,REP005
RV0001516,BK000097,ACC00037,2027-10-18,5796.88,USD,subscription,AMER,REP005
RV0001517,BK000097,ACC00037,2027-11-18,5796.88,USD,subscription,AMER,REP005
RV0001518,BK000097,ACC00037,2027-12-18,5796.88,USD,subscription,AMER,REP005
RV0001519,BK000097,ACC00037,2028-01-18,5796.88,USD,subscription,AMER,REP005
RV0001520,BK000097,ACC00037,2028-02-18,5796.88,USD,subscription,AMER,REP005
RV0001521,BK000097,ACC00037,2028-03-18,5796.88,USD,subscription,AMER,REP005
RV0001522,BK000097,ACC00037,2028-04-18,5796.88,USD,subscription,AMER,REP005
RV0001523,BK000097,ACC00037,2028-05-18,5796.93,USD,subscription,AMER,REP005
RV0001524,BK000098,ACC00038,2026-01-19,153614.25,USD,perpetual,EMEA,REP007
RV0001525,BK000099,ACC00038,2026-05-10,109472.68,USD,perpetual,EMEA,REP007
RV0001526,BK000100,ACC00038,2026-07-26,14472.48,USD,subscription,EMEA,REP007
RV0001527,BK000100,ACC00038,2026-08-26,14472.48,USD,subscription,EMEA,REP007
RV0001528,BK000100,ACC00038,2026-09-26,14472.48,USD,subscription,EMEA,REP007
RV0001529,BK000100,ACC00038,2026-10-26,14472.48,USD,subscription,EMEA,REP007
RV0001530,BK000100,ACC00038,2026-11-26,14472.48,USD,subscription,EMEA,REP007
RV0001531,BK000100,ACC00038,2026-12-26,14472.48,USD,subscription,EMEA,REP007
RV0001532,BK000100,ACC00038,2027-01-26,14472.48,USD,subscription,EMEA,REP007
RV0001533,BK000100,ACC00038,2027-02-26,14472.48,USD,subscription,EMEA,REP007
RV0001534,BK000100,ACC00038,2027-03-26,14472.48,USD,subscription,EMEA,REP007
RV0001535,BK000100,ACC00038,2027-04-26,14472.48,USD,subscription,EMEA,REP007
RV0001536,BK000100,ACC00038,2027-05-26,14472.48,USD,subscription,EMEA,REP007
RV0001537,BK000100,ACC00038,2027-06-26,14472.56,USD,subscription,EMEA,REP007
RV0001538,BK000102,ACC00039,2026-09-13,17571.02,USD,subscription,EMEA,REP007
RV0001539,BK000102,ACC00039,2026-10-13,17571.02,USD,subscription,EMEA,REP007
RV0001540,BK000102,ACC00039,2026-11-13,17571.02,USD,subscription,EMEA,REP007
RV0001541,BK000102,ACC00039,2026-12-13,17571.02,USD,subscription,EMEA,REP007
RV0001542,BK000102,ACC00039,2027-01-13,17571.02,USD,subscription,EMEA,REP007
RV0001543,BK000102,ACC00039,2027-02-13,17571.02,USD,subscription,EMEA,REP007
RV0001544,BK000102,ACC00039,2027-03-13,17571.02,USD,subscription,EMEA,REP007
RV0001545,BK000102,ACC00039,2027-04-13,17571.02,USD,subscription,EMEA,REP007
RV0001546,BK000102,ACC00039,2027-05-13,17571.02,USD,subscription,EMEA,REP007
RV0001547,BK000102,ACC00039,2027-06-13,17571.02,USD,subscription,EMEA,REP007
RV0001548,BK000102,ACC00039,2027-07-13,17571.02,USD,subscription,EMEA,REP007
RV0001549,BK000102,ACC00039,2027-08-13,17571.13,USD,subscription,EMEA,REP007
RV0001550,BK000103,ACC00039,2026-04-15,3775.38,USD,subscription,EMEA,REP007
RV0001551,BK000103,ACC00039,2026-05-15,3775.38,USD,subscription,EMEA,REP007
RV0001552,BK000103,ACC00039,2026-06-15,3775.38,USD,subscription,EMEA,REP007
RV0001553,BK000103,ACC00039,2026-07-15,3775.38,USD,subscription,EMEA,REP007
RV0001554,BK000103,ACC00039,2026-08-15,3775.38,USD,subscription,EMEA,REP007
RV0001555,BK000103,ACC00039,2026-09-15,3775.38,USD,subscription,EMEA,REP007
RV0001556,BK000103,ACC00039,2026-10-15,3775.38,USD,subscription,EMEA,REP007
RV0001557,BK000103,ACC00039,2026-11-15,3775.38,USD,subscription,EMEA,REP007
RV0001558,BK000103,ACC00039,2026-12-15,3775.38,USD,subscription,EMEA,REP007
RV0001559,BK000103,ACC00039,2027-01-15,3775.38,USD,subscription,EMEA,REP007
RV0001560,BK000103,ACC00039,2027-02-15,3775.38,USD,subscription,EMEA,REP007
RV0001561,BK000103,ACC00039,2027-03-15,3775.38,USD,subscription,EMEA,REP007
RV0001562,BK000103,ACC00039,2027-04-15,3775.38,USD,subscription,EMEA,REP007
RV0001563,BK000103,ACC00039,2027-05-15,3775.38,USD,subscription,EMEA,REP007
RV0001564,BK000103,ACC00039,2027-06-15,3775.38,USD,subscription,EMEA,REP007
RV0001565,BK000103,ACC00039,2027-07-15,3775.38,USD,subscription,EMEA,REP007
RV0001566,BK000103,ACC00039,2027-08-15,3775.38,USD,subscription,EMEA,REP007
RV0001567,BK000103,ACC00039,2027-09-15,3775.38,USD,subscription,EMEA,REP007
RV0001568,BK000103,ACC00039,2027-10-15,3775.38,USD,subscription,EMEA,REP007
RV0001569,BK000103,ACC00039,2027-11-15,3775.38,USD,subscription,EMEA,REP007
RV0001570,BK000103,ACC00039,2027-12-15,3775.38,USD,subscription,EMEA,REP007
RV0001571,BK000103,ACC00039,2028-01-15,3775.38,USD,subscription,EMEA,REP007
RV0001572,BK000103,ACC00039,2028-02-15,3775.38,USD,subscription,EMEA,REP007
RV0001573,BK000103,ACC00039,2028-03-15,3775.46,USD,subscription,EMEA,REP007
RV0001574,BK000104,ACC00039,2026-08-13,19607.81,USD,subscription,EMEA,REP007
RV0001575,BK000104,ACC00039,2026-09-13,19607.81,USD,subscription,EMEA,REP007
RV0001576,BK000104,ACC00039,2026-10-13,19607.81,USD,subscription,EMEA,REP007
RV0001577,BK000104,ACC00039,2026-11-13,19607.81,USD,subscription,EMEA,REP007
RV0001578,BK000104,ACC00039,2026-12-13,19607.81,USD,subscription,EMEA,REP007
RV0001579,BK000104,ACC00039,2027-01-13,19607.81,USD,subscription,EMEA,REP007
RV0001580,BK000104,ACC00039,2027-02-13,19607.81,USD,subscription,EMEA,REP007
RV0001581,BK000104,ACC00039,2027-03-13,19607.81,USD,subscription,EMEA,REP007
RV0001582,BK000104,ACC00039,2027-04-13,19607.81,USD,subscription,EMEA,REP007
RV0001583,BK000104,ACC00039,2027-05-13,19607.81,USD,subscription,EMEA,REP007
RV0001584,BK000104,ACC00039,2027-06-13,19607.81,USD,subscription,EMEA,REP007
RV0001585,BK000104,ACC00039,2027-07-13,19607.92,USD,subscription,EMEA,REP007
RV0001586,BK000105,ACC00040,2026-03-23,2924.17,USD,subscription,EMEA,REP004
RV0001587,BK000105,ACC00040,2026-04-23,2924.17,USD,subscription,EMEA,REP004
RV0001588,BK000105,ACC00040,2026-05-23,2924.17,USD,subscription,EMEA,REP004
RV0001589,BK000105,ACC00040,2026-06-23,2924.17,USD,subscription,EMEA,REP004
RV0001590,BK000105,ACC00040,2026-07-23,2924.17,USD,subscription,EMEA,REP004
RV0001591,BK000105,ACC00040,2026-08-23,2924.17,USD,subscription,EMEA,REP004
RV0001592,BK000105,ACC00040,2026-09-23,2924.17,USD,subscription,EMEA,REP004
RV0001593,BK000105,ACC00040,2026-10-23,2924.17,USD,subscription,EMEA,REP004
RV0001594,BK000105,ACC00040,2026-11-23,2924.17,USD,subscription,EMEA,REP004
RV0001595,BK000105,ACC00040,2026-12-23,2924.17,USD,subscription,EMEA,REP004
RV0001596,BK000105,ACC00040,2027-01-23,2924.17,USD,subscription,EMEA,REP004
RV0001597,BK000105,ACC00040,2027-02-23,2924.17,USD,subscription,EMEA,REP004
RV0001598,BK000105,ACC00040,2027-03-23,2924.17,USD,subscription,EMEA,REP004
RV0001599,BK000105,ACC00040,2027-04-23,2924.17,USD,subscription,EMEA,REP004
RV0001600,BK000105,ACC00040,2027-05-23,2924.17,USD,subscription,EMEA,REP004
RV0001601,BK000105,ACC00040,2027-06-23,2924.17,USD,subscription,EMEA,REP004
RV0001602,BK000105,ACC00040,2027-07-23,2924.17,USD,subscription,EMEA,REP004
RV0001603,BK000105,ACC00040,2027-08-23,2924.17,USD,subscription,EMEA,REP004
RV0001604,BK000105,ACC00040,2027-09-23,2924.17,USD,subscription,EMEA,REP004
RV0001605,BK000105,ACC00040,2027-10-23,2924.17,USD,subscription,EMEA,REP004
RV0001606,BK000105,ACC00040,2027-11-23,2924.17,USD,subscription,EMEA,REP004
RV0001607,BK000105,ACC00040,2027-12-23,2924.17,USD,subscription,EMEA,REP004
RV0001608,BK000105,ACC00040,2028-01-23,2924.17,USD,subscription,EMEA,REP004
RV0001609,BK000105,ACC00040,2028-02-23,2924.17,USD,subscription,EMEA,REP004
RV0001610,BK000105,ACC00040,2028-03-23,2924.17,USD,subscription,EMEA,REP004
RV0001611,BK000105,ACC00040,2028-04-23,2924.17,USD,subscription,EMEA,REP004
RV0001612,BK000105,ACC00040,2028-05-23,2924.17,USD,subscription,EMEA,REP004
RV0001613,BK000105,ACC00040,2028-06-23,2924.17,USD,subscription,EMEA,REP004
RV0001614,BK000105,ACC00040,2028-07-23,2924.17,USD,subscription,EMEA,REP004
RV0001615,BK000105,ACC00040,2028-08-23,2924.17,USD,subscription,EMEA,REP004
RV0001616,BK000105,ACC00040,2028-09-23,2924.17,USD,subscription,EMEA,REP004
RV0001617,BK000105,ACC00040,2028-10-23,2924.17,USD,subscription,EMEA,REP004
RV0001618,BK000105,ACC00040,2028-11-23,2924.17,USD,subscription,EMEA,REP004
RV0001619,BK000105,ACC00040,2028-12-23,2924.17,USD,subscription,EMEA,REP004
RV0001620,BK000105,ACC00040,2029-01-23,2924.17,USD,subscription,EMEA,REP004
RV0001621,BK000105,ACC00040,2029-02-23,2924.49,USD,subscription,EMEA,REP004
RV0001622,BK000106,ACC00040,2026-07-28,32275.81,USD,perpetual,EMEA,REP004
RV0001623,BK000107,ACC00041,2026-08-25,3367.92,USD,subscription,EMEA,REP010
RV0001624,BK000107,ACC00041,2026-09-25,3367.92,USD,subscription,EMEA,REP010
RV0001625,BK000107,ACC00041,2026-10-25,3367.92,USD,subscription,EMEA,REP010
RV0001626,BK000107,ACC00041,2026-11-25,3367.92,USD,subscription,EMEA,REP010
RV0001627,BK000107,ACC00041,2026-12-25,3367.92,USD,subscription,EMEA,REP010
RV0001628,BK000107,ACC00041,2027-01-25,3367.92,USD,subscription,EMEA,REP010
RV0001629,BK000107,ACC00041,2027-02-25,3367.92,USD,subscription,EMEA,REP010
RV0001630,BK000107,ACC00041,2027-03-25,3367.92,USD,subscription,EMEA,REP010
RV0001631,BK000107,ACC00041,2027-04-25,3367.92,USD,subscription,EMEA,REP010
RV0001632,BK000107,ACC00041,2027-05-25,3367.92,USD,subscription,EMEA,REP010
RV0001633,BK000107,ACC00041,2027-06-25,3367.92,USD,subscription,EMEA,REP010
RV0001634,BK000107,ACC00041,2027-07-25,3367.97,USD,subscription,EMEA,REP010
RV0001635,BK000108,ACC00042,2026-05-30,7156.21,USD,subscription,APAC,REP006
RV0001636,BK000108,ACC00042,2026-06-30,7156.21,USD,subscription,APAC,REP006
RV0001637,BK000108,ACC00042,2026-07-30,7156.21,USD,subscription,APAC,REP006
RV0001638,BK000108,ACC00042,2026-08-30,7156.21,USD,subscription,APAC,REP006
RV0001639,BK000108,ACC00042,2026-09-30,7156.21,USD,subscription,APAC,REP006
RV0001640,BK000108,ACC00042,2026-10-30,7156.21,USD,subscription,APAC,REP006
RV0001641,BK000108,ACC00042,2026-11-30,7156.21,USD,subscription,APAC,REP006
RV0001642,BK000108,ACC00042,2026-12-30,7156.21,USD,subscription,APAC,REP006
RV0001643,BK000108,ACC00042,2027-01-30,7156.21,USD,subscription,APAC,REP006
RV0001644,BK000108,ACC00042,2027-02-28,7156.21,USD,subscription,APAC,REP006
RV0001645,BK000108,ACC00042,2027-03-30,7156.21,USD,subscription,APAC,REP006
RV0001646,BK000108,ACC00042,2027-04-30,7156.21,USD,subscription,APAC,REP006
RV0001647,BK000108,ACC00042,2027-05-30,7156.21,USD,subscription,APAC,REP006
RV0001648,BK000108,ACC00042,2027-06-30,7156.21,USD,subscription,APAC,REP006
RV0001649,BK000108,ACC00042,2027-07-30,7156.21,USD,subscription,APAC,REP006
RV0001650,BK000108,ACC00042,2027-08-30,7156.21,USD,subscription,APAC,REP006
RV0001651,BK000108,ACC00042,2027-09-30,7156.21,USD,subscription,APAC,REP006
RV0001652,BK000108,ACC00042,2027-10-30,7156.21,USD,subscription,APAC,REP006
RV0001653,BK000108,ACC00042,2027-11-30,7156.21,USD,subscription,APAC,REP006
RV0001654,BK000108,ACC00042,2027-12-30,7156.21,USD,subscription,APAC,REP006
RV0001655,BK000108,ACC00042,2028-01-30,7156.21,USD,subscription,APAC,REP006
RV0001656,BK000108,ACC00042,2028-02-29,7156.21,USD,subscription,APAC,REP006
RV0001657,BK000108,ACC00042,2028-03-30,7156.21,USD,subscription,APAC,REP006
RV0001658,BK000108,ACC00042,2028-04-30,7156.28,USD,subscription,APAC,REP006
RV0001659,BK000109,ACC00042,2026-09-05,159450.66,USD,perpetual,APAC,REP006
RV0001660,BK000110,ACC00042,2026-03-16,129710.10,USD,perpetual,APAC,REP006
RV0001661,BK000112,ACC00043,2026-06-24,171368.49,USD,perpetual,AMER,REP008
RV0001662,BK000113,ACC00043,2026-01-02,2664.02,USD,subscription,AMER,REP008
RV0001663,BK000113,ACC00043,2026-02-02,2664.02,USD,subscription,AMER,REP008
RV0001664,BK000113,ACC00043,2026-03-02,2664.02,USD,subscription,AMER,REP008
RV0001665,BK000113,ACC00043,2026-04-02,2664.02,USD,subscription,AMER,REP008
RV0001666,BK000113,ACC00043,2026-05-02,2664.02,USD,subscription,AMER,REP008
RV0001667,BK000113,ACC00043,2026-06-02,2664.02,USD,subscription,AMER,REP008
RV0001668,BK000113,ACC00043,2026-07-02,2664.02,USD,subscription,AMER,REP008
RV0001669,BK000113,ACC00043,2026-08-02,2664.02,USD,subscription,AMER,REP008
RV0001670,BK000113,ACC00043,2026-09-02,2664.02,USD,subscription,AMER,REP008
RV0001671,BK000113,ACC00043,2026-10-02,2664.02,USD,subscription,AMER,REP008
RV0001672,BK000113,ACC00043,2026-11-02,2664.02,USD,subscription,AMER,REP008
RV0001673,BK000113,ACC00043,2026-12-02,2664.02,USD,subscription,AMER,REP008
RV0001674,BK000113,ACC00043,2027-01-02,2664.02,USD,subscription,AMER,REP008
RV0001675,BK000113,ACC00043,2027-02-02,2664.02,USD,subscription,AMER,REP008
RV0001676,BK000113,ACC00043,2027-03-02,2664.02,USD,subscription,AMER,REP008
RV0001677,BK000113,ACC00043,2027-04-02,2664.02,USD,subscription,AMER,REP008
RV0001678,BK000113,ACC00043,2027-05-02,2664.02,USD,subscription,AMER,REP008
RV0001679,BK000113,ACC00043,2027-06-02,2664.02,USD,subscription,AMER,REP008
RV0001680,BK000113,ACC00043,2027-07-02,2664.02,USD,subscription,AMER,REP008
RV0001681,BK000113,ACC00043,2027-08-02,2664.02,USD,subscription,AMER,REP008
RV0001682,BK000113,ACC00043,2027-09-02,2664.02,USD,subscription,AMER,REP008
RV0001683,BK000113,ACC00043,2027-10-02,2664.02,USD,subscription,AMER,REP008
RV0001684,BK000113,ACC00043,2027-11-02,2664.02,USD,subscription,AMER,REP008
RV0001685,BK000113,ACC00043,2027-12-02,2664.02,USD,subscription,AMER,REP008
RV0001686,BK000113,ACC00043,2028-01-02,2664.02,USD,subscription,AMER,REP008
RV0001687,BK000113,ACC00043,2028-02-02,2664.02,USD,subscription,AMER,REP008
RV0001688,BK000113,ACC00043,2028-03-02,2664.02,USD,subscription,AMER,REP008
RV0001689,BK000113,ACC00043,2028-04-02,2664.02,USD,subscription,AMER,REP008
RV0001690,BK000113,ACC00043,2028-05-02,2664.02,USD,subscription,AMER,REP008
RV0001691,BK000113,ACC00043,2028-06-02,2664.02,USD,subscription,AMER,REP008
RV0001692,BK000113,ACC00043,2028-07-02,2664.02,USD,subscription,AMER,REP008
RV0001693,BK000113,ACC00043,2028-08-02,2664.02,USD,subscription,AMER,REP008
RV0001694,BK000113,ACC00043,2028-09-02,2664.02,USD,subscription,AMER,REP008
RV0001695,BK000113,ACC00043,2028-10-02,2664.02,USD,subscription,AMER,REP008
RV0001696,BK000113,ACC00043,2028-11-02,2664.02,USD,subscription,AMER,REP008
RV0001697,BK000113,ACC00043,2028-12-02,2664.31,USD,subscription,AMER,REP008
RV0001698,BK000114,ACC00043,2026-09-08,2119.18,USD,subscription,AMER,REP008
RV0001699,BK000114,ACC00043,2026-10-08,2119.18,USD,subscription,AMER,REP008
RV0001700,BK000114,ACC00043,2026-11-08,2119.18,USD,subscription,AMER,REP008
RV0001701,BK000114,ACC00043,2026-12-08,2119.18,USD,subscription,AMER,REP008
RV0001702,BK000114,ACC00043,2027-01-08,2119.18,USD,subscription,AMER,REP008
RV0001703,BK000114,ACC00043,2027-02-08,2119.18,USD,subscription,AMER,REP008
RV0001704,BK000114,ACC00043,2027-03-08,2119.18,USD,subscription,AMER,REP008
RV0001705,BK000114,ACC00043,2027-04-08,2119.18,USD,subscription,AMER,REP008
RV0001706,BK000114,ACC00043,2027-05-08,2119.18,USD,subscription,AMER,REP008
RV0001707,BK000114,ACC00043,2027-06-08,2119.18,USD,subscription,AMER,REP008
RV0001708,BK000114,ACC00043,2027-07-08,2119.18,USD,subscription,AMER,REP008
RV0001709,BK000114,ACC00043,2027-08-08,2119.18,USD,subscription,AMER,REP008
RV0001710,BK000114,ACC00043,2027-09-08,2119.18,USD,subscription,AMER,REP008
RV0001711,BK000114,ACC00043,2027-10-08,2119.18,USD,subscription,AMER,REP008
RV0001712,BK000114,ACC00043,2027-11-08,2119.18,USD,subscription,AMER,REP008
RV0001713,BK000114,ACC00043,2027-12-08,2119.18,USD,subscription,AMER,REP008
RV0001714,BK000114,ACC00043,2028-01-08,2119.18,USD,subscription,AMER,REP008
RV0001715,BK000114,ACC00043,2028-02-08,2119.18,USD,subscription,AMER,REP008
RV0001716,BK000114,ACC00043,2028-03-08,2119.18,USD,subscription,AMER,REP008
RV0001717,BK000114,ACC00043,2028-04-08,2119.18,USD,subscription,AMER,REP008
RV0001718,BK000114,ACC00043,2028-05-08,2119.18,USD,subscription,AMER,REP008
RV0001719,BK000114,ACC00043,2028-06-08,2119.18,USD,subscription,AMER,REP008
RV0001720,BK000114,ACC00043,2028-07-08,2119.18,USD,subscription,AMER,REP008
RV0001721,BK000114,ACC00043,2028-08-08,2119.20,USD,subscription,AMER,REP008
RV0001722,BK000115,ACC00043,2026-06-26,3126.34,USD,subscription,AMER,REP008
RV0001723,BK000115,ACC00043,2026-07-26,3126.34,USD,subscription,AMER,REP008
RV0001724,BK000115,ACC00043,2026-08-26,3126.34,USD,subscription,AMER,REP008
RV0001725,BK000115,ACC00043,2026-09-26,3126.34,USD,subscription,AMER,REP008
RV0001726,BK000115,ACC00043,2026-10-26,3126.34,USD,subscription,AMER,REP008
RV0001727,BK000115,ACC00043,2026-11-26,3126.34,USD,subscription,AMER,REP008
RV0001728,BK000115,ACC00043,2026-12-26,3126.34,USD,subscription,AMER,REP008
RV0001729,BK000115,ACC00043,2027-01-26,3126.34,USD,subscription,AMER,REP008
RV0001730,BK000115,ACC00043,2027-02-26,3126.34,USD,subscription,AMER,REP008
RV0001731,BK000115,ACC00043,2027-03-26,3126.34,USD,subscription,AMER,REP008
RV0001732,BK000115,ACC00043,2027-04-26,3126.34,USD,subscription,AMER,REP008
RV0001733,BK000115,ACC00043,2027-05-26,3126.34,USD,subscription,AMER,REP008
RV0001734,BK000115,ACC00043,2027-06-26,3126.34,USD,subscription,AMER,REP008
RV0001735,BK000115,ACC00043,2027-07-26,3126.34,USD,subscription,AMER,REP008
RV0001736,BK000115,ACC00043,2027-08-26,3126.34,USD,subscription,AMER,REP008
RV0001737,BK000115,ACC00043,2027-09-26,3126.34,USD,subscription,AMER,REP008
RV0001738,BK000115,ACC00043,2027-10-26,3126.34,USD,subscription,AMER,REP008
RV0001739,BK000115,ACC00043,2027-11-26,3126.34,USD,subscription,AMER,REP008
RV0001740,BK000115,ACC00043,2027-12-26,3126.34,USD,subscription,AMER,REP008
RV0001741,BK000115,ACC00043,2028-01-26,3126.34,USD,subscription,AMER,REP008
RV0001742,BK000115,ACC00043,2028-02-26,3126.34,USD,subscription,AMER,REP008
RV0001743,BK000115,ACC00043,2028-03-26,3126.34,USD,subscription,AMER,REP008
RV0001744,BK000115,ACC00043,2028-04-26,3126.34,USD,subscription,AMER,REP008
RV0001745,BK000115,ACC00043,2028-05-26,3126.34,USD,subscription,AMER,REP008
RV0001746,BK000115,ACC00043,2028-06-26,3126.34,USD,subscription,AMER,REP008
RV0001747,BK000115,ACC00043,2028-07-26,3126.34,USD,subscription,AMER,REP008
RV0001748,BK000115,ACC00043,2028-08-26,3126.34,USD,subscription,AMER,REP008
RV0001749,BK000115,ACC00043,2028-09-26,3126.34,USD,subscription,AMER,REP008
RV0001750,BK000115,ACC00043,2028-10-26,3126.34,USD,subscription,AMER,REP008
RV0001751,BK000115,ACC00043,2028-11-26,3126.34,USD,subscription,AMER,REP008
RV0001752,BK000115,ACC00043,2028-12-26,3126.34,USD,subscription,AMER,REP008
RV0001753,BK000115,ACC00043,2029-01-26,3126.34,USD,subscription,AMER,REP008
RV0001754,BK000115,ACC00043,2029-02-26,3126.34,USD,subscription,AMER,REP008
RV0001755,BK000115,ACC00043,2029-03-26,3126.34,USD,subscription,AMER,REP008
RV0001756,BK000115,ACC00043,2029-04-26,3126.34,USD,subscription,AMER,REP008
RV0001757,BK000115,ACC00043,2029-05-26,3126.43,USD,subscription,AMER,REP008
RV0001758,BK000116,ACC00044,2026-08-22,3026.96,USD,subscription,APAC,REP006
RV0001759,BK000116,ACC00044,2026-09-22,3026.96,USD,subscription,APAC,REP006
RV0001760,BK000116,ACC00044,2026-10-22,3026.96,USD,subscription,APAC,REP006
RV0001761,BK000116,ACC00044,2026-11-22,3026.96,USD,subscription,APAC,REP006
RV0001762,BK000116,ACC00044,2026-12-22,3026.96,USD,subscription,APAC,REP006
RV0001763,BK000116,ACC00044,2027-01-22,3026.96,USD,subscription,APAC,REP006
RV0001764,BK000116,ACC00044,2027-02-22,3026.96,USD,subscription,APAC,REP006
RV0001765,BK000116,ACC00044,2027-03-22,3026.96,USD,subscription,APAC,REP006
RV0001766,BK000116,ACC00044,2027-04-22,3026.96,USD,subscription,APAC,REP006
RV0001767,BK000116,ACC00044,2027-05-22,3026.96,USD,subscription,APAC,REP006
RV0001768,BK000116,ACC00044,2027-06-22,3026.96,USD,subscription,APAC,REP006
RV0001769,BK000116,ACC00044,2027-07-22,3026.96,USD,subscription,APAC,REP006
RV0001770,BK000116,ACC00044,2027-08-22,3026.96,USD,subscription,APAC,REP006
RV0001771,BK000116,ACC00044,2027-09-22,3026.96,USD,subscription,APAC,REP006
RV0001772,BK000116,ACC00044,2027-10-22,3026.96,USD,subscription,APAC,REP006
RV0001773,BK000116,ACC00044,2027-11-22,3026.96,USD,subscription,APAC,REP006
RV0001774,BK000116,ACC00044,2027-12-22,3026.96,USD,subscription,APAC,REP006
RV0001775,BK000116,ACC00044,2028-01-22,3026.96,USD,subscription,APAC,REP006
RV0001776,BK000116,ACC00044,2028-02-22,3026.96,USD,subscription,APAC,REP006
RV0001777,BK000116,ACC00044,2028-03-22,3026.96,USD,subscription,APAC,REP006
RV0001778,BK000116,ACC00044,2028-04-22,3026.96,USD,subscription,APAC,REP006
RV0001779,BK000116,ACC00044,2028-05-22,3026.96,USD,subscription,APAC,REP006
RV0001780,BK000116,ACC00044,2028-06-22,3026.96,USD,subscription,APAC,REP006
RV0001781,BK000116,ACC00044,2028-07-22,3026.96,USD,subscription,APAC,REP006
RV0001782,BK000116,ACC00044,2028-08-22,3026.96,USD,subscription,APAC,REP006
RV0001783,BK000116,ACC00044,2028-09-22,3026.96,USD,subscription,APAC,REP006
RV0001784,BK000116,ACC00044,2028-10-22,3026.96,USD,subscription,APAC,REP006
RV0001785,BK000116,ACC00044,2028-11-22,3026.96,USD,subscription,APAC,REP006
RV0001786,BK000116,ACC00044,2028-12-22,3026.96,USD,subscription,APAC,REP006
RV0001787,BK000116,ACC00044,2029-01-22,3026.96,USD,subscription,APAC,REP006
RV0001788,BK000116,ACC00044,2029-02-22,3026.96,USD,subscription,APAC,REP006
RV0001789,BK000116,ACC00044,2029-03-22,3026.96,USD,subscription,APAC,REP006
RV0001790,BK000116,ACC00044,2029-04-22,3026.96,USD,subscription,APAC,REP006
RV0001791,BK000116,ACC00044,2029-05-22,3026.96,USD,subscription,APAC,REP006
RV0001792,BK000116,ACC00044,2029-06-22,3026.96,USD,subscription,APAC,REP006
RV0001793,BK000116,ACC00044,2029-07-22,3026.96,USD,subscription,APAC,REP006
RV0001794,BK000117,ACC00044,2026-05-03,192863.45,USD,perpetual,APAC,REP006
RV0001795,BK000118,ACC00044,2026-07-30,15645.60,USD,perpetual,APAC,REP006
RV0001796,BK000119,ACC00044,2026-08-31,9901.46,USD,subscription,APAC,REP006
RV0001797,BK000119,ACC00044,2026-09-30,9901.46,USD,subscription,APAC,REP006
RV0001798,BK000119,ACC00044,2026-10-31,9901.46,USD,subscription,APAC,REP006
RV0001799,BK000119,ACC00044,2026-11-30,9901.46,USD,subscription,APAC,REP006
RV0001800,BK000119,ACC00044,2026-12-31,9901.46,USD,subscription,APAC,REP006
RV0001801,BK000119,ACC00044,2027-01-31,9901.46,USD,subscription,APAC,REP006
RV0001802,BK000119,ACC00044,2027-02-28,9901.46,USD,subscription,APAC,REP006
RV0001803,BK000119,ACC00044,2027-03-31,9901.46,USD,subscription,APAC,REP006
RV0001804,BK000119,ACC00044,2027-04-30,9901.46,USD,subscription,APAC,REP006
RV0001805,BK000119,ACC00044,2027-05-31,9901.46,USD,subscription,APAC,REP006
RV0001806,BK000119,ACC00044,2027-06-30,9901.46,USD,subscription,APAC,REP006
RV0001807,BK000119,ACC00044,2027-07-31,9901.46,USD,subscription,APAC,REP006
RV0001808,BK000119,ACC00044,2027-08-31,9901.46,USD,subscription,APAC,REP006
RV0001809,BK000119,ACC00044,2027-09-30,9901.46,USD,subscription,APAC,REP006
RV0001810,BK000119,ACC00044,2027-10-31,9901.46,USD,subscription,APAC,REP006
RV0001811,BK000119,ACC00044,2027-11-30,9901.46,USD,subscription,APAC,REP006
RV0001812,BK000119,ACC00044,2027-12-31,9901.46,USD,subscription,APAC,REP006
RV0001813,BK000119,ACC00044,2028-01-31,9901.46,USD,subscription,APAC,REP006
RV0001814,BK000119,ACC00044,2028-02-29,9901.46,USD,subscription,APAC,REP006
RV0001815,BK000119,ACC00044,2028-03-31,9901.46,USD,subscription,APAC,REP006
RV0001816,BK000119,ACC00044,2028-04-30,9901.46,USD,subscription,APAC,REP006
RV0001817,BK000119,ACC00044,2028-05-31,9901.46,USD,subscription,APAC,REP006
RV0001818,BK000119,ACC00044,2028-06-30,9901.46,USD,subscription,APAC,REP006
RV0001819,BK000119,ACC00044,2028-07-31,9901.62,USD,subscription,APAC,REP006
RV0001820,BK000120,ACC00045,2026-03-19,13933.72,USD,subscription,APAC,REP009
RV0001821,BK000120,ACC00045,2026-04-19,13933.72,USD,subscription,APAC,REP009
RV0001822,BK000120,ACC00045,2026-05-19,13933.72,USD,subscription,APAC,REP009
RV0001823,BK000120,ACC00045,2026-06-19,13933.72,USD,subscription,APAC,REP009
RV0001824,BK000120,ACC00045,2026-07-19,13933.72,USD,subscription,APAC,REP009
RV0001825,BK000120,ACC00045,2026-08-19,13933.72,USD,subscription,APAC,REP009
RV0001826,BK000120,ACC00045,2026-09-19,13933.72,USD,subscription,APAC,REP009
RV0001827,BK000120,ACC00045,2026-10-19,13933.72,USD,subscription,APAC,REP009
RV0001828,BK000120,ACC00045,2026-11-19,13933.72,USD,subscription,APAC,REP009
RV0001829,BK000120,ACC00045,2026-12-19,13933.72,USD,subscription,APAC,REP009
RV0001830,BK000120,ACC00045,2027-01-19,13933.72,USD,subscription,APAC,REP009
RV0001831,BK000120,ACC00045,2027-02-19,13933.79,USD,subscription,APAC,REP009
RV0001832,BK000121,ACC00045,2026-09-15,199031.69,USD,perpetual,APAC,REP009
RV0001833,BK000122,ACC00045,2026-02-21,148742.24,USD,perpetual,APAC,REP009
RV0001834,BK000123,ACC00045,2026-08-22,256.24,USD,subscription,APAC,REP009
RV0001835,BK000123,ACC00045,2026-09-22,256.24,USD,subscription,APAC,REP009
RV0001836,BK000123,ACC00045,2026-10-22,256.24,USD,subscription,APAC,REP009
RV0001837,BK000123,ACC00045,2026-11-22,256.24,USD,subscription,APAC,REP009
RV0001838,BK000123,ACC00045,2026-12-22,256.24,USD,subscription,APAC,REP009
RV0001839,BK000123,ACC00045,2027-01-22,256.24,USD,subscription,APAC,REP009
RV0001840,BK000123,ACC00045,2027-02-22,256.24,USD,subscription,APAC,REP009
RV0001841,BK000123,ACC00045,2027-03-22,256.24,USD,subscription,APAC,REP009
RV0001842,BK000123,ACC00045,2027-04-22,256.24,USD,subscription,APAC,REP009
RV0001843,BK000123,ACC00045,2027-05-22,256.24,USD,subscription,APAC,REP009
RV0001844,BK000123,ACC00045,2027-06-22,256.24,USD,subscription,APAC,REP009
RV0001845,BK000123,ACC00045,2027-07-22,256.24,USD,subscription,APAC,REP009
RV0001846,BK000123,ACC00045,2027-08-22,256.24,USD,subscription,APAC,REP009
RV0001847,BK000123,ACC00045,2027-09-22,256.24,USD,subscription,APAC,REP009
RV0001848,BK000123,ACC00045,2027-10-22,256.24,USD,subscription,APAC,REP009
RV0001849,BK000123,ACC00045,2027-11-22,256.24,USD,subscription,APAC,REP009
RV0001850,BK000123,ACC00045,2027-12-22,256.24,USD,subscription,APAC,REP009
RV0001851,BK000123,ACC00045,2028-01-22,256.24,USD,subscription,APAC,REP009
RV0001852,BK000123,ACC00045,2028-02-22,256.24,USD,subscription,APAC,REP009
RV0001853,BK000123,ACC00045,2028-03-22,256.24,USD,subscription,APAC,REP009
RV0001854,BK000123,ACC00045,2028-04-22,256.24,USD,subscription,APAC,REP009
RV0001855,BK000123,ACC00045,2028-05-22,256.24,USD,subscription,APAC,REP009
RV0001856,BK000123,ACC00045,2028-06-22,256.24,USD,subscription,APAC,REP009
RV0001857,BK000123,ACC00045,2028-07-22,256.27,USD,subscription,APAC,REP009
RV0001858,BK000124,ACC00046,2026-02-08,6605.62,USD,subscription,APAC,REP012
RV0001859,BK000124,ACC00046,2026-03-08,6605.62,USD,subscription,APAC,REP012
RV0001860,BK000124,ACC00046,2026-04-08,6605.62,USD,subscription,APAC,REP012
RV0001861,BK000124,ACC00046,2026-05-08,6605.62,USD,subscription,APAC,REP012
RV0001862,BK000124,ACC00046,2026-06-08,6605.62,USD,subscription,APAC,REP012
RV0001863,BK000124,ACC00046,2026-07-08,6605.62,USD,subscription,APAC,REP012
RV0001864,BK000124,ACC00046,2026-08-08,6605.62,USD,subscription,APAC,REP012
RV0001865,BK000124,ACC00046,2026-09-08,6605.62,USD,subscription,APAC,REP012
RV0001866,BK000124,ACC00046,2026-10-08,6605.62,USD,subscription,APAC,REP012
RV0001867,BK000124,ACC00046,2026-11-08,6605.62,USD,subscription,APAC,REP012
RV0001868,BK000124,ACC00046,2026-12-08,6605.62,USD,subscription,APAC,REP012
RV0001869,BK000124,ACC00046,2027-01-08,6605.62,USD,subscription,APAC,REP012
RV0001870,BK000124,ACC00046,2027-02-08,6605.62,USD,subscription,APAC,REP012
RV0001871,BK000124,ACC00046,2027-03-08,6605.62,USD,subscription,APAC,REP012
RV0001872,BK000124,ACC00046,2027-04-08,6605.62,USD,subscription,APAC,REP012
RV0001873,BK000124,ACC00046,2027-05-08,6605.62,USD,subscription,APAC,REP012
RV0001874,BK000124,ACC00046,2027-06-08,6605.62,USD,subscription,APAC,REP012
RV0001875,BK000124,ACC00046,2027-07-08,6605.62,USD,subscription,APAC,REP012
RV0001876,BK000124,ACC00046,2027-08-08,6605.62,USD,subscription,APAC,REP012
RV0001877,BK000124,ACC00046,2027-09-08,6605.62,USD,subscription,APAC,REP012
RV0001878,BK000124,ACC00046,2027-10-08,6605.62,USD,subscription,APAC,REP012
RV0001879,BK000124,ACC00046,2027-11-08,6605.62,USD,subscription,APAC,REP012
RV0001880,BK000124,ACC00046,2027-12-08,6605.62,USD,subscription,APAC,REP012
RV0001881,BK000124,ACC00046,2028-01-08,6605.64,USD,subscription,APAC,REP012
RV0001882,BK000125,ACC00046,2026-06-23,5836.97,USD,subscription,APAC,REP012
RV0001883,BK000125,ACC00046,2026-07-23,5836.97,USD,subscription,APAC,REP012
RV0001884,BK000125,ACC00046,2026-08-23,5836.97,USD,subscription,APAC,REP012
RV0001885,BK000125,ACC00046,2026-09-23,5836.97,USD,subscription,APAC,REP012
RV0001886,BK000125,ACC00046,2026-10-23,5836.97,USD,subscription,APAC,REP012
RV0001887,BK000125,ACC00046,2026-11-23,5836.97,USD,subscription,APAC,REP012
RV0001888,BK000125,ACC00046,2026-12-23,5836.97,USD,subscription,APAC,REP012
RV0001889,BK000125,ACC00046,2027-01-23,5836.97,USD,subscription,APAC,REP012
RV0001890,BK000125,ACC00046,2027-02-23,5836.97,USD,subscription,APAC,REP012
RV0001891,BK000125,ACC00046,2027-03-23,5836.97,USD,subscription,APAC,REP012
RV0001892,BK000125,ACC00046,2027-04-23,5836.97,USD,subscription,APAC,REP012
RV0001893,BK000125,ACC00046,2027-05-23,5836.97,USD,subscription,APAC,REP012
RV0001894,BK000125,ACC00046,2027-06-23,5836.97,USD,subscription,APAC,REP012
RV0001895,BK000125,ACC00046,2027-07-23,5836.97,USD,subscription,APAC,REP012
RV0001896,BK000125,ACC00046,2027-08-23,5836.97,USD,subscription,APAC,REP012
RV0001897,BK000125,ACC00046,2027-09-23,5836.97,USD,subscription,APAC,REP012
RV0001898,BK000125,ACC00046,2027-10-23,5836.97,USD,subscription,APAC,REP012
RV0001899,BK000125,ACC00046,2027-11-23,5836.97,USD,subscription,APAC,REP012
RV0001900,BK000125,ACC00046,2027-12-23,5836.97,USD,subscription,APAC,REP012
RV0001901,BK000125,ACC00046,2028-01-23,5836.97,USD,subscription,APAC,REP012
RV0001902,BK000125,ACC00046,2028-02-23,5836.97,USD,subscription,APAC,REP012
RV0001903,BK000125,ACC00046,2028-03-23,5836.97,USD,subscription,APAC,REP012
RV0001904,BK000125,ACC00046,2028-04-23,5836.97,USD,subscription,APAC,REP012
RV0001905,BK000125,ACC00046,2028-05-23,5836.97,USD,subscription,APAC,REP012
RV0001906,BK000125,ACC00046,2028-06-23,5836.97,USD,subscription,APAC,REP012
RV0001907,BK000125,ACC00046,2028-07-23,5836.97,USD,subscription,APAC,REP012
RV0001908,BK000125,ACC00046,2028-08-23,5836.97,USD,subscription,APAC,REP012
RV0001909,BK000125,ACC00046,2028-09-23,5836.97,USD,subscription,APAC,REP012
RV0001910,BK000125,ACC00046,2028-10-23,5836.97,USD,subscription,APAC,REP012
RV0001911,BK000125,ACC00046,2028-11-23,5836.97,USD,subscription,APAC,REP012
RV0001912,BK000125,ACC00046,2028-12-23,5836.97,USD,subscription,APAC,REP012
RV0001913,BK000125,ACC00046,2029-01-23,5836.97,USD,subscription,APAC,REP012
RV0001914,BK000125,ACC00046,2029-02-23,5836.97,USD,subscription,APAC,REP012
RV0001915,BK000125,ACC00046,2029-03-23,5836.97,USD,subscription,APAC,REP012
RV0001916,BK000125,ACC00046,2029-04-23,5836.97,USD,subscription,APAC,REP012
RV0001917,BK000125,ACC00046,2029-05-23,5837.20,USD,subscription,APAC,REP012
RV0001918,BK000126,ACC00047,2026-06-18,9469.86,USD,subscription,AMER,REP005
RV0001919,BK000126,ACC00047,2026-07-18,9469.86,USD,subscription,AMER,REP005
RV0001920,BK000126,ACC00047,2026-08-18,9469.86,USD,subscription,AMER,REP005
RV0001921,BK000126,ACC00047,2026-09-18,9469.86,USD,subscription,AMER,REP005
RV0001922,BK000126,ACC00047,2026-10-18,9469.86,USD,subscription,AMER,REP005
RV0001923,BK000126,ACC00047,2026-11-18,9469.86,USD,subscription,AMER,REP005
RV0001924,BK000126,ACC00047,2026-12-18,9469.86,USD,subscription,AMER,REP005
RV0001925,BK000126,ACC00047,2027-01-18,9469.86,USD,subscription,AMER,REP005
RV0001926,BK000126,ACC00047,2027-02-18,9469.86,USD,subscription,AMER,REP005
RV0001927,BK000126,ACC00047,2027-03-18,9469.86,USD,subscription,AMER,REP005
RV0001928,BK000126,ACC00047,2027-04-18,9469.86,USD,subscription,AMER,REP005
RV0001929,BK000126,ACC00047,2027-05-18,9469.86,USD,subscription,AMER,REP005
RV0001930,BK000126,ACC00047,2027-06-18,9469.86,USD,subscription,AMER,REP005
RV0001931,BK000126,ACC00047,2027-07-18,9469.86,USD,subscription,AMER,REP005
RV0001932,BK000126,ACC00047,2027-08-18,9469.86,USD,subscription,AMER,REP005
RV0001933,BK000126,ACC00047,2027-09-18,9469.86,USD,subscription,AMER,REP005
RV0001934,BK000126,ACC00047,2027-10-18,9469.86,USD,subscription,AMER,REP005
RV0001935,BK000126,ACC00047,2027-11-18,9469.86,USD,subscription,AMER,REP005
RV0001936,BK000126,ACC00047,2027-12-18,9469.86,USD,subscription,AMER,REP005
RV0001937,BK000126,ACC00047,2028-01-18,9469.86,USD,subscription,AMER,REP005
RV0001938,BK000126,ACC00047,2028-02-18,9469.86,USD,subscription,AMER,REP005
RV0001939,BK000126,ACC00047,2028-03-18,9469.86,USD,subscription,AMER,REP005
RV0001940,BK000126,ACC00047,2028-04-18,9469.86,USD,subscription,AMER,REP005
RV0001941,BK000126,ACC00047,2028-05-18,9470.04,USD,subscription,AMER,REP005
RV0001942,BK000127,ACC00048,2026-09-07,182534.85,USD,perpetual,EMEA,REP001
RV0001943,BK000128,ACC00048,2026-02-05,3323.99,USD,subscription,EMEA,REP001
RV0001944,BK000128,ACC00048,2026-03-05,3323.99,USD,subscription,EMEA,REP001
RV0001945,BK000128,ACC00048,2026-04-05,3323.99,USD,subscription,EMEA,REP001
RV0001946,BK000128,ACC00048,2026-05-05,3323.99,USD,subscription,EMEA,REP001
RV0001947,BK000128,ACC00048,2026-06-05,3323.99,USD,subscription,EMEA,REP001
RV0001948,BK000128,ACC00048,2026-07-05,3323.99,USD,subscription,EMEA,REP001
RV0001949,BK000128,ACC00048,2026-08-05,3323.99,USD,subscription,EMEA,REP001
RV0001950,BK000128,ACC00048,2026-09-05,3323.99,USD,subscription,EMEA,REP001
RV0001951,BK000128,ACC00048,2026-10-05,3323.99,USD,subscription,EMEA,REP001
RV0001952,BK000128,ACC00048,2026-11-05,3323.99,USD,subscription,EMEA,REP001
RV0001953,BK000128,ACC00048,2026-12-05,3323.99,USD,subscription,EMEA,REP001
RV0001954,BK000128,ACC00048,2027-01-05,3323.99,USD,subscription,EMEA,REP001
RV0001955,BK000128,ACC00048,2027-02-05,3323.99,USD,subscription,EMEA,REP001
RV0001956,BK000128,ACC00048,2027-03-05,3323.99,USD,subscription,EMEA,REP001
RV0001957,BK000128,ACC00048,2027-04-05,3323.99,USD,subscription,EMEA,REP001
RV0001958,BK000128,ACC00048,2027-05-05,3323.99,USD,subscription,EMEA,REP001
RV0001959,BK000128,ACC00048,2027-06-05,3323.99,USD,subscription,EMEA,REP001
RV0001960,BK000128,ACC00048,2027-07-05,3323.99,USD,subscription,EMEA,REP001
RV0001961,BK000128,ACC00048,2027-08-05,3323.99,USD,subscription,EMEA,REP001
RV0001962,BK000128,ACC00048,2027-09-05,3323.99,USD,subscription,EMEA,REP001
RV0001963,BK000128,ACC00048,2027-10-05,3323.99,USD,subscription,EMEA,REP001
RV0001964,BK000128,ACC00048,2027-11-05,3323.99,USD,subscription,EMEA,REP001
RV0001965,BK000128,ACC00048,2027-12-05,3323.99,USD,subscription,EMEA,REP001
RV0001966,BK000128,ACC00048,2028-01-05,3324.05,USD,subscription,EMEA,REP001
RV0001967,BK000129,ACC00048,2026-04-27,2610.52,USD,subscription,EMEA,REP001
RV0001968,BK000129,ACC00048,2026-05-27,2610.52,USD,subscription,EMEA,REP001
RV0001969,BK000129,ACC00048,2026-06-27,2610.52,USD,subscription,EMEA,REP001
RV0001970,BK000129,ACC00048,2026-07-27,2610.52,USD,subscription,EMEA,REP001
RV0001971,BK000129,ACC00048,2026-08-27,2610.52,USD,subscription,EMEA,REP001
RV0001972,BK000129,ACC00048,2026-09-27,2610.52,USD,subscription,EMEA,REP001
RV0001973,BK000129,ACC00048,2026-10-27,2610.52,USD,subscription,EMEA,REP001
RV0001974,BK000129,ACC00048,2026-11-27,2610.52,USD,subscription,EMEA,REP001
RV0001975,BK000129,ACC00048,2026-12-27,2610.52,USD,subscription,EMEA,REP001
RV0001976,BK000129,ACC00048,2027-01-27,2610.52,USD,subscription,EMEA,REP001
RV0001977,BK000129,ACC00048,2027-02-27,2610.52,USD,subscription,EMEA,REP001
RV0001978,BK000129,ACC00048,2027-03-27,2610.55,USD,subscription,EMEA,REP001
RV0001979,BK000130,ACC00049,2026-08-16,4735.22,USD,subscription,APAC,REP006
RV0001980,BK000130,ACC00049,2026-09-16,4735.22,USD,subscription,APAC,REP006
RV0001981,BK000130,ACC00049,2026-10-16,4735.22,USD,subscription,APAC,REP006
RV0001982,BK000130,ACC00049,2026-11-16,4735.22,USD,subscription,APAC,REP006
RV0001983,BK000130,ACC00049,2026-12-16,4735.22,USD,subscription,APAC,REP006
RV0001984,BK000130,ACC00049,2027-01-16,4735.22,USD,subscription,APAC,REP006
RV0001985,BK000130,ACC00049,2027-02-16,4735.22,USD,subscription,APAC,REP006
RV0001986,BK000130,ACC00049,2027-03-16,4735.22,USD,subscription,APAC,REP006
RV0001987,BK000130,ACC00049,2027-04-16,4735.22,USD,subscription,APAC,REP006
RV0001988,BK000130,ACC00049,2027-05-16,4735.22,USD,subscription,APAC,REP006
RV0001989,BK000130,ACC00049,2027-06-16,4735.22,USD,subscription,APAC,REP006
RV0001990,BK000130,ACC00049,2027-07-16,4735.33,USD,subscription,APAC,REP006
RV0001991,BK000131,ACC00050,2026-06-16,19830.48,USD,perpetual,EMEA,REP004
RV0001992,BK000132,ACC00051,2026-08-09,49845.11,USD,perpetual,EMEA,REP001
RV0001993,BK000133,ACC00051,2026-07-30,15907.82,USD,subscription,EMEA,REP001
RV0001994,BK000133,ACC00051,2026-08-30,15907.82,USD,subscription,EMEA,REP001
RV0001995,BK000133,ACC00051,2026-09-30,15907.82,USD,subscription,EMEA,REP001
RV0001996,BK000133,ACC00051,2026-10-30,15907.82,USD,subscription,EMEA,REP001
RV0001997,BK000133,ACC00051,2026-11-30,15907.82,USD,subscription,EMEA,REP001
RV0001998,BK000133,ACC00051,2026-12-30,15907.82,USD,subscription,EMEA,REP001
RV0001999,BK000133,ACC00051,2027-01-30,15907.82,USD,subscription,EMEA,REP001
RV0002000,BK000133,ACC00051,2027-02-28,15907.82,USD,subscription,EMEA,REP001
RV0002001,BK000133,ACC00051,2027-03-30,15907.82,USD,subscription,EMEA,REP001
RV0002002,BK000133,ACC00051,2027-04-30,15907.82,USD,subscription,EMEA,REP001
RV0002003,BK000133,ACC00051,2027-05-30,15907.82,USD,subscription,EMEA,REP001
RV0002004,BK000133,ACC00051,2027-06-30,15907.92,USD,subscription,EMEA,REP001
RV0002005,BK000134,ACC00051,2026-03-29,59743.52,USD,perpetual,EMEA,REP001
RV0002006,BK000135,ACC00052,2026-05-04,13999.11,USD,subscription,EMEA,REP010
RV0002007,BK000135,ACC00052,2026-06-04,13999.11,USD,subscription,EMEA,REP010
RV0002008,BK000135,ACC00052,2026-07-04,13999.11,USD,subscription,EMEA,REP010
RV0002009,BK000135,ACC00052,2026-08-04,13999.11,USD,subscription,EMEA,REP010
RV0002010,BK000135,ACC00052,2026-09-04,13999.11,USD,subscription,EMEA,REP010
RV0002011,BK000135,ACC00052,2026-10-04,13999.11,USD,subscription,EMEA,REP010
RV0002012,BK000135,ACC00052,2026-11-04,13999.11,USD,subscription,EMEA,REP010
RV0002013,BK000135,ACC00052,2026-12-04,13999.11,USD,subscription,EMEA,REP010
RV0002014,BK000135,ACC00052,2027-01-04,13999.11,USD,subscription,EMEA,REP010
RV0002015,BK000135,ACC00052,2027-02-04,13999.11,USD,subscription,EMEA,REP010
RV0002016,BK000135,ACC00052,2027-03-04,13999.11,USD,subscription,EMEA,REP010
RV0002017,BK000135,ACC00052,2027-04-04,13999.20,USD,subscription,EMEA,REP010
RV0002018,BK000136,ACC00052,2026-04-29,6489.00,USD,subscription,EMEA,REP010
RV0002019,BK000136,ACC00052,2026-05-29,6489.00,USD,subscription,EMEA,REP010
RV0002020,BK000136,ACC00052,2026-06-29,6489.00,USD,subscription,EMEA,REP010
RV0002021,BK000136,ACC00052,2026-07-29,6489.00,USD,subscription,EMEA,REP010
RV0002022,BK000136,ACC00052,2026-08-29,6489.00,USD,subscription,EMEA,REP010
RV0002023,BK000136,ACC00052,2026-09-29,6489.00,USD,subscription,EMEA,REP010
RV0002024,BK000136,ACC00052,2026-10-29,6489.00,USD,subscription,EMEA,REP010
RV0002025,BK000136,ACC00052,2026-11-29,6489.00,USD,subscription,EMEA,REP010
RV0002026,BK000136,ACC00052,2026-12-29,6489.00,USD,subscription,EMEA,REP010
RV0002027,BK000136,ACC00052,2027-01-29,6489.00,USD,subscription,EMEA,REP010
RV0002028,BK000136,ACC00052,2027-02-28,6489.00,USD,subscription,EMEA,REP010
RV0002029,BK000136,ACC00052,2027-03-29,6489.00,USD,subscription,EMEA,REP010
RV0002030,BK000136,ACC00052,2027-04-29,6489.00,USD,subscription,EMEA,REP010
RV0002031,BK000136,ACC00052,2027-05-29,6489.00,USD,subscription,EMEA,REP010
RV0002032,BK000136,ACC00052,2027-06-29,6489.00,USD,subscription,EMEA,REP010
RV0002033,BK000136,ACC00052,2027-07-29,6489.00,USD,subscription,EMEA,REP010
RV0002034,BK000136,ACC00052,2027-08-29,6489.00,USD,subscription,EMEA,REP010
RV0002035,BK000136,ACC00052,2027-09-29,6489.00,USD,subscription,EMEA,REP010
RV0002036,BK000136,ACC00052,2027-10-29,6489.00,USD,subscription,EMEA,REP010
RV0002037,BK000136,ACC00052,2027-11-29,6489.00,USD,subscription,EMEA,REP010
RV0002038,BK000136,ACC00052,2027-12-29,6489.00,USD,subscription,EMEA,REP010
RV0002039,BK000136,ACC00052,2028-01-29,6489.00,USD,subscription,EMEA,REP010
RV0002040,BK000136,ACC00052,2028-02-29,6489.00,USD,subscription,EMEA,REP010
RV0002041,BK000136,ACC00052,2028-03-29,6489.23,USD,subscription,EMEA,REP010
RV0002042,BK000137,ACC00052,2026-05-11,224754.61,USD,perpetual,EMEA,REP010
RV0002043,BK000138,ACC00052,2026-08-27,8126.09,USD,subscription,EMEA,REP010
RV0002044,BK000138,ACC00052,2026-09-27,8126.09,USD,subscription,EMEA,REP010
RV0002045,BK000138,ACC00052,2026-10-27,8126.09,USD,subscription,EMEA,REP010
RV0002046,BK000138,ACC00052,2026-11-27,8126.09,USD,subscription,EMEA,REP010
RV0002047,BK000138,ACC00052,2026-12-27,8126.09,USD,subscription,EMEA,REP010
RV0002048,BK000138,ACC00052,2027-01-27,8126.09,USD,subscription,EMEA,REP010
RV0002049,BK000138,ACC00052,2027-02-27,8126.09,USD,subscription,EMEA,REP010
RV0002050,BK000138,ACC00052,2027-03-27,8126.09,USD,subscription,EMEA,REP010
RV0002051,BK000138,ACC00052,2027-04-27,8126.09,USD,subscription,EMEA,REP010
RV0002052,BK000138,ACC00052,2027-05-27,8126.09,USD,subscription,EMEA,REP010
RV0002053,BK000138,ACC00052,2027-06-27,8126.09,USD,subscription,EMEA,REP010
RV0002054,BK000138,ACC00052,2027-07-27,8126.18,USD,subscription,EMEA,REP010
RV0002055,BK000139,ACC00053,2026-08-15,4873.02,USD,subscription,APAC,REP012
RV0002056,BK000139,ACC00053,2026-09-15,4873.02,USD,subscription,APAC,REP012
RV0002057,BK000139,ACC00053,2026-10-15,4873.02,USD,subscription,APAC,REP012
RV0002058,BK000139,ACC00053,2026-11-15,4873.02,USD,subscription,APAC,REP012
RV0002059,BK000139,ACC00053,2026-12-15,4873.02,USD,subscription,APAC,REP012
RV0002060,BK000139,ACC00053,2027-01-15,4873.02,USD,subscription,APAC,REP012
RV0002061,BK000139,ACC00053,2027-02-15,4873.02,USD,subscription,APAC,REP012
RV0002062,BK000139,ACC00053,2027-03-15,4873.02,USD,subscription,APAC,REP012
RV0002063,BK000139,ACC00053,2027-04-15,4873.02,USD,subscription,APAC,REP012
RV0002064,BK000139,ACC00053,2027-05-15,4873.02,USD,subscription,APAC,REP012
RV0002065,BK000139,ACC00053,2027-06-15,4873.02,USD,subscription,APAC,REP012
RV0002066,BK000139,ACC00053,2027-07-15,4873.02,USD,subscription,APAC,REP012
RV0002067,BK000139,ACC00053,2027-08-15,4873.02,USD,subscription,APAC,REP012
RV0002068,BK000139,ACC00053,2027-09-15,4873.02,USD,subscription,APAC,REP012
RV0002069,BK000139,ACC00053,2027-10-15,4873.02,USD,subscription,APAC,REP012
RV0002070,BK000139,ACC00053,2027-11-15,4873.02,USD,subscription,APAC,REP012
RV0002071,BK000139,ACC00053,2027-12-15,4873.02,USD,subscription,APAC,REP012
RV0002072,BK000139,ACC00053,2028-01-15,4873.02,USD,subscription,APAC,REP012
RV0002073,BK000139,ACC00053,2028-02-15,4873.02,USD,subscription,APAC,REP012
RV0002074,BK000139,ACC00053,2028-03-15,4873.02,USD,subscription,APAC,REP012
RV0002075,BK000139,ACC00053,2028-04-15,4873.02,USD,subscription,APAC,REP012
RV0002076,BK000139,ACC00053,2028-05-15,4873.02,USD,subscription,APAC,REP012
RV0002077,BK000139,ACC00053,2028-06-15,4873.02,USD,subscription,APAC,REP012
RV0002078,BK000139,ACC00053,2028-07-15,4873.12,USD,subscription,APAC,REP012
RV0002079,BK000140,ACC00054,2026-05-09,12857.38,USD,subscription,AMER,REP005
RV0002080,BK000140,ACC00054,2026-06-09,12857.38,USD,subscription,AMER,REP005
RV0002081,BK000140,ACC00054,2026-07-09,12857.38,USD,subscription,AMER,REP005
RV0002082,BK000140,ACC00054,2026-08-09,12857.38,USD,subscription,AMER,REP005
RV0002083,BK000140,ACC00054,2026-09-09,12857.38,USD,subscription,AMER,REP005
RV0002084,BK000140,ACC00054,2026-10-09,12857.38,USD,subscription,AMER,REP005
RV0002085,BK000140,ACC00054,2026-11-09,12857.38,USD,subscription,AMER,REP005
RV0002086,BK000140,ACC00054,2026-12-09,12857.38,USD,subscription,AMER,REP005
RV0002087,BK000140,ACC00054,2027-01-09,12857.38,USD,subscription,AMER,REP005
RV0002088,BK000140,ACC00054,2027-02-09,12857.38,USD,subscription,AMER,REP005
RV0002089,BK000140,ACC00054,2027-03-09,12857.38,USD,subscription,AMER,REP005
RV0002090,BK000140,ACC00054,2027-04-09,12857.48,USD,subscription,AMER,REP005
RV0002091,BK000142,ACC00054,2026-07-15,192905.41,USD,perpetual,AMER,REP005
RV0002092,BK000143,ACC00054,2026-06-01,235639.12,USD,perpetual,AMER,REP005
RV0002093,BK000144,ACC00055,2026-05-21,103.25,USD,subscription,EMEA,REP007
RV0002094,BK000144,ACC00055,2026-06-21,103.25,USD,subscription,EMEA,REP007
RV0002095,BK000144,ACC00055,2026-07-21,103.25,USD,subscription,EMEA,REP007
RV0002096,BK000144,ACC00055,2026-08-21,103.25,USD,subscription,EMEA,REP007
RV0002097,BK000144,ACC00055,2026-09-21,103.25,USD,subscription,EMEA,REP007
RV0002098,BK000144,ACC00055,2026-10-21,103.25,USD,subscription,EMEA,REP007
RV0002099,BK000144,ACC00055,2026-11-21,103.25,USD,subscription,EMEA,REP007
RV0002100,BK000144,ACC00055,2026-12-21,103.25,USD,subscription,EMEA,REP007
RV0002101,BK000144,ACC00055,2027-01-21,103.25,USD,subscription,EMEA,REP007
RV0002102,BK000144,ACC00055,2027-02-21,103.25,USD,subscription,EMEA,REP007
RV0002103,BK000144,ACC00055,2027-03-21,103.25,USD,subscription,EMEA,REP007
RV0002104,BK000144,ACC00055,2027-04-21,103.25,USD,subscription,EMEA,REP007
RV0002105,BK000144,ACC00055,2027-05-21,103.25,USD,subscription,EMEA,REP007
RV0002106,BK000144,ACC00055,2027-06-21,103.25,USD,subscription,EMEA,REP007
RV0002107,BK000144,ACC00055,2027-07-21,103.25,USD,subscription,EMEA,REP007
RV0002108,BK000144,ACC00055,2027-08-21,103.25,USD,subscription,EMEA,REP007
RV0002109,BK000144,ACC00055,2027-09-21,103.25,USD,subscription,EMEA,REP007
RV0002110,BK000144,ACC00055,2027-10-21,103.25,USD,subscription,EMEA,REP007
RV0002111,BK000144,ACC00055,2027-11-21,103.25,USD,subscription,EMEA,REP007
RV0002112,BK000144,ACC00055,2027-12-21,103.25,USD,subscription,EMEA,REP007
RV0002113,BK000144,ACC00055,2028-01-21,103.25,USD,subscription,EMEA,REP007
RV0002114,BK000144,ACC00055,2028-02-21,103.25,USD,subscription,EMEA,REP007
RV0002115,BK000144,ACC00055,2028-03-21,103.25,USD,subscription,EMEA,REP007
RV0002116,BK000144,ACC00055,2028-04-21,103.25,USD,subscription,EMEA,REP007
RV0002117,BK000144,ACC00055,2028-05-21,103.25,USD,subscription,EMEA,REP007
RV0002118,BK000144,ACC00055,2028-06-21,103.25,USD,subscription,EMEA,REP007
RV0002119,BK000144,ACC00055,2028-07-21,103.25,USD,subscription,EMEA,REP007
RV0002120,BK000144,ACC00055,2028-08-21,103.25,USD,subscription,EMEA,REP007
RV0002121,BK000144,ACC00055,2028-09-21,103.25,USD,subscription,EMEA,REP007
RV0002122,BK000144,ACC00055,2028-10-21,103.25,USD,subscription,EMEA,REP007
RV0002123,BK000144,ACC00055,2028-11-21,103.25,USD,subscription,EMEA,REP007
RV0002124,BK000144,ACC00055,2028-12-21,103.25,USD,subscription,EMEA,REP007
RV0002125,BK000144,ACC00055,2029-01-21,103.25,USD,subscription,EMEA,REP007
RV0002126,BK000144,ACC00055,2029-02-21,103.25,USD,subscription,EMEA,REP007
RV0002127,BK000144,ACC00055,2029-03-21,103.25,USD,subscription,EMEA,REP007
RV0002128,BK000144,ACC00055,2029-04-21,103.47,USD,subscription,EMEA,REP007
RV0002129,BK000145,ACC00055,2026-01-26,8519.84,USD,subscription,EMEA,REP007
RV0002130,BK000145,ACC00055,2026-02-26,8519.84,USD,subscription,EMEA,REP007
RV0002131,BK000145,ACC00055,2026-03-26,8519.84,USD,subscription,EMEA,REP007
RV0002132,BK000145,ACC00055,2026-04-26,8519.84,USD,subscription,EMEA,REP007
RV0002133,BK000145,ACC00055,2026-05-26,8519.84,USD,subscription,EMEA,REP007
RV0002134,BK000145,ACC00055,2026-06-26,8519.84,USD,subscription,EMEA,REP007
RV0002135,BK000145,ACC00055,2026-07-26,8519.84,USD,subscription,EMEA,REP007
RV0002136,BK000145,ACC00055,2026-08-26,8519.84,USD,subscription,EMEA,REP007
RV0002137,BK000145,ACC00055,2026-09-26,8519.84,USD,subscription,EMEA,REP007
RV0002138,BK000145,ACC00055,2026-10-26,8519.84,USD,subscription,EMEA,REP007
RV0002139,BK000145,ACC00055,2026-11-26,8519.84,USD,subscription,EMEA,REP007
RV0002140,BK000145,ACC00055,2026-12-26,8519.84,USD,subscription,EMEA,REP007
RV0002141,BK000145,ACC00055,2027-01-26,8519.84,USD,subscription,EMEA,REP007
RV0002142,BK000145,ACC00055,2027-02-26,8519.84,USD,subscription,EMEA,REP007
RV0002143,BK000145,ACC00055,2027-03-26,8519.84,USD,subscription,EMEA,REP007
RV0002144,BK000145,ACC00055,2027-04-26,8519.84,USD,subscription,EMEA,REP007
RV0002145,BK000145,ACC00055,2027-05-26,8519.84,USD,subscription,EMEA,REP007
RV0002146,BK000145,ACC00055,2027-06-26,8519.84,USD,subscription,EMEA,REP007
RV0002147,BK000145,ACC00055,2027-07-26,8519.84,USD,subscription,EMEA,REP007
RV0002148,BK000145,ACC00055,2027-08-26,8519.84,USD,subscription,EMEA,REP007
RV0002149,BK000145,ACC00055,2027-09-26,8519.84,USD,subscription,EMEA,REP007
RV0002150,BK000145,ACC00055,2027-10-26,8519.84,USD,subscription,EMEA,REP007
RV0002151,BK000145,ACC00055,2027-11-26,8519.84,USD,subscription,EMEA,REP007
RV0002152,BK000145,ACC00055,2027-12-26,8519.93,USD,subscription,EMEA,REP007
RV0002153,BK000146,ACC00055,2026-04-28,17058.10,USD,subscription,EMEA,REP007
RV0002154,BK000146,ACC00055,2026-05-28,17058.10,USD,subscription,EMEA,REP007
RV0002155,BK000146,ACC00055,2026-06-28,17058.10,USD,subscription,EMEA,REP007
RV0002156,BK000146,ACC00055,2026-07-28,17058.10,USD,subscription,EMEA,REP007
RV0002157,BK000146,ACC00055,2026-08-28,17058.10,USD,subscription,EMEA,REP007
RV0002158,BK000146,ACC00055,2026-09-28,17058.10,USD,subscription,EMEA,REP007
RV0002159,BK000146,ACC00055,2026-10-28,17058.10,USD,subscription,EMEA,REP007
RV0002160,BK000146,ACC00055,2026-11-28,17058.10,USD,subscription,EMEA,REP007
RV0002161,BK000146,ACC00055,2026-12-28,17058.10,USD,subscription,EMEA,REP007
RV0002162,BK000146,ACC00055,2027-01-28,17058.10,USD,subscription,EMEA,REP007
RV0002163,BK000146,ACC00055,2027-02-28,17058.10,USD,subscription,EMEA,REP007
RV0002164,BK000146,ACC00055,2027-03-28,17058.11,USD,subscription,EMEA,REP007
RV0002165,BK000147,ACC00055,2026-04-08,209336.50,USD,perpetual,EMEA,REP007
RV0002166,BK000149,ACC00056,2026-08-14,338.75,USD,subscription,AMER,REP002
RV0002167,BK000149,ACC00056,2026-09-14,338.75,USD,subscription,AMER,REP002
RV0002168,BK000149,ACC00056,2026-10-14,338.75,USD,subscription,AMER,REP002
RV0002169,BK000149,ACC00056,2026-11-14,338.75,USD,subscription,AMER,REP002
RV0002170,BK000149,ACC00056,2026-12-14,338.75,USD,subscription,AMER,REP002
RV0002171,BK000149,ACC00056,2027-01-14,338.75,USD,subscription,AMER,REP002
RV0002172,BK000149,ACC00056,2027-02-14,338.75,USD,subscription,AMER,REP002
RV0002173,BK000149,ACC00056,2027-03-14,338.75,USD,subscription,AMER,REP002
RV0002174,BK000149,ACC00056,2027-04-14,338.75,USD,subscription,AMER,REP002
RV0002175,BK000149,ACC00056,2027-05-14,338.75,USD,subscription,AMER,REP002
RV0002176,BK000149,ACC00056,2027-06-14,338.75,USD,subscription,AMER,REP002
RV0002177,BK000149,ACC00056,2027-07-14,338.75,USD,subscription,AMER,REP002
RV0002178,BK000149,ACC00056,2027-08-14,338.75,USD,subscription,AMER,REP002
RV0002179,BK000149,ACC00056,2027-09-14,338.75,USD,subscription,AMER,REP002
RV0002180,BK000149,ACC00056,2027-10-14,338.75,USD,subscription,AMER,REP002
RV0002181,BK000149,ACC00056,2027-11-14,338.75,USD,subscription,AMER,REP002
RV0002182,BK000149,ACC00056,2027-12-14,338.75,USD,subscription,AMER,REP002
RV0002183,BK000149,ACC00056,2028-01-14,338.75,USD,subscription,AMER,REP002
RV0002184,BK000149,ACC00056,2028-02-14,338.75,USD,subscription,AMER,REP002
RV0002185,BK000149,ACC00056,2028-03-14,338.75,USD,subscription,AMER,REP002
RV0002186,BK000149,ACC00056,2028-04-14,338.75,USD,subscription,AMER,REP002
RV0002187,BK000149,ACC00056,2028-05-14,338.75,USD,subscription,AMER,REP002
RV0002188,BK000149,ACC00056,2028-06-14,338.75,USD,subscription,AMER,REP002
RV0002189,BK000149,ACC00056,2028-07-14,338.75,USD,subscription,AMER,REP002
RV0002190,BK000149,ACC00056,2028-08-14,338.75,USD,subscription,AMER,REP002
RV0002191,BK000149,ACC00056,2028-09-14,338.75,USD,subscription,AMER,REP002
RV0002192,BK000149,ACC00056,2028-10-14,338.75,USD,subscription,AMER,REP002
RV0002193,BK000149,ACC00056,2028-11-14,338.75,USD,subscription,AMER,REP002
RV0002194,BK000149,ACC00056,2028-12-14,338.75,USD,subscription,AMER,REP002
RV0002195,BK000149,ACC00056,2029-01-14,338.75,USD,subscription,AMER,REP002
RV0002196,BK000149,ACC00056,2029-02-14,338.75,USD,subscription,AMER,REP002
RV0002197,BK000149,ACC00056,2029-03-14,338.75,USD,subscription,AMER,REP002
RV0002198,BK000149,ACC00056,2029-04-14,338.75,USD,subscription,AMER,REP002
RV0002199,BK000149,ACC00056,2029-05-14,338.75,USD,subscription,AMER,REP002
RV0002200,BK000149,ACC00056,2029-06-14,338.75,USD,subscription,AMER,REP002
RV0002201,BK000149,ACC00056,2029-07-14,339.02,USD,subscription,AMER,REP002
RV0002202,BK000150,ACC00057,2026-02-16,100022.63,USD,perpetual,APAC,REP003
RV0002203,BK000151,ACC00057,2026-08-01,59935.02,USD,perpetual,APAC,REP003
RV0002204,BK000152,ACC00058,2026-09-29,14114.53,USD,subscription,APAC,REP003
RV0002205,BK000152,ACC00058,2026-10-29,14114.53,USD,subscription,APAC,REP003
RV0002206,BK000152,ACC00058,2026-11-29,14114.53,USD,subscription,APAC,REP003
RV0002207,BK000152,ACC00058,2026-12-29,14114.53,USD,subscription,APAC,REP003
RV0002208,BK000152,ACC00058,2027-01-29,14114.53,USD,subscription,APAC,REP003
RV0002209,BK000152,ACC00058,2027-02-28,14114.53,USD,subscription,APAC,REP003
RV0002210,BK000152,ACC00058,2027-03-29,14114.53,USD,subscription,APAC,REP003
RV0002211,BK000152,ACC00058,2027-04-29,14114.53,USD,subscription,APAC,REP003
RV0002212,BK000152,ACC00058,2027-05-29,14114.53,USD,subscription,APAC,REP003
RV0002213,BK000152,ACC00058,2027-06-29,14114.53,USD,subscription,APAC,REP003
RV0002214,BK000152,ACC00058,2027-07-29,14114.53,USD,subscription,APAC,REP003
RV0002215,BK000152,ACC00058,2027-08-29,14114.55,USD,subscription,APAC,REP003
RV0002216,BK000153,ACC00058,2026-05-12,6778.38,USD,subscription,APAC,REP003
RV0002217,BK000153,ACC00058,2026-06-12,6778.38,USD,subscription,APAC,REP003
RV0002218,BK000153,ACC00058,2026-07-12,6778.38,USD,subscription,APAC,REP003
RV0002219,BK000153,ACC00058,2026-08-12,6778.38,USD,subscription,APAC,REP003
RV0002220,BK000153,ACC00058,2026-09-12,6778.38,USD,subscription,APAC,REP003
RV0002221,BK000153,ACC00058,2026-10-12,6778.38,USD,subscription,APAC,REP003
RV0002222,BK000153,ACC00058,2026-11-12,6778.38,USD,subscription,APAC,REP003
RV0002223,BK000153,ACC00058,2026-12-12,6778.38,USD,subscription,APAC,REP003
RV0002224,BK000153,ACC00058,2027-01-12,6778.38,USD,subscription,APAC,REP003
RV0002225,BK000153,ACC00058,2027-02-12,6778.38,USD,subscription,APAC,REP003
RV0002226,BK000153,ACC00058,2027-03-12,6778.38,USD,subscription,APAC,REP003
RV0002227,BK000153,ACC00058,2027-04-12,6778.38,USD,subscription,APAC,REP003
RV0002228,BK000153,ACC00058,2027-05-12,6778.38,USD,subscription,APAC,REP003
RV0002229,BK000153,ACC00058,2027-06-12,6778.38,USD,subscription,APAC,REP003
RV0002230,BK000153,ACC00058,2027-07-12,6778.38,USD,subscription,APAC,REP003
RV0002231,BK000153,ACC00058,2027-08-12,6778.38,USD,subscription,APAC,REP003
RV0002232,BK000153,ACC00058,2027-09-12,6778.38,USD,subscription,APAC,REP003
RV0002233,BK000153,ACC00058,2027-10-12,6778.38,USD,subscription,APAC,REP003
RV0002234,BK000153,ACC00058,2027-11-12,6778.38,USD,subscription,APAC,REP003
RV0002235,BK000153,ACC00058,2027-12-12,6778.38,USD,subscription,APAC,REP003
RV0002236,BK000153,ACC00058,2028-01-12,6778.38,USD,subscription,APAC,REP003
RV0002237,BK000153,ACC00058,2028-02-12,6778.38,USD,subscription,APAC,REP003
RV0002238,BK000153,ACC00058,2028-03-12,6778.38,USD,subscription,APAC,REP003
RV0002239,BK000153,ACC00058,2028-04-12,6778.56,USD,subscription,APAC,REP003
RV0002240,BK000154,ACC00058,2026-06-23,3303.71,USD,subscription,APAC,REP003
RV0002241,BK000154,ACC00058,2026-07-23,3303.71,USD,subscription,APAC,REP003
RV0002242,BK000154,ACC00058,2026-08-23,3303.71,USD,subscription,APAC,REP003
RV0002243,BK000154,ACC00058,2026-09-23,3303.71,USD,subscription,APAC,REP003
RV0002244,BK000154,ACC00058,2026-10-23,3303.71,USD,subscription,APAC,REP003
RV0002245,BK000154,ACC00058,2026-11-23,3303.71,USD,subscription,APAC,REP003
RV0002246,BK000154,ACC00058,2026-12-23,3303.71,USD,subscription,APAC,REP003
RV0002247,BK000154,ACC00058,2027-01-23,3303.71,USD,subscription,APAC,REP003
RV0002248,BK000154,ACC00058,2027-02-23,3303.71,USD,subscription,APAC,REP003
RV0002249,BK000154,ACC00058,2027-03-23,3303.71,USD,subscription,APAC,REP003
RV0002250,BK000154,ACC00058,2027-04-23,3303.71,USD,subscription,APAC,REP003
RV0002251,BK000154,ACC00058,2027-05-23,3303.73,USD,subscription,APAC,REP003
RV0002252,BK000155,ACC00059,2026-04-26,9497.35,USD,subscription,EMEA,REP010
RV0002253,BK000155,ACC00059,2026-05-26,9497.35,USD,subscription,EMEA,REP010
RV0002254,BK000155,ACC00059,2026-06-26,9497.35,USD,subscription,EMEA,REP010
RV0002255,BK000155,ACC00059,2026-07-26,9497.35,USD,subscription,EMEA,REP010
RV0002256,BK000155,ACC00059,2026-08-26,9497.35,USD,subscription,EMEA,REP010
RV0002257,BK000155,ACC00059,2026-09-26,9497.35,USD,subscription,EMEA,REP010
RV0002258,BK000155,ACC00059,2026-10-26,9497.35,USD,subscription,EMEA,REP010
RV0002259,BK000155,ACC00059,2026-11-26,9497.35,USD,subscription,EMEA,REP010
RV0002260,BK000155,ACC00059,2026-12-26,9497.35,USD,subscription,EMEA,REP010
RV0002261,BK000155,ACC00059,2027-01-26,9497.35,USD,subscription,EMEA,REP010
RV0002262,BK000155,ACC00059,2027-02-26,9497.35,USD,subscription,EMEA,REP010
RV0002263,BK000155,ACC00059,2027-03-26,9497.35,USD,subscription,EMEA,REP010
RV0002264,BK000155,ACC00059,2027-04-26,9497.35,USD,subscription,EMEA,REP010
RV0002265,BK000155,ACC00059,2027-05-26,9497.35,USD,subscription,EMEA,REP010
RV0002266,BK000155,ACC00059,2027-06-26,9497.35,USD,subscription,EMEA,REP010
RV0002267,BK000155,ACC00059,2027-07-26,9497.35,USD,subscription,EMEA,REP010
RV0002268,BK000155,ACC00059,2027-08-26,9497.35,USD,subscription,EMEA,REP010
RV0002269,BK000155,ACC00059,2027-09-26,9497.35,USD,subscription,EMEA,REP010
RV0002270,BK000155,ACC00059,2027-10-26,9497.35,USD,subscription,EMEA,REP010
RV0002271,BK000155,ACC00059,2027-11-26,9497.35,USD,subscription,EMEA,REP010
RV0002272,BK000155,ACC00059,2027-12-26,9497.35,USD,subscription,EMEA,REP010
RV0002273,BK000155,ACC00059,2028-01-26,9497.35,USD,subscription,EMEA,REP010
RV0002274,BK000155,ACC00059,2028-02-26,9497.35,USD,subscription,EMEA,REP010
RV0002275,BK000155,ACC00059,2028-03-26,9497.53,USD,subscription,EMEA,REP010
RV0002276,BK000156,ACC00059,2026-07-07,2608.38,USD,subscription,EMEA,REP010
RV0002277,BK000156,ACC00059,2026-08-07,2608.38,USD,subscription,EMEA,REP010
RV0002278,BK000156,ACC00059,2026-09-07,2608.38,USD,subscription,EMEA,REP010
RV0002279,BK000156,ACC00059,2026-10-07,2608.38,USD,subscription,EMEA,REP010
RV0002280,BK000156,ACC00059,2026-11-07,2608.38,USD,subscription,EMEA,REP010
RV0002281,BK000156,ACC00059,2026-12-07,2608.38,USD,subscription,EMEA,REP010
RV0002282,BK000156,ACC00059,2027-01-07,2608.38,USD,subscription,EMEA,REP010
RV0002283,BK000156,ACC00059,2027-02-07,2608.38,USD,subscription,EMEA,REP010
RV0002284,BK000156,ACC00059,2027-03-07,2608.38,USD,subscription,EMEA,REP010
RV0002285,BK000156,ACC00059,2027-04-07,2608.38,USD,subscription,EMEA,REP010
RV0002286,BK000156,ACC00059,2027-05-07,2608.38,USD,subscription,EMEA,REP010
RV0002287,BK000156,ACC00059,2027-06-07,2608.43,USD,subscription,EMEA,REP010
RV0002288,BK000157,ACC00060,2026-03-05,153600.86,USD,perpetual,AMER,REP008
RV0002289,BK000158,ACC00060,2026-05-15,197145.81,USD,perpetual,AMER,REP008
RV0002290,BK000159,ACC00060,2026-07-10,1556.45,USD,subscription,AMER,REP008
RV0002291,BK000159,ACC00060,2026-08-10,1556.45,USD,subscription,AMER,REP008
RV0002292,BK000159,ACC00060,2026-09-10,1556.45,USD,subscription,AMER,REP008
RV0002293,BK000159,ACC00060,2026-10-10,1556.45,USD,subscription,AMER,REP008
RV0002294,BK000159,ACC00060,2026-11-10,1556.45,USD,subscription,AMER,REP008
RV0002295,BK000159,ACC00060,2026-12-10,1556.45,USD,subscription,AMER,REP008
RV0002296,BK000159,ACC00060,2027-01-10,1556.45,USD,subscription,AMER,REP008
RV0002297,BK000159,ACC00060,2027-02-10,1556.45,USD,subscription,AMER,REP008
RV0002298,BK000159,ACC00060,2027-03-10,1556.45,USD,subscription,AMER,REP008
RV0002299,BK000159,ACC00060,2027-04-10,1556.45,USD,subscription,AMER,REP008
RV0002300,BK000159,ACC00060,2027-05-10,1556.45,USD,subscription,AMER,REP008
RV0002301,BK000159,ACC00060,2027-06-10,1556.45,USD,subscription,AMER,REP008
RV0002302,BK000159,ACC00060,2027-07-10,1556.45,USD,subscription,AMER,REP008
RV0002303,BK000159,ACC00060,2027-08-10,1556.45,USD,subscription,AMER,REP008
RV0002304,BK000159,ACC00060,2027-09-10,1556.45,USD,subscription,AMER,REP008
RV0002305,BK000159,ACC00060,2027-10-10,1556.45,USD,subscription,AMER,REP008
RV0002306,BK000159,ACC00060,2027-11-10,1556.45,USD,subscription,AMER,REP008
RV0002307,BK000159,ACC00060,2027-12-10,1556.45,USD,subscription,AMER,REP008
RV0002308,BK000159,ACC00060,2028-01-10,1556.45,USD,subscription,AMER,REP008
RV0002309,BK000159,ACC00060,2028-02-10,1556.45,USD,subscription,AMER,REP008
RV0002310,BK000159,ACC00060,2028-03-10,1556.45,USD,subscription,AMER,REP008
RV0002311,BK000159,ACC00060,2028-04-10,1556.45,USD,subscription,AMER,REP008
RV0002312,BK000159,ACC00060,2028-05-10,1556.45,USD,subscription,AMER,REP008
RV0002313,BK000159,ACC00060,2028-06-10,1556.56,USD,subscription,AMER,REP008
RV0002314,BK000160,ACC00061,2026-06-17,205709.61,USD,perpetual,EMEA,REP010
RV0002315,BK000161,ACC00062,2026-08-26,236242.46,USD,perpetual,EMEA,REP001
RV0002316,BK000162,ACC00063,2026-03-01,47901.38,USD,perpetual,EMEA,REP010
RV0002317,BK000163,ACC00063,2026-01-20,8593.98,USD,subscription,EMEA,REP010
RV0002318,BK000163,ACC00063,2026-02-20,8593.98,USD,subscription,EMEA,REP010
RV0002319,BK000163,ACC00063,2026-03-20,8593.98,USD,subscription,EMEA,REP010
RV0002320,BK000163,ACC00063,2026-04-20,8593.98,USD,subscription,EMEA,REP010
RV0002321,BK000163,ACC00063,2026-05-20,8593.98,USD,subscription,EMEA,REP010
RV0002322,BK000163,ACC00063,2026-06-20,8593.98,USD,subscription,EMEA,REP010
RV0002323,BK000163,ACC00063,2026-07-20,8593.98,USD,subscription,EMEA,REP010
RV0002324,BK000163,ACC00063,2026-08-20,8593.98,USD,subscription,EMEA,REP010
RV0002325,BK000163,ACC00063,2026-09-20,8593.98,USD,subscription,EMEA,REP010
RV0002326,BK000163,ACC00063,2026-10-20,8593.98,USD,subscription,EMEA,REP010
RV0002327,BK000163,ACC00063,2026-11-20,8593.98,USD,subscription,EMEA,REP010
RV0002328,BK000163,ACC00063,2026-12-20,8594.02,USD,subscription,EMEA,REP010
RV0002329,BK000164,ACC00063,2026-02-19,6648.81,USD,subscription,EMEA,REP010
RV0002330,BK000164,ACC00063,2026-03-19,6648.81,USD,subscription,EMEA,REP010
RV0002331,BK000164,ACC00063,2026-04-19,6648.81,USD,subscription,EMEA,REP010
RV0002332,BK000164,ACC00063,2026-05-19,6648.81,USD,subscription,EMEA,REP010
RV0002333,BK000164,ACC00063,2026-06-19,6648.81,USD,subscription,EMEA,REP010
RV0002334,BK000164,ACC00063,2026-07-19,6648.81,USD,subscription,EMEA,REP010
RV0002335,BK000164,ACC00063,2026-08-19,6648.81,USD,subscription,EMEA,REP010
RV0002336,BK000164,ACC00063,2026-09-19,6648.81,USD,subscription,EMEA,REP010
RV0002337,BK000164,ACC00063,2026-10-19,6648.81,USD,subscription,EMEA,REP010
RV0002338,BK000164,ACC00063,2026-11-19,6648.81,USD,subscription,EMEA,REP010
RV0002339,BK000164,ACC00063,2026-12-19,6648.81,USD,subscription,EMEA,REP010
RV0002340,BK000164,ACC00063,2027-01-19,6648.90,USD,subscription,EMEA,REP010
RV0002341,BK000165,ACC00063,2026-07-18,153217.58,USD,perpetual,EMEA,REP010
RV0002342,BK000166,ACC00064,2026-03-21,5842.17,USD,subscription,AMER,REP011
RV0002343,BK000166,ACC00064,2026-04-21,5842.17,USD,subscription,AMER,REP011
RV0002344,BK000166,ACC00064,2026-05-21,5842.17,USD,subscription,AMER,REP011
RV0002345,BK000166,ACC00064,2026-06-21,5842.17,USD,subscription,AMER,REP011
RV0002346,BK000166,ACC00064,2026-07-21,5842.17,USD,subscription,AMER,REP011
RV0002347,BK000166,ACC00064,2026-08-21,5842.17,USD,subscription,AMER,REP011
RV0002348,BK000166,ACC00064,2026-09-21,5842.17,USD,subscription,AMER,REP011
RV0002349,BK000166,ACC00064,2026-10-21,5842.17,USD,subscription,AMER,REP011
RV0002350,BK000166,ACC00064,2026-11-21,5842.17,USD,subscription,AMER,REP011
RV0002351,BK000166,ACC00064,2026-12-21,5842.17,USD,subscription,AMER,REP011
RV0002352,BK000166,ACC00064,2027-01-21,5842.17,USD,subscription,AMER,REP011
RV0002353,BK000166,ACC00064,2027-02-21,5842.17,USD,subscription,AMER,REP011
RV0002354,BK000166,ACC00064,2027-03-21,5842.17,USD,subscription,AMER,REP011
RV0002355,BK000166,ACC00064,2027-04-21,5842.17,USD,subscription,AMER,REP011
RV0002356,BK000166,ACC00064,2027-05-21,5842.17,USD,subscription,AMER,REP011
RV0002357,BK000166,ACC00064,2027-06-21,5842.17,USD,subscription,AMER,REP011
RV0002358,BK000166,ACC00064,2027-07-21,5842.17,USD,subscription,AMER,REP011
RV0002359,BK000166,ACC00064,2027-08-21,5842.17,USD,subscription,AMER,REP011
RV0002360,BK000166,ACC00064,2027-09-21,5842.17,USD,subscription,AMER,REP011
RV0002361,BK000166,ACC00064,2027-10-21,5842.17,USD,subscription,AMER,REP011
RV0002362,BK000166,ACC00064,2027-11-21,5842.17,USD,subscription,AMER,REP011
RV0002363,BK000166,ACC00064,2027-12-21,5842.17,USD,subscription,AMER,REP011
RV0002364,BK000166,ACC00064,2028-01-21,5842.17,USD,subscription,AMER,REP011
RV0002365,BK000166,ACC00064,2028-02-21,5842.23,USD,subscription,AMER,REP011
RV0002366,BK000167,ACC00064,2026-07-28,94865.21,USD,perpetual,AMER,REP011
RV0002367,BK000168,ACC00064,2026-07-09,6158.63,USD,subscription,AMER,REP011
RV0002368,BK000168,ACC00064,2026-08-09,6158.63,USD,subscription,AMER,REP011
RV0002369,BK000168,ACC00064,2026-09-09,6158.63,USD,subscription,AMER,REP011
RV0002370,BK000168,ACC00064,2026-10-09,6158.63,USD,subscription,AMER,REP011
RV0002371,BK000168,ACC00064,2026-11-09,6158.63,USD,subscription,AMER,REP011
RV0002372,BK000168,ACC00064,2026-12-09,6158.63,USD,subscription,AMER,REP011
RV0002373,BK000168,ACC00064,2027-01-09,6158.63,USD,subscription,AMER,REP011
RV0002374,BK000168,ACC00064,2027-02-09,6158.63,USD,subscription,AMER,REP011
RV0002375,BK000168,ACC00064,2027-03-09,6158.63,USD,subscription,AMER,REP011
RV0002376,BK000168,ACC00064,2027-04-09,6158.63,USD,subscription,AMER,REP011
RV0002377,BK000168,ACC00064,2027-05-09,6158.63,USD,subscription,AMER,REP011
RV0002378,BK000168,ACC00064,2027-06-09,6158.67,USD,subscription,AMER,REP011
RV0002379,BK000169,ACC00064,2026-07-05,1430.74,USD,subscription,AMER,REP011
RV0002380,BK000169,ACC00064,2026-08-05,1430.74,USD,subscription,AMER,REP011
RV0002381,BK000169,ACC00064,2026-09-05,1430.74,USD,subscription,AMER,REP011
RV0002382,BK000169,ACC00064,2026-10-05,1430.74,USD,subscription,AMER,REP011
RV0002383,BK000169,ACC00064,2026-11-05,1430.74,USD,subscription,AMER,REP011
RV0002384,BK000169,ACC00064,2026-12-05,1430.74,USD,subscription,AMER,REP011
RV0002385,BK000169,ACC00064,2027-01-05,1430.74,USD,subscription,AMER,REP011
RV0002386,BK000169,ACC00064,2027-02-05,1430.74,USD,subscription,AMER,REP011
RV0002387,BK000169,ACC00064,2027-03-05,1430.74,USD,subscription,AMER,REP011
RV0002388,BK000169,ACC00064,2027-04-05,1430.74,USD,subscription,AMER,REP011
RV0002389,BK000169,ACC00064,2027-05-05,1430.74,USD,subscription,AMER,REP011
RV0002390,BK000169,ACC00064,2027-06-05,1430.74,USD,subscription,AMER,REP011
RV0002391,BK000169,ACC00064,2027-07-05,1430.74,USD,subscription,AMER,REP011
RV0002392,BK000169,ACC00064,2027-08-05,1430.74,USD,subscription,AMER,REP011
RV0002393,BK000169,ACC00064,2027-09-05,1430.74,USD,subscription,AMER,REP011
RV0002394,BK000169,ACC00064,2027-10-05,1430.74,USD,subscription,AMER,REP011
RV0002395,BK000169,ACC00064,2027-11-05,1430.74,USD,subscription,AMER,REP011
RV0002396,BK000169,ACC00064,2027-12-05,1430.74,USD,subscription,AMER,REP011
RV0002397,BK000169,ACC00064,2028-01-05,1430.74,USD,subscription,AMER,REP011
RV0002398,BK000169,ACC00064,2028-02-05,1430.74,USD,subscription,AMER,REP011
RV0002399,BK000169,ACC00064,2028-03-05,1430.74,USD,subscription,AMER,REP011
RV0002400,BK000169,ACC00064,2028-04-05,1430.74,USD,subscription,AMER,REP011
RV0002401,BK000169,ACC00064,2028-05-05,1430.74,USD,subscription,AMER,REP011
RV0002402,BK000169,ACC00064,2028-06-05,1430.85,USD,subscription,AMER,REP011
RV0002403,BK000170,ACC00065,2026-02-01,134593.49,USD,perpetual,EMEA,REP001
RV0002404,BK000171,ACC00065,2026-03-04,153577.83,USD,perpetual,EMEA,REP001
RV0002405,BK000172,ACC00065,2026-04-19,18026.69,USD,subscription,EMEA,REP001
RV0002406,BK000172,ACC00065,2026-05-19,18026.69,USD,subscription,EMEA,REP001
RV0002407,BK000172,ACC00065,2026-06-19,18026.69,USD,subscription,EMEA,REP001
RV0002408,BK000172,ACC00065,2026-07-19,18026.69,USD,subscription,EMEA,REP001
RV0002409,BK000172,ACC00065,2026-08-19,18026.69,USD,subscription,EMEA,REP001
RV0002410,BK000172,ACC00065,2026-09-19,18026.69,USD,subscription,EMEA,REP001
RV0002411,BK000172,ACC00065,2026-10-19,18026.69,USD,subscription,EMEA,REP001
RV0002412,BK000172,ACC00065,2026-11-19,18026.69,USD,subscription,EMEA,REP001
RV0002413,BK000172,ACC00065,2026-12-19,18026.69,USD,subscription,EMEA,REP001
RV0002414,BK000172,ACC00065,2027-01-19,18026.69,USD,subscription,EMEA,REP001
RV0002415,BK000172,ACC00065,2027-02-19,18026.69,USD,subscription,EMEA,REP001
RV0002416,BK000172,ACC00065,2027-03-19,18026.69,USD,subscription,EMEA,REP001
RV0002417,BK000173,ACC00066,2026-06-20,2298.00,USD,subscription,AMER,REP008
RV0002418,BK000173,ACC00066,2026-07-20,2298.00,USD,subscription,AMER,REP008
RV0002419,BK000173,ACC00066,2026-08-20,2298.00,USD,subscription,AMER,REP008
RV0002420,BK000173,ACC00066,2026-09-20,2298.00,USD,subscription,AMER,REP008
RV0002421,BK000173,ACC00066,2026-10-20,2298.00,USD,subscription,AMER,REP008
RV0002422,BK000173,ACC00066,2026-11-20,2298.00,USD,subscription,AMER,REP008
RV0002423,BK000173,ACC00066,2026-12-20,2298.00,USD,subscription,AMER,REP008
RV0002424,BK000173,ACC00066,2027-01-20,2298.00,USD,subscription,AMER,REP008
RV0002425,BK000173,ACC00066,2027-02-20,2298.00,USD,subscription,AMER,REP008
RV0002426,BK000173,ACC00066,2027-03-20,2298.00,USD,subscription,AMER,REP008
RV0002427,BK000173,ACC00066,2027-04-20,2298.00,USD,subscription,AMER,REP008
RV0002428,BK000173,ACC00066,2027-05-20,2298.00,USD,subscription,AMER,REP008
RV0002429,BK000173,ACC00066,2027-06-20,2298.00,USD,subscription,AMER,REP008
RV0002430,BK000173,ACC00066,2027-07-20,2298.00,USD,subscription,AMER,REP008
RV0002431,BK000173,ACC00066,2027-08-20,2298.00,USD,subscription,AMER,REP008
RV0002432,BK000173,ACC00066,2027-09-20,2298.00,USD,subscription,AMER,REP008
RV0002433,BK000173,ACC00066,2027-10-20,2298.00,USD,subscription,AMER,REP008
RV0002434,BK000173,ACC00066,2027-11-20,2298.00,USD,subscription,AMER,REP008
RV0002435,BK000173,ACC00066,2027-12-20,2298.00,USD,subscription,AMER,REP008
RV0002436,BK000173,ACC00066,2028-01-20,2298.00,USD,subscription,AMER,REP008
RV0002437,BK000173,ACC00066,2028-02-20,2298.00,USD,subscription,AMER,REP008
RV0002438,BK000173,ACC00066,2028-03-20,2298.00,USD,subscription,AMER,REP008
RV0002439,BK000173,ACC00066,2028-04-20,2298.00,USD,subscription,AMER,REP008
RV0002440,BK000173,ACC00066,2028-05-20,2298.00,USD,subscription,AMER,REP008
RV0002441,BK000173,ACC00066,2028-06-20,2298.00,USD,subscription,AMER,REP008
RV0002442,BK000173,ACC00066,2028-07-20,2298.00,USD,subscription,AMER,REP008
RV0002443,BK000173,ACC00066,2028-08-20,2298.00,USD,subscription,AMER,REP008
RV0002444,BK000173,ACC00066,2028-09-20,2298.00,USD,subscription,AMER,REP008
RV0002445,BK000173,ACC00066,2028-10-20,2298.00,USD,subscription,AMER,REP008
RV0002446,BK000173,ACC00066,2028-11-20,2298.00,USD,subscription,AMER,REP008
RV0002447,BK000173,ACC00066,2028-12-20,2298.00,USD,subscription,AMER,REP008
RV0002448,BK000173,ACC00066,2029-01-20,2298.00,USD,subscription,AMER,REP008
RV0002449,BK000173,ACC00066,2029-02-20,2298.00,USD,subscription,AMER,REP008
RV0002450,BK000173,ACC00066,2029-03-20,2298.00,USD,subscription,AMER,REP008
RV0002451,BK000173,ACC00066,2029-04-20,2298.00,USD,subscription,AMER,REP008
RV0002452,BK000173,ACC00066,2029-05-20,2298.15,USD,subscription,AMER,REP008
RV0002453,BK000174,ACC00067,2026-02-05,186961.27,USD,perpetual,APAC,REP006
RV0002454,BK000175,ACC00067,2026-04-21,79181.38,USD,perpetual,APAC,REP006
RV0002455,BK000176,ACC00068,2026-01-02,7836.49,USD,subscription,AMER,REP002
RV0002456,BK000176,ACC00068,2026-02-02,7836.49,USD,subscription,AMER,REP002
RV0002457,BK000176,ACC00068,2026-03-02,7836.49,USD,subscription,AMER,REP002
RV0002458,BK000176,ACC00068,2026-04-02,7836.49,USD,subscription,AMER,REP002
RV0002459,BK000176,ACC00068,2026-05-02,7836.49,USD,subscription,AMER,REP002
RV0002460,BK000176,ACC00068,2026-06-02,7836.49,USD,subscription,AMER,REP002
RV0002461,BK000176,ACC00068,2026-07-02,7836.49,USD,subscription,AMER,REP002
RV0002462,BK000176,ACC00068,2026-08-02,7836.49,USD,subscription,AMER,REP002
RV0002463,BK000176,ACC00068,2026-09-02,7836.49,USD,subscription,AMER,REP002
RV0002464,BK000176,ACC00068,2026-10-02,7836.49,USD,subscription,AMER,REP002
RV0002465,BK000176,ACC00068,2026-11-02,7836.49,USD,subscription,AMER,REP002
RV0002466,BK000176,ACC00068,2026-12-02,7836.60,USD,subscription,AMER,REP002
RV0002467,BK000177,ACC00068,2026-03-08,182266.22,USD,perpetual,AMER,REP002
RV0002468,BK000178,ACC00069,2026-02-26,18567.84,USD,subscription,APAC,REP009
RV0002469,BK000178,ACC00069,2026-03-26,18567.84,USD,subscription,APAC,REP009
RV0002470,BK000178,ACC00069,2026-04-26,18567.84,USD,subscription,APAC,REP009
RV0002471,BK000178,ACC00069,2026-05-26,18567.84,USD,subscription,APAC,REP009
RV0002472,BK000178,ACC00069,2026-06-26,18567.84,USD,subscription,APAC,REP009
RV0002473,BK000178,ACC00069,2026-07-26,18567.84,USD,subscription,APAC,REP009
RV0002474,BK000178,ACC00069,2026-08-26,18567.84,USD,subscription,APAC,REP009
RV0002475,BK000178,ACC00069,2026-09-26,18567.84,USD,subscription,APAC,REP009
RV0002476,BK000178,ACC00069,2026-10-26,18567.84,USD,subscription,APAC,REP009
RV0002477,BK000178,ACC00069,2026-11-26,18567.84,USD,subscription,APAC,REP009
RV0002478,BK000178,ACC00069,2026-12-26,18567.84,USD,subscription,APAC,REP009
RV0002479,BK000178,ACC00069,2027-01-26,18567.89,USD,subscription,APAC,REP009
RV0002480,BK000179,ACC00069,2026-01-08,10100.51,USD,subscription,APAC,REP009
RV0002481,BK000179,ACC00069,2026-02-08,10100.51,USD,subscription,APAC,REP009
RV0002482,BK000179,ACC00069,2026-03-08,10100.51,USD,subscription,APAC,REP009
RV0002483,BK000179,ACC00069,2026-04-08,10100.51,USD,subscription,APAC,REP009
RV0002484,BK000179,ACC00069,2026-05-08,10100.51,USD,subscription,APAC,REP009
RV0002485,BK000179,ACC00069,2026-06-08,10100.51,USD,subscription,APAC,REP009
RV0002486,BK000179,ACC00069,2026-07-08,10100.51,USD,subscription,APAC,REP009
RV0002487,BK000179,ACC00069,2026-08-08,10100.51,USD,subscription,APAC,REP009
RV0002488,BK000179,ACC00069,2026-09-08,10100.51,USD,subscription,APAC,REP009
RV0002489,BK000179,ACC00069,2026-10-08,10100.51,USD,subscription,APAC,REP009
RV0002490,BK000179,ACC00069,2026-11-08,10100.51,USD,subscription,APAC,REP009
RV0002491,BK000179,ACC00069,2026-12-08,10100.55,USD,subscription,APAC,REP009
RV0002492,BK000180,ACC00070,2026-01-09,59467.32,USD,perpetual,EMEA,REP004
RV0002493,BK000181,ACC00070,2026-03-06,20823.27,USD,subscription,EMEA,REP004
RV0002494,BK000181,ACC00070,2026-04-06,20823.27,USD,subscription,EMEA,REP004
RV0002495,BK000181,ACC00070,2026-05-06,20823.27,USD,subscription,EMEA,REP004
RV0002496,BK000181,ACC00070,2026-06-06,20823.27,USD,subscription,EMEA,REP004
RV0002497,BK000181,ACC00070,2026-07-06,20823.27,USD,subscription,EMEA,REP004
RV0002498,BK000181,ACC00070,2026-08-06,20823.27,USD,subscription,EMEA,REP004
RV0002499,BK000181,ACC00070,2026-09-06,20823.27,USD,subscription,EMEA,REP004
RV0002500,BK000181,ACC00070,2026-10-06,20823.27,USD,subscription,EMEA,REP004
RV0002501,BK000181,ACC00070,2026-11-06,20823.27,USD,subscription,EMEA,REP004
RV0002502,BK000181,ACC00070,2026-12-06,20823.27,USD,subscription,EMEA,REP004
RV0002503,BK000181,ACC00070,2027-01-06,20823.27,USD,subscription,EMEA,REP004
RV0002504,BK000181,ACC00070,2027-02-06,20823.31,USD,subscription,EMEA,REP004
RV0002505,BK000182,ACC00070,2026-02-02,6700.06,USD,subscription,EMEA,REP004
RV0002506,BK000182,ACC00070,2026-03-02,6700.06,USD,subscription,EMEA,REP004
RV0002507,BK000182,ACC00070,2026-04-02,6700.06,USD,subscription,EMEA,REP004
RV0002508,BK000182,ACC00070,2026-05-02,6700.06,USD,subscription,EMEA,REP004
RV0002509,BK000182,ACC00070,2026-06-02,6700.06,USD,subscription,EMEA,REP004
RV0002510,BK000182,ACC00070,2026-07-02,6700.06,USD,subscription,EMEA,REP004
RV0002511,BK000182,ACC00070,2026-08-02,6700.06,USD,subscription,EMEA,REP004
RV0002512,BK000182,ACC00070,2026-09-02,6700.06,USD,subscription,EMEA,REP004
RV0002513,BK000182,ACC00070,2026-10-02,6700.06,USD,subscription,EMEA,REP004
RV0002514,BK000182,ACC00070,2026-11-02,6700.06,USD,subscription,EMEA,REP004
RV0002515,BK000182,ACC00070,2026-12-02,6700.06,USD,subscription,EMEA,REP004
RV0002516,BK000182,ACC00070,2027-01-02,6700.06,USD,subscription,EMEA,REP004
RV0002517,BK000182,ACC00070,2027-02-02,6700.06,USD,subscription,EMEA,REP004
RV0002518,BK000182,ACC00070,2027-03-02,6700.06,USD,subscription,EMEA,REP004
RV0002519,BK000182,ACC00070,2027-04-02,6700.06,USD,subscription,EMEA,REP004
RV0002520,BK000182,ACC00070,2027-05-02,6700.06,USD,subscription,EMEA,REP004
RV0002521,BK000182,ACC00070,2027-06-02,6700.06,USD,subscription,EMEA,REP004
RV0002522,BK000182,ACC00070,2027-07-02,6700.06,USD,subscription,EMEA,REP004
RV0002523,BK000182,ACC00070,2027-08-02,6700.06,USD,subscription,EMEA,REP004
RV0002524,BK000182,ACC00070,2027-09-02,6700.06,USD,subscription,EMEA,REP004
RV0002525,BK000182,ACC00070,2027-10-02,6700.06,USD,subscription,EMEA,REP004
RV0002526,BK000182,ACC00070,2027-11-02,6700.06,USD,subscription,EMEA,REP004
RV0002527,BK000182,ACC00070,2027-12-02,6700.06,USD,subscription,EMEA,REP004
RV0002528,BK000182,ACC00070,2028-01-02,6700.24,USD,subscription,EMEA,REP004
RV0002529,BK000183,ACC00071,2026-08-20,170060.21,USD,perpetual,APAC,REP006
RV0002530,BK000184,ACC00072,2026-09-24,8517.52,USD,subscription,APAC,REP006
RV0002531,BK000184,ACC00072,2026-10-24,8517.52,USD,subscription,APAC,REP006
RV0002532,BK000184,ACC00072,2026-11-24,8517.52,USD,subscription,APAC,REP006
RV0002533,BK000184,ACC00072,2026-12-24,8517.52,USD,subscription,APAC,REP006
RV0002534,BK000184,ACC00072,2027-01-24,8517.52,USD,subscription,APAC,REP006
RV0002535,BK000184,ACC00072,2027-02-24,8517.52,USD,subscription,APAC,REP006
RV0002536,BK000184,ACC00072,2027-03-24,8517.52,USD,subscription,APAC,REP006
RV0002537,BK000184,ACC00072,2027-04-24,8517.52,USD,subscription,APAC,REP006
RV0002538,BK000184,ACC00072,2027-05-24,8517.52,USD,subscription,APAC,REP006
RV0002539,BK000184,ACC00072,2027-06-24,8517.52,USD,subscription,APAC,REP006
RV0002540,BK000184,ACC00072,2027-07-24,8517.52,USD,subscription,APAC,REP006
RV0002541,BK000184,ACC00072,2027-08-24,8517.62,USD,subscription,APAC,REP006
RV0002542,BK000186,ACC00074,2026-08-16,1069.14,USD,subscription,EMEA,REP007
RV0002543,BK000186,ACC00074,2026-09-16,1069.14,USD,subscription,EMEA,REP007
RV0002544,BK000186,ACC00074,2026-10-16,1069.14,USD,subscription,EMEA,REP007
RV0002545,BK000186,ACC00074,2026-11-16,1069.14,USD,subscription,EMEA,REP007
RV0002546,BK000186,ACC00074,2026-12-16,1069.14,USD,subscription,EMEA,REP007
RV0002547,BK000186,ACC00074,2027-01-16,1069.14,USD,subscription,EMEA,REP007
RV0002548,BK000186,ACC00074,2027-02-16,1069.14,USD,subscription,EMEA,REP007
RV0002549,BK000186,ACC00074,2027-03-16,1069.14,USD,subscription,EMEA,REP007
RV0002550,BK000186,ACC00074,2027-04-16,1069.14,USD,subscription,EMEA,REP007
RV0002551,BK000186,ACC00074,2027-05-16,1069.14,USD,subscription,EMEA,REP007
RV0002552,BK000186,ACC00074,2027-06-16,1069.14,USD,subscription,EMEA,REP007
RV0002553,BK000186,ACC00074,2027-07-16,1069.14,USD,subscription,EMEA,REP007
RV0002554,BK000186,ACC00074,2027-08-16,1069.14,USD,subscription,EMEA,REP007
RV0002555,BK000186,ACC00074,2027-09-16,1069.14,USD,subscription,EMEA,REP007
RV0002556,BK000186,ACC00074,2027-10-16,1069.14,USD,subscription,EMEA,REP007
RV0002557,BK000186,ACC00074,2027-11-16,1069.14,USD,subscription,EMEA,REP007
RV0002558,BK000186,ACC00074,2027-12-16,1069.14,USD,subscription,EMEA,REP007
RV0002559,BK000186,ACC00074,2028-01-16,1069.14,USD,subscription,EMEA,REP007
RV0002560,BK000186,ACC00074,2028-02-16,1069.14,USD,subscription,EMEA,REP007
RV0002561,BK000186,ACC00074,2028-03-16,1069.14,USD,subscription,EMEA,REP007
RV0002562,BK000186,ACC00074,2028-04-16,1069.14,USD,subscription,EMEA,REP007
RV0002563,BK000186,ACC00074,2028-05-16,1069.14,USD,subscription,EMEA,REP007
RV0002564,BK000186,ACC00074,2028-06-16,1069.14,USD,subscription,EMEA,REP007
RV0002565,BK000186,ACC00074,2028-07-16,1069.17,USD,subscription,EMEA,REP007
RV0002566,BK000187,ACC00074,2026-03-17,23039.30,USD,perpetual,EMEA,REP007
RV0002567,BK000188,ACC00074,2026-06-16,3578.06,USD,subscription,EMEA,REP007
RV0002568,BK000188,ACC00074,2026-07-16,3578.06,USD,subscription,EMEA,REP007
RV0002569,BK000188,ACC00074,2026-08-16,3578.06,USD,subscription,EMEA,REP007
RV0002570,BK000188,ACC00074,2026-09-16,3578.06,USD,subscription,EMEA,REP007
RV0002571,BK000188,ACC00074,2026-10-16,3578.06,USD,subscription,EMEA,REP007
RV0002572,BK000188,ACC00074,2026-11-16,3578.06,USD,subscription,EMEA,REP007
RV0002573,BK000188,ACC00074,2026-12-16,3578.06,USD,subscription,EMEA,REP007
RV0002574,BK000188,ACC00074,2027-01-16,3578.06,USD,subscription,EMEA,REP007
RV0002575,BK000188,ACC00074,2027-02-16,3578.06,USD,subscription,EMEA,REP007
RV0002576,BK000188,ACC00074,2027-03-16,3578.06,USD,subscription,EMEA,REP007
RV0002577,BK000188,ACC00074,2027-04-16,3578.06,USD,subscription,EMEA,REP007
RV0002578,BK000188,ACC00074,2027-05-16,3578.06,USD,subscription,EMEA,REP007
RV0002579,BK000188,ACC00074,2027-06-16,3578.06,USD,subscription,EMEA,REP007
RV0002580,BK000188,ACC00074,2027-07-16,3578.06,USD,subscription,EMEA,REP007
RV0002581,BK000188,ACC00074,2027-08-16,3578.06,USD,subscription,EMEA,REP007
RV0002582,BK000188,ACC00074,2027-09-16,3578.06,USD,subscription,EMEA,REP007
RV0002583,BK000188,ACC00074,2027-10-16,3578.06,USD,subscription,EMEA,REP007
RV0002584,BK000188,ACC00074,2027-11-16,3578.06,USD,subscription,EMEA,REP007
RV0002585,BK000188,ACC00074,2027-12-16,3578.06,USD,subscription,EMEA,REP007
RV0002586,BK000188,ACC00074,2028-01-16,3578.06,USD,subscription,EMEA,REP007
RV0002587,BK000188,ACC00074,2028-02-16,3578.06,USD,subscription,EMEA,REP007
RV0002588,BK000188,ACC00074,2028-03-16,3578.06,USD,subscription,EMEA,REP007
RV0002589,BK000188,ACC00074,2028-04-16,3578.06,USD,subscription,EMEA,REP007
RV0002590,BK000188,ACC00074,2028-05-16,3578.06,USD,subscription,EMEA,REP007
RV0002591,BK000188,ACC00074,2028-06-16,3578.06,USD,subscription,EMEA,REP007
RV0002592,BK000188,ACC00074,2028-07-16,3578.06,USD,subscription,EMEA,REP007
RV0002593,BK000188,ACC00074,2028-08-16,3578.06,USD,subscription,EMEA,REP007
RV0002594,BK000188,ACC00074,2028-09-16,3578.06,USD,subscription,EMEA,REP007
RV0002595,BK000188,ACC00074,2028-10-16,3578.06,USD,subscription,EMEA,REP007
RV0002596,BK000188,ACC00074,2028-11-16,3578.06,USD,subscription,EMEA,REP007
RV0002597,BK000188,ACC00074,2028-12-16,3578.06,USD,subscription,EMEA,REP007
RV0002598,BK000188,ACC00074,2029-01-16,3578.06,USD,subscription,EMEA,REP007
RV0002599,BK000188,ACC00074,2029-02-16,3578.06,USD,subscription,EMEA,REP007
RV0002600,BK000188,ACC00074,2029-03-16,3578.06,USD,subscription,EMEA,REP007
RV0002601,BK000188,ACC00074,2029-04-16,3578.06,USD,subscription,EMEA,REP007
RV0002602,BK000188,ACC00074,2029-05-16,3578.20,USD,subscription,EMEA,REP007
RV0002603,BK000189,ACC00074,2026-05-31,6385.06,USD,subscription,EMEA,REP007
RV0002604,BK000189,ACC00074,2026-06-30,6385.06,USD,subscription,EMEA,REP007
RV0002605,BK000189,ACC00074,2026-07-31,6385.06,USD,subscription,EMEA,REP007
RV0002606,BK000189,ACC00074,2026-08-31,6385.06,USD,subscription,EMEA,REP007
RV0002607,BK000189,ACC00074,2026-09-30,6385.06,USD,subscription,EMEA,REP007
RV0002608,BK000189,ACC00074,2026-10-31,6385.06,USD,subscription,EMEA,REP007
RV0002609,BK000189,ACC00074,2026-11-30,6385.06,USD,subscription,EMEA,REP007
RV0002610,BK000189,ACC00074,2026-12-31,6385.06,USD,subscription,EMEA,REP007
RV0002611,BK000189,ACC00074,2027-01-31,6385.06,USD,subscription,EMEA,REP007
RV0002612,BK000189,ACC00074,2027-02-28,6385.06,USD,subscription,EMEA,REP007
RV0002613,BK000189,ACC00074,2027-03-31,6385.06,USD,subscription,EMEA,REP007
RV0002614,BK000189,ACC00074,2027-04-30,6385.06,USD,subscription,EMEA,REP007
RV0002615,BK000189,ACC00074,2027-05-31,6385.06,USD,subscription,EMEA,REP007
RV0002616,BK000189,ACC00074,2027-06-30,6385.06,USD,subscription,EMEA,REP007
RV0002617,BK000189,ACC00074,2027-07-31,6385.06,USD,subscription,EMEA,REP007
RV0002618,BK000189,ACC00074,2027-08-31,6385.06,USD,subscription,EMEA,REP007
RV0002619,BK000189,ACC00074,2027-09-30,6385.06,USD,subscription,EMEA,REP007
RV0002620,BK000189,ACC00074,2027-10-31,6385.06,USD,subscription,EMEA,REP007
RV0002621,BK000189,ACC00074,2027-11-30,6385.06,USD,subscription,EMEA,REP007
RV0002622,BK000189,ACC00074,2027-12-31,6385.06,USD,subscription,EMEA,REP007
RV0002623,BK000189,ACC00074,2028-01-31,6385.06,USD,subscription,EMEA,REP007
RV0002624,BK000189,ACC00074,2028-02-29,6385.06,USD,subscription,EMEA,REP007
RV0002625,BK000189,ACC00074,2028-03-31,6385.06,USD,subscription,EMEA,REP007
RV0002626,BK000189,ACC00074,2028-04-30,6385.25,USD,subscription,EMEA,REP007
RV0002627,BK000190,ACC00075,2026-02-28,6130.14,USD,subscription,EMEA,REP004
RV0002628,BK000190,ACC00075,2026-03-28,6130.14,USD,subscription,EMEA,REP004
RV0002629,BK000190,ACC00075,2026-04-28,6130.14,USD,subscription,EMEA,REP004
RV0002630,BK000190,ACC00075,2026-05-28,6130.14,USD,subscription,EMEA,REP004
RV0002631,BK000190,ACC00075,2026-06-28,6130.14,USD,subscription,EMEA,REP004
RV0002632,BK000190,ACC00075,2026-07-28,6130.14,USD,subscription,EMEA,REP004
RV0002633,BK000190,ACC00075,2026-08-28,6130.14,USD,subscription,EMEA,REP004
RV0002634,BK000190,ACC00075,2026-09-28,6130.14,USD,subscription,EMEA,REP004
RV0002635,BK000190,ACC00075,2026-10-28,6130.14,USD,subscription,EMEA,REP004
RV0002636,BK000190,ACC00075,2026-11-28,6130.14,USD,subscription,EMEA,REP004
RV0002637,BK000190,ACC00075,2026-12-28,6130.14,USD,subscription,EMEA,REP004
RV0002638,BK000190,ACC00075,2027-01-28,6130.14,USD,subscription,EMEA,REP004
RV0002639,BK000190,ACC00075,2027-02-28,6130.14,USD,subscription,EMEA,REP004
RV0002640,BK000190,ACC00075,2027-03-28,6130.14,USD,subscription,EMEA,REP004
RV0002641,BK000190,ACC00075,2027-04-28,6130.14,USD,subscription,EMEA,REP004
RV0002642,BK000190,ACC00075,2027-05-28,6130.14,USD,subscription,EMEA,REP004
RV0002643,BK000190,ACC00075,2027-06-28,6130.14,USD,subscription,EMEA,REP004
RV0002644,BK000190,ACC00075,2027-07-28,6130.14,USD,subscription,EMEA,REP004
RV0002645,BK000190,ACC00075,2027-08-28,6130.14,USD,subscription,EMEA,REP004
RV0002646,BK000190,ACC00075,2027-09-28,6130.14,USD,subscription,EMEA,REP004
RV0002647,BK000190,ACC00075,2027-10-28,6130.14,USD,subscription,EMEA,REP004
RV0002648,BK000190,ACC00075,2027-11-28,6130.14,USD,subscription,EMEA,REP004
RV0002649,BK000190,ACC00075,2027-12-28,6130.14,USD,subscription,EMEA,REP004
RV0002650,BK000190,ACC00075,2028-01-28,6130.14,USD,subscription,EMEA,REP004
RV0002651,BK000190,ACC00075,2028-02-28,6130.14,USD,subscription,EMEA,REP004
RV0002652,BK000190,ACC00075,2028-03-28,6130.14,USD,subscription,EMEA,REP004
RV0002653,BK000190,ACC00075,2028-04-28,6130.14,USD,subscription,EMEA,REP004
RV0002654,BK000190,ACC00075,2028-05-28,6130.14,USD,subscription,EMEA,REP004
RV0002655,BK000190,ACC00075,2028-06-28,6130.14,USD,subscription,EMEA,REP004
RV0002656,BK000190,ACC00075,2028-07-28,6130.14,USD,subscription,EMEA,REP004
RV0002657,BK000190,ACC00075,2028-08-28,6130.14,USD,subscription,EMEA,REP004
RV0002658,BK000190,ACC00075,2028-09-28,6130.14,USD,subscription,EMEA,REP004
RV0002659,BK000190,ACC00075,2028-10-28,6130.14,USD,subscription,EMEA,REP004
RV0002660,BK000190,ACC00075,2028-11-28,6130.14,USD,subscription,EMEA,REP004
RV0002661,BK000190,ACC00075,2028-12-28,6130.14,USD,subscription,EMEA,REP004
RV0002662,BK000190,ACC00075,2029-01-28,6130.31,USD,subscription,EMEA,REP004
RV0002663,BK000191,ACC00076,2026-08-09,6354.86,USD,subscription,AMER,REP008
RV0002664,BK000191,ACC00076,2026-09-09,6354.86,USD,subscription,AMER,REP008
RV0002665,BK000191,ACC00076,2026-10-09,6354.86,USD,subscription,AMER,REP008
RV0002666,BK000191,ACC00076,2026-11-09,6354.86,USD,subscription,AMER,REP008
RV0002667,BK000191,ACC00076,2026-12-09,6354.86,USD,subscription,AMER,REP008
RV0002668,BK000191,ACC00076,2027-01-09,6354.86,USD,subscription,AMER,REP008
RV0002669,BK000191,ACC00076,2027-02-09,6354.86,USD,subscription,AMER,REP008
RV0002670,BK000191,ACC00076,2027-03-09,6354.86,USD,subscription,AMER,REP008
RV0002671,BK000191,ACC00076,2027-04-09,6354.86,USD,subscription,AMER,REP008
RV0002672,BK000191,ACC00076,2027-05-09,6354.86,USD,subscription,AMER,REP008
RV0002673,BK000191,ACC00076,2027-06-09,6354.86,USD,subscription,AMER,REP008
RV0002674,BK000191,ACC00076,2027-07-09,6354.86,USD,subscription,AMER,REP008
RV0002675,BK000191,ACC00076,2027-08-09,6354.86,USD,subscription,AMER,REP008
RV0002676,BK000191,ACC00076,2027-09-09,6354.86,USD,subscription,AMER,REP008
RV0002677,BK000191,ACC00076,2027-10-09,6354.86,USD,subscription,AMER,REP008
RV0002678,BK000191,ACC00076,2027-11-09,6354.86,USD,subscription,AMER,REP008
RV0002679,BK000191,ACC00076,2027-12-09,6354.86,USD,subscription,AMER,REP008
RV0002680,BK000191,ACC00076,2028-01-09,6354.86,USD,subscription,AMER,REP008
RV0002681,BK000191,ACC00076,2028-02-09,6354.86,USD,subscription,AMER,REP008
RV0002682,BK000191,ACC00076,2028-03-09,6354.86,USD,subscription,AMER,REP008
RV0002683,BK000191,ACC00076,2028-04-09,6354.86,USD,subscription,AMER,REP008
RV0002684,BK000191,ACC00076,2028-05-09,6354.86,USD,subscription,AMER,REP008
RV0002685,BK000191,ACC00076,2028-06-09,6354.86,USD,subscription,AMER,REP008
RV0002686,BK000191,ACC00076,2028-07-09,6354.90,USD,subscription,AMER,REP008
RV0002687,BK000192,ACC00076,2026-06-23,153168.98,USD,perpetual,AMER,REP008
RV0002688,BK000193,ACC00077,2026-06-10,144198.23,USD,perpetual,AMER,REP002
RV0002689,BK000194,ACC00078,2026-07-11,2175.71,USD,subscription,APAC,REP003
RV0002690,BK000194,ACC00078,2026-08-11,2175.71,USD,subscription,APAC,REP003
RV0002691,BK000194,ACC00078,2026-09-11,2175.71,USD,subscription,APAC,REP003
RV0002692,BK000194,ACC00078,2026-10-11,2175.71,USD,subscription,APAC,REP003
RV0002693,BK000194,ACC00078,2026-11-11,2175.71,USD,subscription,APAC,REP003
RV0002694,BK000194,ACC00078,2026-12-11,2175.71,USD,subscription,APAC,REP003
RV0002695,BK000194,ACC00078,2027-01-11,2175.71,USD,subscription,APAC,REP003
RV0002696,BK000194,ACC00078,2027-02-11,2175.71,USD,subscription,APAC,REP003
RV0002697,BK000194,ACC00078,2027-03-11,2175.71,USD,subscription,APAC,REP003
RV0002698,BK000194,ACC00078,2027-04-11,2175.71,USD,subscription,APAC,REP003
RV0002699,BK000194,ACC00078,2027-05-11,2175.71,USD,subscription,APAC,REP003
RV0002700,BK000194,ACC00078,2027-06-11,2175.71,USD,subscription,APAC,REP003
RV0002701,BK000194,ACC00078,2027-07-11,2175.71,USD,subscription,APAC,REP003
RV0002702,BK000194,ACC00078,2027-08-11,2175.71,USD,subscription,APAC,REP003
RV0002703,BK000194,ACC00078,2027-09-11,2175.71,USD,subscription,APAC,REP003
RV0002704,BK000194,ACC00078,2027-10-11,2175.71,USD,subscription,APAC,REP003
RV0002705,BK000194,ACC00078,2027-11-11,2175.71,USD,subscription,APAC,REP003
RV0002706,BK000194,ACC00078,2027-12-11,2175.71,USD,subscription,APAC,REP003
RV0002707,BK000194,ACC00078,2028-01-11,2175.71,USD,subscription,APAC,REP003
RV0002708,BK000194,ACC00078,2028-02-11,2175.71,USD,subscription,APAC,REP003
RV0002709,BK000194,ACC00078,2028-03-11,2175.71,USD,subscription,APAC,REP003
RV0002710,BK000194,ACC00078,2028-04-11,2175.71,USD,subscription,APAC,REP003
RV0002711,BK000194,ACC00078,2028-05-11,2175.71,USD,subscription,APAC,REP003
RV0002712,BK000194,ACC00078,2028-06-11,2175.79,USD,subscription,APAC,REP003
RV0002713,BK000195,ACC00078,2026-02-04,2634.16,USD,subscription,APAC,REP003
RV0002714,BK000195,ACC00078,2026-03-04,2634.16,USD,subscription,APAC,REP003
RV0002715,BK000195,ACC00078,2026-04-04,2634.16,USD,subscription,APAC,REP003
RV0002716,BK000195,ACC00078,2026-05-04,2634.16,USD,subscription,APAC,REP003
RV0002717,BK000195,ACC00078,2026-06-04,2634.16,USD,subscription,APAC,REP003
RV0002718,BK000195,ACC00078,2026-07-04,2634.16,USD,subscription,APAC,REP003
RV0002719,BK000195,ACC00078,2026-08-04,2634.16,USD,subscription,APAC,REP003
RV0002720,BK000195,ACC00078,2026-09-04,2634.16,USD,subscription,APAC,REP003
RV0002721,BK000195,ACC00078,2026-10-04,2634.16,USD,subscription,APAC,REP003
RV0002722,BK000195,ACC00078,2026-11-04,2634.16,USD,subscription,APAC,REP003
RV0002723,BK000195,ACC00078,2026-12-04,2634.16,USD,subscription,APAC,REP003
RV0002724,BK000195,ACC00078,2027-01-04,2634.19,USD,subscription,APAC,REP003
RV0002725,BK000196,ACC00078,2026-08-10,1391.73,USD,subscription,APAC,REP003
RV0002726,BK000196,ACC00078,2026-09-10,1391.73,USD,subscription,APAC,REP003
RV0002727,BK000196,ACC00078,2026-10-10,1391.73,USD,subscription,APAC,REP003
RV0002728,BK000196,ACC00078,2026-11-10,1391.73,USD,subscription,APAC,REP003
RV0002729,BK000196,ACC00078,2026-12-10,1391.73,USD,subscription,APAC,REP003
RV0002730,BK000196,ACC00078,2027-01-10,1391.73,USD,subscription,APAC,REP003
RV0002731,BK000196,ACC00078,2027-02-10,1391.73,USD,subscription,APAC,REP003
RV0002732,BK000196,ACC00078,2027-03-10,1391.73,USD,subscription,APAC,REP003
RV0002733,BK000196,ACC00078,2027-04-10,1391.73,USD,subscription,APAC,REP003
RV0002734,BK000196,ACC00078,2027-05-10,1391.73,USD,subscription,APAC,REP003
RV0002735,BK000196,ACC00078,2027-06-10,1391.73,USD,subscription,APAC,REP003
RV0002736,BK000196,ACC00078,2027-07-10,1391.73,USD,subscription,APAC,REP003
RV0002737,BK000196,ACC00078,2027-08-10,1391.73,USD,subscription,APAC,REP003
RV0002738,BK000196,ACC00078,2027-09-10,1391.73,USD,subscription,APAC,REP003
RV0002739,BK000196,ACC00078,2027-10-10,1391.73,USD,subscription,APAC,REP003
RV0002740,BK000196,ACC00078,2027-11-10,1391.73,USD,subscription,APAC,REP003
RV0002741,BK000196,ACC00078,2027-12-10,1391.73,USD,subscription,APAC,REP003
RV0002742,BK000196,ACC00078,2028-01-10,1391.73,USD,subscription,APAC,REP003
RV0002743,BK000196,ACC00078,2028-02-10,1391.73,USD,subscription,APAC,REP003
RV0002744,BK000196,ACC00078,2028-03-10,1391.73,USD,subscription,APAC,REP003
RV0002745,BK000196,ACC00078,2028-04-10,1391.73,USD,subscription,APAC,REP003
RV0002746,BK000196,ACC00078,2028-05-10,1391.73,USD,subscription,APAC,REP003
RV0002747,BK000196,ACC00078,2028-06-10,1391.73,USD,subscription,APAC,REP003
RV0002748,BK000196,ACC00078,2028-07-10,1391.85,USD,subscription,APAC,REP003
RV0002749,BK000197,ACC00079,2026-01-31,5494.02,USD,subscription,EMEA,REP004
RV0002750,BK000197,ACC00079,2026-02-28,5494.02,USD,subscription,EMEA,REP004
RV0002751,BK000197,ACC00079,2026-03-31,5494.02,USD,subscription,EMEA,REP004
RV0002752,BK000197,ACC00079,2026-04-30,5494.02,USD,subscription,EMEA,REP004
RV0002753,BK000197,ACC00079,2026-05-31,5494.02,USD,subscription,EMEA,REP004
RV0002754,BK000197,ACC00079,2026-06-30,5494.02,USD,subscription,EMEA,REP004
RV0002755,BK000197,ACC00079,2026-07-31,5494.02,USD,subscription,EMEA,REP004
RV0002756,BK000197,ACC00079,2026-08-31,5494.02,USD,subscription,EMEA,REP004
RV0002757,BK000197,ACC00079,2026-09-30,5494.02,USD,subscription,EMEA,REP004
RV0002758,BK000197,ACC00079,2026-10-31,5494.02,USD,subscription,EMEA,REP004
RV0002759,BK000197,ACC00079,2026-11-30,5494.02,USD,subscription,EMEA,REP004
RV0002760,BK000197,ACC00079,2026-12-31,5494.02,USD,subscription,EMEA,REP004
RV0002761,BK000197,ACC00079,2027-01-31,5494.02,USD,subscription,EMEA,REP004
RV0002762,BK000197,ACC00079,2027-02-28,5494.02,USD,subscription,EMEA,REP004
RV0002763,BK000197,ACC00079,2027-03-31,5494.02,USD,subscription,EMEA,REP004
RV0002764,BK000197,ACC00079,2027-04-30,5494.02,USD,subscription,EMEA,REP004
RV0002765,BK000197,ACC00079,2027-05-31,5494.02,USD,subscription,EMEA,REP004
RV0002766,BK000197,ACC00079,2027-06-30,5494.02,USD,subscription,EMEA,REP004
RV0002767,BK000197,ACC00079,2027-07-31,5494.02,USD,subscription,EMEA,REP004
RV0002768,BK000197,ACC00079,2027-08-31,5494.02,USD,subscription,EMEA,REP004
RV0002769,BK000197,ACC00079,2027-09-30,5494.02,USD,subscription,EMEA,REP004
RV0002770,BK000197,ACC00079,2027-10-31,5494.02,USD,subscription,EMEA,REP004
RV0002771,BK000197,ACC00079,2027-11-30,5494.02,USD,subscription,EMEA,REP004
RV0002772,BK000197,ACC00079,2027-12-31,5494.02,USD,subscription,EMEA,REP004
RV0002773,BK000197,ACC00079,2028-01-31,5494.02,USD,subscription,EMEA,REP004
RV0002774,BK000197,ACC00079,2028-02-29,5494.02,USD,subscription,EMEA,REP004
RV0002775,BK000197,ACC00079,2028-03-31,5494.02,USD,subscription,EMEA,REP004
RV0002776,BK000197,ACC00079,2028-04-30,5494.02,USD,subscription,EMEA,REP004
RV0002777,BK000197,ACC00079,2028-05-31,5494.02,USD,subscription,EMEA,REP004
RV0002778,BK000197,ACC00079,2028-06-30,5494.02,USD,subscription,EMEA,REP004
RV0002779,BK000197,ACC00079,2028-07-31,5494.02,USD,subscription,EMEA,REP004
RV0002780,BK000197,ACC00079,2028-08-31,5494.02,USD,subscription,EMEA,REP004
RV0002781,BK000197,ACC00079,2028-09-30,5494.02,USD,subscription,EMEA,REP004
RV0002782,BK000197,ACC00079,2028-10-31,5494.02,USD,subscription,EMEA,REP004
RV0002783,BK000197,ACC00079,2028-11-30,5494.02,USD,subscription,EMEA,REP004
RV0002784,BK000197,ACC00079,2028-12-31,5494.32,USD,subscription,EMEA,REP004
RV0002785,BK000198,ACC00079,2026-06-18,225819.14,USD,perpetual,EMEA,REP004
RV0002786,BK000200,ACC00080,2026-05-28,202464.19,USD,perpetual,EMEA,REP007
RV0002787,BK000201,ACC00080,2026-02-23,16243.10,USD,subscription,EMEA,REP007
RV0002788,BK000201,ACC00080,2026-03-23,16243.10,USD,subscription,EMEA,REP007
RV0002789,BK000201,ACC00080,2026-04-23,16243.10,USD,subscription,EMEA,REP007
RV0002790,BK000201,ACC00080,2026-05-23,16243.10,USD,subscription,EMEA,REP007
RV0002791,BK000201,ACC00080,2026-06-23,16243.10,USD,subscription,EMEA,REP007
RV0002792,BK000201,ACC00080,2026-07-23,16243.10,USD,subscription,EMEA,REP007
RV0002793,BK000201,ACC00080,2026-08-23,16243.10,USD,subscription,EMEA,REP007
RV0002794,BK000201,ACC00080,2026-09-23,16243.10,USD,subscription,EMEA,REP007
RV0002795,BK000201,ACC00080,2026-10-23,16243.10,USD,subscription,EMEA,REP007
RV0002796,BK000201,ACC00080,2026-11-23,16243.10,USD,subscription,EMEA,REP007
RV0002797,BK000201,ACC00080,2026-12-23,16243.10,USD,subscription,EMEA,REP007
RV0002798,BK000201,ACC00080,2027-01-23,16243.17,USD,subscription,EMEA,REP007
RV0002799,BK000202,ACC00081,2026-04-25,37312.06,USD,perpetual,EMEA,REP007
RV0002800,BK000203,ACC00081,2026-07-08,1098.58,USD,subscription,EMEA,REP007
RV0002801,BK000203,ACC00081,2026-08-08,1098.58,USD,subscription,EMEA,REP007
RV0002802,BK000203,ACC00081,2026-09-08,1098.58,USD,subscription,EMEA,REP007
RV0002803,BK000203,ACC00081,2026-10-08,1098.58,USD,subscription,EMEA,REP007
RV0002804,BK000203,ACC00081,2026-11-08,1098.58,USD,subscription,EMEA,REP007
RV0002805,BK000203,ACC00081,2026-12-08,1098.58,USD,subscription,EMEA,REP007
RV0002806,BK000203,ACC00081,2027-01-08,1098.58,USD,subscription,EMEA,REP007
RV0002807,BK000203,ACC00081,2027-02-08,1098.58,USD,subscription,EMEA,REP007
RV0002808,BK000203,ACC00081,2027-03-08,1098.58,USD,subscription,EMEA,REP007
RV0002809,BK000203,ACC00081,2027-04-08,1098.58,USD,subscription,EMEA,REP007
RV0002810,BK000203,ACC00081,2027-05-08,1098.58,USD,subscription,EMEA,REP007
RV0002811,BK000203,ACC00081,2027-06-08,1098.58,USD,subscription,EMEA,REP007
RV0002812,BK000203,ACC00081,2027-07-08,1098.58,USD,subscription,EMEA,REP007
RV0002813,BK000203,ACC00081,2027-08-08,1098.58,USD,subscription,EMEA,REP007
RV0002814,BK000203,ACC00081,2027-09-08,1098.58,USD,subscription,EMEA,REP007
RV0002815,BK000203,ACC00081,2027-10-08,1098.58,USD,subscription,EMEA,REP007
RV0002816,BK000203,ACC00081,2027-11-08,1098.58,USD,subscription,EMEA,REP007
RV0002817,BK000203,ACC00081,2027-12-08,1098.58,USD,subscription,EMEA,REP007
RV0002818,BK000203,ACC00081,2028-01-08,1098.58,USD,subscription,EMEA,REP007
RV0002819,BK000203,ACC00081,2028-02-08,1098.58,USD,subscription,EMEA,REP007
RV0002820,BK000203,ACC00081,2028-03-08,1098.58,USD,subscription,EMEA,REP007
RV0002821,BK000203,ACC00081,2028-04-08,1098.58,USD,subscription,EMEA,REP007
RV0002822,BK000203,ACC00081,2028-05-08,1098.58,USD,subscription,EMEA,REP007
RV0002823,BK000203,ACC00081,2028-06-08,1098.58,USD,subscription,EMEA,REP007
RV0002824,BK000203,ACC00081,2028-07-08,1098.58,USD,subscription,EMEA,REP007
RV0002825,BK000203,ACC00081,2028-08-08,1098.58,USD,subscription,EMEA,REP007
RV0002826,BK000203,ACC00081,2028-09-08,1098.58,USD,subscription,EMEA,REP007
RV0002827,BK000203,ACC00081,2028-10-08,1098.58,USD,subscription,EMEA,REP007
RV0002828,BK000203,ACC00081,2028-11-08,1098.58,USD,subscription,EMEA,REP007
RV0002829,BK000203,ACC00081,2028-12-08,1098.58,USD,subscription,EMEA,REP007
RV0002830,BK000203,ACC00081,2029-01-08,1098.58,USD,subscription,EMEA,REP007
RV0002831,BK000203,ACC00081,2029-02-08,1098.58,USD,subscription,EMEA,REP007
RV0002832,BK000203,ACC00081,2029-03-08,1098.58,USD,subscription,EMEA,REP007
RV0002833,BK000203,ACC00081,2029-04-08,1098.58,USD,subscription,EMEA,REP007
RV0002834,BK000203,ACC00081,2029-05-08,1098.58,USD,subscription,EMEA,REP007
RV0002835,BK000203,ACC00081,2029-06-08,1098.81,USD,subscription,EMEA,REP007
RV0002836,BK000204,ACC00081,2026-04-26,4027.39,USD,subscription,EMEA,REP007
RV0002837,BK000204,ACC00081,2026-05-26,4027.39,USD,subscription,EMEA,REP007
RV0002838,BK000204,ACC00081,2026-06-26,4027.39,USD,subscription,EMEA,REP007
RV0002839,BK000204,ACC00081,2026-07-26,4027.39,USD,subscription,EMEA,REP007
RV0002840,BK000204,ACC00081,2026-08-26,4027.39,USD,subscription,EMEA,REP007
RV0002841,BK000204,ACC00081,2026-09-26,4027.39,USD,subscription,EMEA,REP007
RV0002842,BK000204,ACC00081,2026-10-26,4027.39,USD,subscription,EMEA,REP007
RV0002843,BK000204,ACC00081,2026-11-26,4027.39,USD,subscription,EMEA,REP007
RV0002844,BK000204,ACC00081,2026-12-26,4027.39,USD,subscription,EMEA,REP007
RV0002845,BK000204,ACC00081,2027-01-26,4027.39,USD,subscription,EMEA,REP007
RV0002846,BK000204,ACC00081,2027-02-26,4027.39,USD,subscription,EMEA,REP007
RV0002847,BK000204,ACC00081,2027-03-26,4027.39,USD,subscription,EMEA,REP007
RV0002848,BK000204,ACC00081,2027-04-26,4027.39,USD,subscription,EMEA,REP007
RV0002849,BK000204,ACC00081,2027-05-26,4027.39,USD,subscription,EMEA,REP007
RV0002850,BK000204,ACC00081,2027-06-26,4027.39,USD,subscription,EMEA,REP007
RV0002851,BK000204,ACC00081,2027-07-26,4027.39,USD,subscription,EMEA,REP007
RV0002852,BK000204,ACC00081,2027-08-26,4027.39,USD,subscription,EMEA,REP007
RV0002853,BK000204,ACC00081,2027-09-26,4027.39,USD,subscription,EMEA,REP007
RV0002854,BK000204,ACC00081,2027-10-26,4027.39,USD,subscription,EMEA,REP007
RV0002855,BK000204,ACC00081,2027-11-26,4027.39,USD,subscription,EMEA,REP007
RV0002856,BK000204,ACC00081,2027-12-26,4027.39,USD,subscription,EMEA,REP007
RV0002857,BK000204,ACC00081,2028-01-26,4027.39,USD,subscription,EMEA,REP007
RV0002858,BK000204,ACC00081,2028-02-26,4027.39,USD,subscription,EMEA,REP007
RV0002859,BK000204,ACC00081,2028-03-26,4027.39,USD,subscription,EMEA,REP007
RV0002860,BK000204,ACC00081,2028-04-26,4027.39,USD,subscription,EMEA,REP007
RV0002861,BK000204,ACC00081,2028-05-26,4027.39,USD,subscription,EMEA,REP007
RV0002862,BK000204,ACC00081,2028-06-26,4027.39,USD,subscription,EMEA,REP007
RV0002863,BK000204,ACC00081,2028-07-26,4027.39,USD,subscription,EMEA,REP007
RV0002864,BK000204,ACC00081,2028-08-26,4027.39,USD,subscription,EMEA,REP007
RV0002865,BK000204,ACC00081,2028-09-26,4027.39,USD,subscription,EMEA,REP007
RV0002866,BK000204,ACC00081,2028-10-26,4027.39,USD,subscription,EMEA,REP007
RV0002867,BK000204,ACC00081,2028-11-26,4027.39,USD,subscription,EMEA,REP007
RV0002868,BK000204,ACC00081,2028-12-26,4027.39,USD,subscription,EMEA,REP007
RV0002869,BK000204,ACC00081,2029-01-26,4027.39,USD,subscription,EMEA,REP007
RV0002870,BK000204,ACC00081,2029-02-26,4027.39,USD,subscription,EMEA,REP007
RV0002871,BK000204,ACC00081,2029-03-26,4027.58,USD,subscription,EMEA,REP007
RV0002872,BK000205,ACC00081,2026-01-14,5704.02,USD,subscription,EMEA,REP007
RV0002873,BK000205,ACC00081,2026-02-14,5704.02,USD,subscription,EMEA,REP007
RV0002874,BK000205,ACC00081,2026-03-14,5704.02,USD,subscription,EMEA,REP007
RV0002875,BK000205,ACC00081,2026-04-14,5704.02,USD,subscription,EMEA,REP007
RV0002876,BK000205,ACC00081,2026-05-14,5704.02,USD,subscription,EMEA,REP007
RV0002877,BK000205,ACC00081,2026-06-14,5704.02,USD,subscription,EMEA,REP007
RV0002878,BK000205,ACC00081,2026-07-14,5704.02,USD,subscription,EMEA,REP007
RV0002879,BK000205,ACC00081,2026-08-14,5704.02,USD,subscription,EMEA,REP007
RV0002880,BK000205,ACC00081,2026-09-14,5704.02,USD,subscription,EMEA,REP007
RV0002881,BK000205,ACC00081,2026-10-14,5704.02,USD,subscription,EMEA,REP007
RV0002882,BK000205,ACC00081,2026-11-14,5704.02,USD,subscription,EMEA,REP007
RV0002883,BK000205,ACC00081,2026-12-14,5704.02,USD,subscription,EMEA,REP007
RV0002884,BK000205,ACC00081,2027-01-14,5704.02,USD,subscription,EMEA,REP007
RV0002885,BK000205,ACC00081,2027-02-14,5704.02,USD,subscription,EMEA,REP007
RV0002886,BK000205,ACC00081,2027-03-14,5704.02,USD,subscription,EMEA,REP007
RV0002887,BK000205,ACC00081,2027-04-14,5704.02,USD,subscription,EMEA,REP007
RV0002888,BK000205,ACC00081,2027-05-14,5704.02,USD,subscription,EMEA,REP007
RV0002889,BK000205,ACC00081,2027-06-14,5704.02,USD,subscription,EMEA,REP007
RV0002890,BK000205,ACC00081,2027-07-14,5704.02,USD,subscription,EMEA,REP007
RV0002891,BK000205,ACC00081,2027-08-14,5704.02,USD,subscription,EMEA,REP007
RV0002892,BK000205,ACC00081,2027-09-14,5704.02,USD,subscription,EMEA,REP007
RV0002893,BK000205,ACC00081,2027-10-14,5704.02,USD,subscription,EMEA,REP007
RV0002894,BK000205,ACC00081,2027-11-14,5704.02,USD,subscription,EMEA,REP007
RV0002895,BK000205,ACC00081,2027-12-14,5704.02,USD,subscription,EMEA,REP007
RV0002896,BK000205,ACC00081,2028-01-14,5704.02,USD,subscription,EMEA,REP007
RV0002897,BK000205,ACC00081,2028-02-14,5704.02,USD,subscription,EMEA,REP007
RV0002898,BK000205,ACC00081,2028-03-14,5704.02,USD,subscription,EMEA,REP007
RV0002899,BK000205,ACC00081,2028-04-14,5704.02,USD,subscription,EMEA,REP007
RV0002900,BK000205,ACC00081,2028-05-14,5704.02,USD,subscription,EMEA,REP007
RV0002901,BK000205,ACC00081,2028-06-14,5704.02,USD,subscription,EMEA,REP007
RV0002902,BK000205,ACC00081,2028-07-14,5704.02,USD,subscription,EMEA,REP007
RV0002903,BK000205,ACC00081,2028-08-14,5704.02,USD,subscription,EMEA,REP007
RV0002904,BK000205,ACC00081,2028-09-14,5704.02,USD,subscription,EMEA,REP007
RV0002905,BK000205,ACC00081,2028-10-14,5704.02,USD,subscription,EMEA,REP007
RV0002906,BK000205,ACC00081,2028-11-14,5704.02,USD,subscription,EMEA,REP007
RV0002907,BK000205,ACC00081,2028-12-14,5704.08,USD,subscription,EMEA,REP007
RV0002908,BK000206,ACC00082,2026-01-15,61537.58,USD,perpetual,APAC,REP009
RV0002909,BK000207,ACC00082,2026-06-08,115026.23,USD,perpetual,APAC,REP009
RV0002910,BK000208,ACC00082,2026-04-03,2044.46,USD,subscription,APAC,REP009
RV0002911,BK000208,ACC00082,2026-05-03,2044.46,USD,subscription,APAC,REP009
RV0002912,BK000208,ACC00082,2026-06-03,2044.46,USD,subscription,APAC,REP009
RV0002913,BK000208,ACC00082,2026-07-03,2044.46,USD,subscription,APAC,REP009
RV0002914,BK000208,ACC00082,2026-08-03,2044.46,USD,subscription,APAC,REP009
RV0002915,BK000208,ACC00082,2026-09-03,2044.46,USD,subscription,APAC,REP009
RV0002916,BK000208,ACC00082,2026-10-03,2044.46,USD,subscription,APAC,REP009
RV0002917,BK000208,ACC00082,2026-11-03,2044.46,USD,subscription,APAC,REP009
RV0002918,BK000208,ACC00082,2026-12-03,2044.46,USD,subscription,APAC,REP009
RV0002919,BK000208,ACC00082,2027-01-03,2044.46,USD,subscription,APAC,REP009
RV0002920,BK000208,ACC00082,2027-02-03,2044.46,USD,subscription,APAC,REP009
RV0002921,BK000208,ACC00082,2027-03-03,2044.46,USD,subscription,APAC,REP009
RV0002922,BK000208,ACC00082,2027-04-03,2044.46,USD,subscription,APAC,REP009
RV0002923,BK000208,ACC00082,2027-05-03,2044.46,USD,subscription,APAC,REP009
RV0002924,BK000208,ACC00082,2027-06-03,2044.46,USD,subscription,APAC,REP009
RV0002925,BK000208,ACC00082,2027-07-03,2044.46,USD,subscription,APAC,REP009
RV0002926,BK000208,ACC00082,2027-08-03,2044.46,USD,subscription,APAC,REP009
RV0002927,BK000208,ACC00082,2027-09-03,2044.46,USD,subscription,APAC,REP009
RV0002928,BK000208,ACC00082,2027-10-03,2044.46,USD,subscription,APAC,REP009
RV0002929,BK000208,ACC00082,2027-11-03,2044.46,USD,subscription,APAC,REP009
RV0002930,BK000208,ACC00082,2027-12-03,2044.46,USD,subscription,APAC,REP009
RV0002931,BK000208,ACC00082,2028-01-03,2044.46,USD,subscription,APAC,REP009
RV0002932,BK000208,ACC00082,2028-02-03,2044.46,USD,subscription,APAC,REP009
RV0002933,BK000208,ACC00082,2028-03-03,2044.64,USD,subscription,APAC,REP009
RV0002934,BK000209,ACC00083,2026-03-14,20802.32,USD,subscription,EMEA,REP007
RV0002935,BK000209,ACC00083,2026-04-14,20802.32,USD,subscription,EMEA,REP007
RV0002936,BK000209,ACC00083,2026-05-14,20802.32,USD,subscription,EMEA,REP007
RV0002937,BK000209,ACC00083,2026-06-14,20802.32,USD,subscription,EMEA,REP007
RV0002938,BK000209,ACC00083,2026-07-14,20802.32,USD,subscription,EMEA,REP007
RV0002939,BK000209,ACC00083,2026-08-14,20802.32,USD,subscription,EMEA,REP007
RV0002940,BK000209,ACC00083,2026-09-14,20802.32,USD,subscription,EMEA,REP007
RV0002941,BK000209,ACC00083,2026-10-14,20802.32,USD,subscription,EMEA,REP007
RV0002942,BK000209,ACC00083,2026-11-14,20802.32,USD,subscription,EMEA,REP007
RV0002943,BK000209,ACC00083,2026-12-14,20802.32,USD,subscription,EMEA,REP007
RV0002944,BK000209,ACC00083,2027-01-14,20802.32,USD,subscription,EMEA,REP007
RV0002945,BK000209,ACC00083,2027-02-14,20802.43,USD,subscription,EMEA,REP007
RV0002946,BK000210,ACC00084,2026-09-29,73186.61,USD,perpetual,EMEA,REP007
RV0002947,BK000211,ACC00085,2026-06-24,53817.78,USD,perpetual,APAC,REP009
RV0002948,BK000212,ACC00085,2026-06-16,15954.39,USD,subscription,APAC,REP009
RV0002949,BK000212,ACC00085,2026-07-16,15954.39,USD,subscription,APAC,REP009
RV0002950,BK000212,ACC00085,2026-08-16,15954.39,USD,subscription,APAC,REP009
RV0002951,BK000212,ACC00085,2026-09-16,15954.39,USD,subscription,APAC,REP009
RV0002952,BK000212,ACC00085,2026-10-16,15954.39,USD,subscription,APAC,REP009
RV0002953,BK000212,ACC00085,2026-11-16,15954.39,USD,subscription,APAC,REP009
RV0002954,BK000212,ACC00085,2026-12-16,15954.39,USD,subscription,APAC,REP009
RV0002955,BK000212,ACC00085,2027-01-16,15954.39,USD,subscription,APAC,REP009
RV0002956,BK000212,ACC00085,2027-02-16,15954.39,USD,subscription,APAC,REP009
RV0002957,BK000212,ACC00085,2027-03-16,15954.39,USD,subscription,APAC,REP009
RV0002958,BK000212,ACC00085,2027-04-16,15954.39,USD,subscription,APAC,REP009
RV0002959,BK000212,ACC00085,2027-05-16,15954.50,USD,subscription,APAC,REP009
RV0002960,BK000213,ACC00085,2026-03-21,4484.83,USD,subscription,APAC,REP009
RV0002961,BK000213,ACC00085,2026-04-21,4484.83,USD,subscription,APAC,REP009
RV0002962,BK000213,ACC00085,2026-05-21,4484.83,USD,subscription,APAC,REP009
RV0002963,BK000213,ACC00085,2026-06-21,4484.83,USD,subscription,APAC,REP009
RV0002964,BK000213,ACC00085,2026-07-21,4484.83,USD,subscription,APAC,REP009
RV0002965,BK000213,ACC00085,2026-08-21,4484.83,USD,subscription,APAC,REP009
RV0002966,BK000213,ACC00085,2026-09-21,4484.83,USD,subscription,APAC,REP009
RV0002967,BK000213,ACC00085,2026-10-21,4484.83,USD,subscription,APAC,REP009
RV0002968,BK000213,ACC00085,2026-11-21,4484.83,USD,subscription,APAC,REP009
RV0002969,BK000213,ACC00085,2026-12-21,4484.83,USD,subscription,APAC,REP009
RV0002970,BK000213,ACC00085,2027-01-21,4484.83,USD,subscription,APAC,REP009
RV0002971,BK000213,ACC00085,2027-02-21,4484.86,USD,subscription,APAC,REP009
RV0002972,BK000214,ACC00085,2026-02-11,3845.94,USD,subscription,APAC,REP009
RV0002973,BK000214,ACC00085,2026-03-11,3845.94,USD,subscription,APAC,REP009
RV0002974,BK000214,ACC00085,2026-04-11,3845.94,USD,subscription,APAC,REP009
RV0002975,BK000214,ACC00085,2026-05-11,3845.94,USD,subscription,APAC,REP009
RV0002976,BK000214,ACC00085,2026-06-11,3845.94,USD,subscription,APAC,REP009
RV0002977,BK000214,ACC00085,2026-07-11,3845.94,USD,subscription,APAC,REP009
RV0002978,BK000214,ACC00085,2026-08-11,3845.94,USD,subscription,APAC,REP009
RV0002979,BK000214,ACC00085,2026-09-11,3845.94,USD,subscription,APAC,REP009
RV0002980,BK000214,ACC00085,2026-10-11,3845.94,USD,subscription,APAC,REP009
RV0002981,BK000214,ACC00085,2026-11-11,3845.94,USD,subscription,APAC,REP009
RV0002982,BK000214,ACC00085,2026-12-11,3845.94,USD,subscription,APAC,REP009
RV0002983,BK000214,ACC00085,2027-01-11,3845.94,USD,subscription,APAC,REP009
RV0002984,BK000214,ACC00085,2027-02-11,3845.94,USD,subscription,APAC,REP009
RV0002985,BK000214,ACC00085,2027-03-11,3845.94,USD,subscription,APAC,REP009
RV0002986,BK000214,ACC00085,2027-04-11,3845.94,USD,subscription,APAC,REP009
RV0002987,BK000214,ACC00085,2027-05-11,3845.94,USD,subscription,APAC,REP009
RV0002988,BK000214,ACC00085,2027-06-11,3845.94,USD,subscription,APAC,REP009
RV0002989,BK000214,ACC00085,2027-07-11,3845.94,USD,subscription,APAC,REP009
RV0002990,BK000214,ACC00085,2027-08-11,3845.94,USD,subscription,APAC,REP009
RV0002991,BK000214,ACC00085,2027-09-11,3845.94,USD,subscription,APAC,REP009
RV0002992,BK000214,ACC00085,2027-10-11,3845.94,USD,subscription,APAC,REP009
RV0002993,BK000214,ACC00085,2027-11-11,3845.94,USD,subscription,APAC,REP009
RV0002994,BK000214,ACC00085,2027-12-11,3845.94,USD,subscription,APAC,REP009
RV0002995,BK000214,ACC00085,2028-01-11,3845.94,USD,subscription,APAC,REP009
RV0002996,BK000215,ACC00086,2026-08-15,139977.00,USD,perpetual,APAC,REP012
RV0002997,BK000216,ACC00086,2026-09-20,39190.81,USD,perpetual,APAC,REP012
RV0002998,BK000217,ACC00086,2026-02-26,2667.82,USD,subscription,APAC,REP012
RV0002999,BK000217,ACC00086,2026-03-26,2667.82,USD,subscription,APAC,REP012
RV0003000,BK000217,ACC00086,2026-04-26,2667.82,USD,subscription,APAC,REP012
RV0003001,BK000217,ACC00086,2026-05-26,2667.82,USD,subscription,APAC,REP012
RV0003002,BK000217,ACC00086,2026-06-26,2667.82,USD,subscription,APAC,REP012
RV0003003,BK000217,ACC00086,2026-07-26,2667.82,USD,subscription,APAC,REP012
RV0003004,BK000217,ACC00086,2026-08-26,2667.82,USD,subscription,APAC,REP012
RV0003005,BK000217,ACC00086,2026-09-26,2667.82,USD,subscription,APAC,REP012
RV0003006,BK000217,ACC00086,2026-10-26,2667.82,USD,subscription,APAC,REP012
RV0003007,BK000217,ACC00086,2026-11-26,2667.82,USD,subscription,APAC,REP012
RV0003008,BK000217,ACC00086,2026-12-26,2667.82,USD,subscription,APAC,REP012
RV0003009,BK000217,ACC00086,2027-01-26,2667.82,USD,subscription,APAC,REP012
RV0003010,BK000217,ACC00086,2027-02-26,2667.82,USD,subscription,APAC,REP012
RV0003011,BK000217,ACC00086,2027-03-26,2667.82,USD,subscription,APAC,REP012
RV0003012,BK000217,ACC00086,2027-04-26,2667.82,USD,subscription,APAC,REP012
RV0003013,BK000217,ACC00086,2027-05-26,2667.82,USD,subscription,APAC,REP012
RV0003014,BK000217,ACC00086,2027-06-26,2667.82,USD,subscription,APAC,REP012
RV0003015,BK000217,ACC00086,2027-07-26,2667.82,USD,subscription,APAC,REP012
RV0003016,BK000217,ACC00086,2027-08-26,2667.82,USD,subscription,APAC,REP012
RV0003017,BK000217,ACC00086,2027-09-26,2667.82,USD,subscription,APAC,REP012
RV0003018,BK000217,ACC00086,2027-10-26,2667.82,USD,subscription,APAC,REP012
RV0003019,BK000217,ACC00086,2027-11-26,2667.82,USD,subscription,APAC,REP012
RV0003020,BK000217,ACC00086,2027-12-26,2667.82,USD,subscription,APAC,REP012
RV0003021,BK000217,ACC00086,2028-01-26,2667.82,USD,subscription,APAC,REP012
RV0003022,BK000217,ACC00086,2028-02-26,2667.82,USD,subscription,APAC,REP012
RV0003023,BK000217,ACC00086,2028-03-26,2667.82,USD,subscription,APAC,REP012
RV0003024,BK000217,ACC00086,2028-04-26,2667.82,USD,subscription,APAC,REP012
RV0003025,BK000217,ACC00086,2028-05-26,2667.82,USD,subscription,APAC,REP012
RV0003026,BK000217,ACC00086,2028-06-26,2667.82,USD,subscription,APAC,REP012
RV0003027,BK000217,ACC00086,2028-07-26,2667.82,USD,subscription,APAC,REP012
RV0003028,BK000217,ACC00086,2028-08-26,2667.82,USD,subscription,APAC,REP012
RV0003029,BK000217,ACC00086,2028-09-26,2667.82,USD,subscription,APAC,REP012
RV0003030,BK000217,ACC00086,2028-10-26,2667.82,USD,subscription,APAC,REP012
RV0003031,BK000217,ACC00086,2028-11-26,2667.82,USD,subscription,APAC,REP012
RV0003032,BK000217,ACC00086,2028-12-26,2667.82,USD,subscription,APAC,REP012
RV0003033,BK000217,ACC00086,2029-01-26,2668.04,USD,subscription,APAC,REP012
RV0003034,BK000218,ACC00086,2026-09-07,14817.47,USD,subscription,APAC,REP012
RV0003035,BK000218,ACC00086,2026-10-07,14817.47,USD,subscription,APAC,REP012
RV0003036,BK000218,ACC00086,2026-11-07,14817.47,USD,subscription,APAC,REP012
RV0003037,BK000218,ACC00086,2026-12-07,14817.47,USD,subscription,APAC,REP012
RV0003038,BK000218,ACC00086,2027-01-07,14817.47,USD,subscription,APAC,REP012
RV0003039,BK000218,ACC00086,2027-02-07,14817.47,USD,subscription,APAC,REP012
RV0003040,BK000218,ACC00086,2027-03-07,14817.47,USD,subscription,APAC,REP012
RV0003041,BK000218,ACC00086,2027-04-07,14817.47,USD,subscription,APAC,REP012
RV0003042,BK000218,ACC00086,2027-05-07,14817.47,USD,subscription,APAC,REP012
RV0003043,BK000218,ACC00086,2027-06-07,14817.47,USD,subscription,APAC,REP012
RV0003044,BK000218,ACC00086,2027-07-07,14817.47,USD,subscription,APAC,REP012
RV0003045,BK000218,ACC00086,2027-08-07,14817.57,USD,subscription,APAC,REP012
RV0003046,BK000219,ACC00087,2026-07-22,202100.08,USD,perpetual,EMEA,REP010
RV0003047,BK000220,ACC00087,2026-04-15,8511.62,USD,subscription,EMEA,REP010
RV0003048,BK000220,ACC00087,2026-05-15,8511.62,USD,subscription,EMEA,REP010
RV0003049,BK000220,ACC00087,2026-06-15,8511.62,USD,subscription,EMEA,REP010
RV0003050,BK000220,ACC00087,2026-07-15,8511.62,USD,subscription,EMEA,REP010
RV0003051,BK000220,ACC00087,2026-08-15,8511.62,USD,subscription,EMEA,REP010
RV0003052,BK000220,ACC00087,2026-09-15,8511.62,USD,subscription,EMEA,REP010
RV0003053,BK000220,ACC00087,2026-10-15,8511.62,USD,subscription,EMEA,REP010
RV0003054,BK000220,ACC00087,2026-11-15,8511.62,USD,subscription,EMEA,REP010
RV0003055,BK000220,ACC00087,2026-12-15,8511.62,USD,subscription,EMEA,REP010
RV0003056,BK000220,ACC00087,2027-01-15,8511.62,USD,subscription,EMEA,REP010
RV0003057,BK000220,ACC00087,2027-02-15,8511.62,USD,subscription,EMEA,REP010
RV0003058,BK000220,ACC00087,2027-03-15,8511.73,USD,subscription,EMEA,REP010
RV0003059,BK000221,ACC00088,2026-05-29,111099.59,USD,perpetual,EMEA,REP007
RV0003060,BK000223,ACC00088,2026-07-14,4991.80,USD,subscription,EMEA,REP007
RV0003061,BK000223,ACC00088,2026-08-14,4991.80,USD,subscription,EMEA,REP007
RV0003062,BK000223,ACC00088,2026-09-14,4991.80,USD,subscription,EMEA,REP007
RV0003063,BK000223,ACC00088,2026-10-14,4991.80,USD,subscription,EMEA,REP007
RV0003064,BK000223,ACC00088,2026-11-14,4991.80,USD,subscription,EMEA,REP007
RV0003065,BK000223,ACC00088,2026-12-14,4991.80,USD,subscription,EMEA,REP007
RV0003066,BK000223,ACC00088,2027-01-14,4991.80,USD,subscription,EMEA,REP007
RV0003067,BK000223,ACC00088,2027-02-14,4991.80,USD,subscription,EMEA,REP007
RV0003068,BK000223,ACC00088,2027-03-14,4991.80,USD,subscription,EMEA,REP007
RV0003069,BK000223,ACC00088,2027-04-14,4991.80,USD,subscription,EMEA,REP007
RV0003070,BK000223,ACC00088,2027-05-14,4991.80,USD,subscription,EMEA,REP007
RV0003071,BK000223,ACC00088,2027-06-14,4991.80,USD,subscription,EMEA,REP007
RV0003072,BK000223,ACC00088,2027-07-14,4991.80,USD,subscription,EMEA,REP007
RV0003073,BK000223,ACC00088,2027-08-14,4991.80,USD,subscription,EMEA,REP007
RV0003074,BK000223,ACC00088,2027-09-14,4991.80,USD,subscription,EMEA,REP007
RV0003075,BK000223,ACC00088,2027-10-14,4991.80,USD,subscription,EMEA,REP007
RV0003076,BK000223,ACC00088,2027-11-14,4991.80,USD,subscription,EMEA,REP007
RV0003077,BK000223,ACC00088,2027-12-14,4991.80,USD,subscription,EMEA,REP007
RV0003078,BK000223,ACC00088,2028-01-14,4991.80,USD,subscription,EMEA,REP007
RV0003079,BK000223,ACC00088,2028-02-14,4991.80,USD,subscription,EMEA,REP007
RV0003080,BK000223,ACC00088,2028-03-14,4991.80,USD,subscription,EMEA,REP007
RV0003081,BK000223,ACC00088,2028-04-14,4991.80,USD,subscription,EMEA,REP007
RV0003082,BK000223,ACC00088,2028-05-14,4991.80,USD,subscription,EMEA,REP007
RV0003083,BK000223,ACC00088,2028-06-14,4991.80,USD,subscription,EMEA,REP007
RV0003084,BK000223,ACC00088,2028-07-14,4991.80,USD,subscription,EMEA,REP007
RV0003085,BK000223,ACC00088,2028-08-14,4991.80,USD,subscription,EMEA,REP007
RV0003086,BK000223,ACC00088,2028-09-14,4991.80,USD,subscription,EMEA,REP007
RV0003087,BK000223,ACC00088,2028-10-14,4991.80,USD,subscription,EMEA,REP007
RV0003088,BK000223,ACC00088,2028-11-14,4991.80,USD,subscription,EMEA,REP007
RV0003089,BK000223,ACC00088,2028-12-14,4991.80,USD,subscription,EMEA,REP007
RV0003090,BK000223,ACC00088,2029-01-14,4991.80,USD,subscription,EMEA,REP007
RV0003091,BK000223,ACC00088,2029-02-14,4991.80,USD,subscription,EMEA,REP007
RV0003092,BK000223,ACC00088,2029-03-14,4991.80,USD,subscription,EMEA,REP007
RV0003093,BK000223,ACC00088,2029-04-14,4991.80,USD,subscription,EMEA,REP007
RV0003094,BK000223,ACC00088,2029-05-14,4991.80,USD,subscription,EMEA,REP007
RV0003095,BK000223,ACC00088,2029-06-14,4991.98,USD,subscription,EMEA,REP007
RV0003096,BK000224,ACC00089,2026-02-06,11186.24,USD,subscription,APAC,REP006
RV0003097,BK000224,ACC00089,2026-03-06,11186.24,USD,subscription,APAC,REP006
RV0003098,BK000224,ACC00089,2026-04-06,11186.24,USD,subscription,APAC,REP006
RV0003099,BK000224,ACC00089,2026-05-06,11186.24,USD,subscription,APAC,REP006
RV0003100,BK000224,ACC00089,2026-06-06,11186.24,USD,subscription,APAC,REP006
RV0003101,BK000224,ACC00089,2026-07-06,11186.24,USD,subscription,APAC,REP006
RV0003102,BK000224,ACC00089,2026-08-06,11186.24,USD,subscription,APAC,REP006
RV0003103,BK000224,ACC00089,2026-09-06,11186.24,USD,subscription,APAC,REP006
RV0003104,BK000224,ACC00089,2026-10-06,11186.24,USD,subscription,APAC,REP006
RV0003105,BK000224,ACC00089,2026-11-06,11186.24,USD,subscription,APAC,REP006
RV0003106,BK000224,ACC00089,2026-12-06,11186.24,USD,subscription,APAC,REP006
RV0003107,BK000224,ACC00089,2027-01-06,11186.33,USD,subscription,APAC,REP006
RV0003108,BK000225,ACC00089,2026-08-12,607.38,USD,subscription,APAC,REP006
RV0003109,BK000225,ACC00089,2026-09-12,607.38,USD,subscription,APAC,REP006
RV0003110,BK000225,ACC00089,2026-10-12,607.38,USD,subscription,APAC,REP006
RV0003111,BK000225,ACC00089,2026-11-12,607.38,USD,subscription,APAC,REP006
RV0003112,BK000225,ACC00089,2026-12-12,607.38,USD,subscription,APAC,REP006
RV0003113,BK000225,ACC00089,2027-01-12,607.38,USD,subscription,APAC,REP006
RV0003114,BK000225,ACC00089,2027-02-12,607.38,USD,subscription,APAC,REP006
RV0003115,BK000225,ACC00089,2027-03-12,607.38,USD,subscription,APAC,REP006
RV0003116,BK000225,ACC00089,2027-04-12,607.38,USD,subscription,APAC,REP006
RV0003117,BK000225,ACC00089,2027-05-12,607.38,USD,subscription,APAC,REP006
RV0003118,BK000225,ACC00089,2027-06-12,607.38,USD,subscription,APAC,REP006
RV0003119,BK000225,ACC00089,2027-07-12,607.43,USD,subscription,APAC,REP006
RV0003120,BK000226,ACC00089,2026-06-10,8091.36,USD,subscription,APAC,REP006
RV0003121,BK000226,ACC00089,2026-07-10,8091.36,USD,subscription,APAC,REP006
RV0003122,BK000226,ACC00089,2026-08-10,8091.36,USD,subscription,APAC,REP006
RV0003123,BK000226,ACC00089,2026-09-10,8091.36,USD,subscription,APAC,REP006
RV0003124,BK000226,ACC00089,2026-10-10,8091.36,USD,subscription,APAC,REP006
RV0003125,BK000226,ACC00089,2026-11-10,8091.36,USD,subscription,APAC,REP006
RV0003126,BK000226,ACC00089,2026-12-10,8091.36,USD,subscription,APAC,REP006
RV0003127,BK000226,ACC00089,2027-01-10,8091.36,USD,subscription,APAC,REP006
RV0003128,BK000226,ACC00089,2027-02-10,8091.36,USD,subscription,APAC,REP006
RV0003129,BK000226,ACC00089,2027-03-10,8091.36,USD,subscription,APAC,REP006
RV0003130,BK000226,ACC00089,2027-04-10,8091.36,USD,subscription,APAC,REP006
RV0003131,BK000226,ACC00089,2027-05-10,8091.36,USD,subscription,APAC,REP006
RV0003132,BK000226,ACC00089,2027-06-10,8091.36,USD,subscription,APAC,REP006
RV0003133,BK000226,ACC00089,2027-07-10,8091.36,USD,subscription,APAC,REP006
RV0003134,BK000226,ACC00089,2027-08-10,8091.36,USD,subscription,APAC,REP006
RV0003135,BK000226,ACC00089,2027-09-10,8091.36,USD,subscription,APAC,REP006
RV0003136,BK000226,ACC00089,2027-10-10,8091.36,USD,subscription,APAC,REP006
RV0003137,BK000226,ACC00089,2027-11-10,8091.36,USD,subscription,APAC,REP006
RV0003138,BK000226,ACC00089,2027-12-10,8091.36,USD,subscription,APAC,REP006
RV0003139,BK000226,ACC00089,2028-01-10,8091.36,USD,subscription,APAC,REP006
RV0003140,BK000226,ACC00089,2028-02-10,8091.36,USD,subscription,APAC,REP006
RV0003141,BK000226,ACC00089,2028-03-10,8091.36,USD,subscription,APAC,REP006
RV0003142,BK000226,ACC00089,2028-04-10,8091.36,USD,subscription,APAC,REP006
RV0003143,BK000226,ACC00089,2028-05-10,8091.43,USD,subscription,APAC,REP006
RV0003144,BK000227,ACC00090,2026-05-29,1651.90,USD,subscription,APAC,REP003
RV0003145,BK000227,ACC00090,2026-06-29,1651.90,USD,subscription,APAC,REP003
RV0003146,BK000227,ACC00090,2026-07-29,1651.90,USD,subscription,APAC,REP003
RV0003147,BK000227,ACC00090,2026-08-29,1651.90,USD,subscription,APAC,REP003
RV0003148,BK000227,ACC00090,2026-09-29,1651.90,USD,subscription,APAC,REP003
RV0003149,BK000227,ACC00090,2026-10-29,1651.90,USD,subscription,APAC,REP003
RV0003150,BK000227,ACC00090,2026-11-29,1651.90,USD,subscription,APAC,REP003
RV0003151,BK000227,ACC00090,2026-12-29,1651.90,USD,subscription,APAC,REP003
RV0003152,BK000227,ACC00090,2027-01-29,1651.90,USD,subscription,APAC,REP003
RV0003153,BK000227,ACC00090,2027-02-28,1651.90,USD,subscription,APAC,REP003
RV0003154,BK000227,ACC00090,2027-03-29,1651.90,USD,subscription,APAC,REP003
RV0003155,BK000227,ACC00090,2027-04-29,1651.90,USD,subscription,APAC,REP003
RV0003156,BK000227,ACC00090,2027-05-29,1651.90,USD,subscription,APAC,REP003
RV0003157,BK000227,ACC00090,2027-06-29,1651.90,USD,subscription,APAC,REP003
RV0003158,BK000227,ACC00090,2027-07-29,1651.90,USD,subscription,APAC,REP003
RV0003159,BK000227,ACC00090,2027-08-29,1651.90,USD,subscription,APAC,REP003
RV0003160,BK000227,ACC00090,2027-09-29,1651.90,USD,subscription,APAC,REP003
RV0003161,BK000227,ACC00090,2027-10-29,1651.90,USD,subscription,APAC,REP003
RV0003162,BK000227,ACC00090,2027-11-29,1651.90,USD,subscription,APAC,REP003
RV0003163,BK000227,ACC00090,2027-12-29,1651.90,USD,subscription,APAC,REP003
RV0003164,BK000227,ACC00090,2028-01-29,1651.90,USD,subscription,APAC,REP003
RV0003165,BK000227,ACC00090,2028-02-29,1651.90,USD,subscription,APAC,REP003
RV0003166,BK000227,ACC00090,2028-03-29,1651.90,USD,subscription,APAC,REP003
RV0003167,BK000227,ACC00090,2028-04-29,1652.07,USD,subscription,APAC,REP003
RV0003168,BK000228,ACC00090,2026-03-29,5789.12,USD,subscription,APAC,REP003
RV0003169,BK000228,ACC00090,2026-04-29,5789.12,USD,subscription,APAC,REP003
RV0003170,BK000228,ACC00090,2026-05-29,5789.12,USD,subscription,APAC,REP003
RV0003171,BK000228,ACC00090,2026-06-29,5789.12,USD,subscription,APAC,REP003
RV0003172,BK000228,ACC00090,2026-07-29,5789.12,USD,subscription,APAC,REP003
RV0003173,BK000228,ACC00090,2026-08-29,5789.12,USD,subscription,APAC,REP003
RV0003174,BK000228,ACC00090,2026-09-29,5789.12,USD,subscription,APAC,REP003
RV0003175,BK000228,ACC00090,2026-10-29,5789.12,USD,subscription,APAC,REP003
RV0003176,BK000228,ACC00090,2026-11-29,5789.12,USD,subscription,APAC,REP003
RV0003177,BK000228,ACC00090,2026-12-29,5789.12,USD,subscription,APAC,REP003
RV0003178,BK000228,ACC00090,2027-01-29,5789.12,USD,subscription,APAC,REP003
RV0003179,BK000228,ACC00090,2027-02-28,5789.12,USD,subscription,APAC,REP003
RV0003180,BK000228,ACC00090,2027-03-29,5789.12,USD,subscription,APAC,REP003
RV0003181,BK000228,ACC00090,2027-04-29,5789.12,USD,subscription,APAC,REP003
RV0003182,BK000228,ACC00090,2027-05-29,5789.12,USD,subscription,APAC,REP003
RV0003183,BK000228,ACC00090,2027-06-29,5789.12,USD,subscription,APAC,REP003
RV0003184,BK000228,ACC00090,2027-07-29,5789.12,USD,subscription,APAC,REP003
RV0003185,BK000228,ACC00090,2027-08-29,5789.12,USD,subscription,APAC,REP003
RV0003186,BK000228,ACC00090,2027-09-29,5789.12,USD,subscription,APAC,REP003
RV0003187,BK000228,ACC00090,2027-10-29,5789.12,USD,subscription,APAC,REP003
RV0003188,BK000228,ACC00090,2027-11-29,5789.12,USD,subscription,APAC,REP003
RV0003189,BK000228,ACC00090,2027-12-29,5789.12,USD,subscription,APAC,REP003
RV0003190,BK000228,ACC00090,2028-01-29,5789.12,USD,subscription,APAC,REP003
RV0003191,BK000228,ACC00090,2028-02-29,5789.12,USD,subscription,APAC,REP003
RV0003192,BK000228,ACC00090,2028-03-29,5789.12,USD,subscription,APAC,REP003
RV0003193,BK000228,ACC00090,2028-04-29,5789.12,USD,subscription,APAC,REP003
RV0003194,BK000228,ACC00090,2028-05-29,5789.12,USD,subscription,APAC,REP003
RV0003195,BK000228,ACC00090,2028-06-29,5789.12,USD,subscription,APAC,REP003
RV0003196,BK000228,ACC00090,2028-07-29,5789.12,USD,subscription,APAC,REP003
RV0003197,BK000228,ACC00090,2028-08-29,5789.12,USD,subscription,APAC,REP003
RV0003198,BK000228,ACC00090,2028-09-29,5789.12,USD,subscription,APAC,REP003
RV0003199,BK000228,ACC00090,2028-10-29,5789.12,USD,subscription,APAC,REP003
RV0003200,BK000228,ACC00090,2028-11-29,5789.12,USD,subscription,APAC,REP003
RV0003201,BK000228,ACC00090,2028-12-29,5789.12,USD,subscription,APAC,REP003
RV0003202,BK000228,ACC00090,2029-01-29,5789.12,USD,subscription,APAC,REP003
RV0003203,BK000228,ACC00090,2029-02-28,5789.22,USD,subscription,APAC,REP003
RV0003204,BK000229,ACC00090,2026-07-05,2547.62,USD,subscription,APAC,REP003
RV0003205,BK000229,ACC00090,2026-08-05,2547.62,USD,subscription,APAC,REP003
RV0003206,BK000229,ACC00090,2026-09-05,2547.62,USD,subscription,APAC,REP003
RV0003207,BK000229,ACC00090,2026-10-05,2547.62,USD,subscription,APAC,REP003
RV0003208,BK000229,ACC00090,2026-11-05,2547.62,USD,subscription,APAC,REP003
RV0003209,BK000229,ACC00090,2026-12-05,2547.62,USD,subscription,APAC,REP003
RV0003210,BK000229,ACC00090,2027-01-05,2547.62,USD,subscription,APAC,REP003
RV0003211,BK000229,ACC00090,2027-02-05,2547.62,USD,subscription,APAC,REP003
RV0003212,BK000229,ACC00090,2027-03-05,2547.62,USD,subscription,APAC,REP003
RV0003213,BK000229,ACC00090,2027-04-05,2547.62,USD,subscription,APAC,REP003
RV0003214,BK000229,ACC00090,2027-05-05,2547.62,USD,subscription,APAC,REP003
RV0003215,BK000229,ACC00090,2027-06-05,2547.66,USD,subscription,APAC,REP003
RV0003216,BK000230,ACC00090,2026-05-05,4088.57,USD,subscription,APAC,REP003
RV0003217,BK000230,ACC00090,2026-06-05,4088.57,USD,subscription,APAC,REP003
RV0003218,BK000230,ACC00090,2026-07-05,4088.57,USD,subscription,APAC,REP003
RV0003219,BK000230,ACC00090,2026-08-05,4088.57,USD,subscription,APAC,REP003
RV0003220,BK000230,ACC00090,2026-09-05,4088.57,USD,subscription,APAC,REP003
RV0003221,BK000230,ACC00090,2026-10-05,4088.57,USD,subscription,APAC,REP003
RV0003222,BK000230,ACC00090,2026-11-05,4088.57,USD,subscription,APAC,REP003
RV0003223,BK000230,ACC00090,2026-12-05,4088.57,USD,subscription,APAC,REP003
RV0003224,BK000230,ACC00090,2027-01-05,4088.57,USD,subscription,APAC,REP003
RV0003225,BK000230,ACC00090,2027-02-05,4088.57,USD,subscription,APAC,REP003
RV0003226,BK000230,ACC00090,2027-03-05,4088.57,USD,subscription,APAC,REP003
RV0003227,BK000230,ACC00090,2027-04-05,4088.57,USD,subscription,APAC,REP003
RV0003228,BK000230,ACC00090,2027-05-05,4088.57,USD,subscription,APAC,REP003
RV0003229,BK000230,ACC00090,2027-06-05,4088.57,USD,subscription,APAC,REP003
RV0003230,BK000230,ACC00090,2027-07-05,4088.57,USD,subscription,APAC,REP003
RV0003231,BK000230,ACC00090,2027-08-05,4088.57,USD,subscription,APAC,REP003
RV0003232,BK000230,ACC00090,2027-09-05,4088.57,USD,subscription,APAC,REP003
RV0003233,BK000230,ACC00090,2027-10-05,4088.57,USD,subscription,APAC,REP003
RV0003234,BK000230,ACC00090,2027-11-05,4088.57,USD,subscription,APAC,REP003
RV0003235,BK000230,ACC00090,2027-12-05,4088.57,USD,subscription,APAC,REP003
RV0003236,BK000230,ACC00090,2028-01-05,4088.57,USD,subscription,APAC,REP003
RV0003237,BK000230,ACC00090,2028-02-05,4088.57,USD,subscription,APAC,REP003
RV0003238,BK000230,ACC00090,2028-03-05,4088.57,USD,subscription,APAC,REP003
RV0003239,BK000230,ACC00090,2028-04-05,4088.57,USD,subscription,APAC,REP003
RV0003240,BK000230,ACC00090,2028-05-05,4088.57,USD,subscription,APAC,REP003
RV0003241,BK000230,ACC00090,2028-06-05,4088.57,USD,subscription,APAC,REP003
RV0003242,BK000230,ACC00090,2028-07-05,4088.57,USD,subscription,APAC,REP003
RV0003243,BK000230,ACC00090,2028-08-05,4088.57,USD,subscription,APAC,REP003
RV0003244,BK000230,ACC00090,2028-09-05,4088.57,USD,subscription,APAC,REP003
RV0003245,BK000230,ACC00090,2028-10-05,4088.57,USD,subscription,APAC,REP003
RV0003246,BK000230,ACC00090,2028-11-05,4088.57,USD,subscription,APAC,REP003
RV0003247,BK000230,ACC00090,2028-12-05,4088.57,USD,subscription,APAC,REP003
RV0003248,BK000230,ACC00090,2029-01-05,4088.57,USD,subscription,APAC,REP003
RV0003249,BK000230,ACC00090,2029-02-05,4088.57,USD,subscription,APAC,REP003
RV0003250,BK000230,ACC00090,2029-03-05,4088.57,USD,subscription,APAC,REP003
RV0003251,BK000230,ACC00090,2029-04-05,4088.83,USD,subscription,APAC,REP003
RV0003252,BK000231,ACC00091,2026-07-22,8759.23,USD,subscription,EMEA,REP001
RV0003253,BK000231,ACC00091,2026-08-22,8759.23,USD,subscription,EMEA,REP001
RV0003254,BK000231,ACC00091,2026-09-22,8759.23,USD,subscription,EMEA,REP001
RV0003255,BK000231,ACC00091,2026-10-22,8759.23,USD,subscription,EMEA,REP001
RV0003256,BK000231,ACC00091,2026-11-22,8759.23,USD,subscription,EMEA,REP001
RV0003257,BK000231,ACC00091,2026-12-22,8759.23,USD,subscription,EMEA,REP001
RV0003258,BK000231,ACC00091,2027-01-22,8759.23,USD,subscription,EMEA,REP001
RV0003259,BK000231,ACC00091,2027-02-22,8759.23,USD,subscription,EMEA,REP001
RV0003260,BK000231,ACC00091,2027-03-22,8759.23,USD,subscription,EMEA,REP001
RV0003261,BK000231,ACC00091,2027-04-22,8759.23,USD,subscription,EMEA,REP001
RV0003262,BK000231,ACC00091,2027-05-22,8759.23,USD,subscription,EMEA,REP001
RV0003263,BK000231,ACC00091,2027-06-22,8759.33,USD,subscription,EMEA,REP001
RV0003264,BK000232,ACC00092,2026-03-28,2219.05,USD,subscription,APAC,REP012
RV0003265,BK000232,ACC00092,2026-04-28,2219.05,USD,subscription,APAC,REP012
RV0003266,BK000232,ACC00092,2026-05-28,2219.05,USD,subscription,APAC,REP012
RV0003267,BK000232,ACC00092,2026-06-28,2219.05,USD,subscription,APAC,REP012
RV0003268,BK000232,ACC00092,2026-07-28,2219.05,USD,subscription,APAC,REP012
RV0003269,BK000232,ACC00092,2026-08-28,2219.05,USD,subscription,APAC,REP012
RV0003270,BK000232,ACC00092,2026-09-28,2219.05,USD,subscription,APAC,REP012
RV0003271,BK000232,ACC00092,2026-10-28,2219.05,USD,subscription,APAC,REP012
RV0003272,BK000232,ACC00092,2026-11-28,2219.05,USD,subscription,APAC,REP012
RV0003273,BK000232,ACC00092,2026-12-28,2219.05,USD,subscription,APAC,REP012
RV0003274,BK000232,ACC00092,2027-01-28,2219.05,USD,subscription,APAC,REP012
RV0003275,BK000232,ACC00092,2027-02-28,2219.11,USD,subscription,APAC,REP012
RV0003276,BK000233,ACC00092,2026-09-29,172111.51,USD,perpetual,APAC,REP012
RV0003277,BK000234,ACC00092,2026-06-28,3300.26,USD,subscription,APAC,REP012
RV0003278,BK000234,ACC00092,2026-07-28,3300.26,USD,subscription,APAC,REP012
RV0003279,BK000234,ACC00092,2026-08-28,3300.26,USD,subscription,APAC,REP012
RV0003280,BK000234,ACC00092,2026-09-28,3300.26,USD,subscription,APAC,REP012
RV0003281,BK000234,ACC00092,2026-10-28,3300.26,USD,subscription,APAC,REP012
RV0003282,BK000234,ACC00092,2026-11-28,3300.26,USD,subscription,APAC,REP012
RV0003283,BK000234,ACC00092,2026-12-28,3300.26,USD,subscription,APAC,REP012
RV0003284,BK000234,ACC00092,2027-01-28,3300.26,USD,subscription,APAC,REP012
RV0003285,BK000234,ACC00092,2027-02-28,3300.26,USD,subscription,APAC,REP012
RV0003286,BK000234,ACC00092,2027-03-28,3300.26,USD,subscription,APAC,REP012
RV0003287,BK000234,ACC00092,2027-04-28,3300.26,USD,subscription,APAC,REP012
RV0003288,BK000234,ACC00092,2027-05-28,3300.26,USD,subscription,APAC,REP012
RV0003289,BK000234,ACC00092,2027-06-28,3300.26,USD,subscription,APAC,REP012
RV0003290,BK000234,ACC00092,2027-07-28,3300.26,USD,subscription,APAC,REP012
RV0003291,BK000234,ACC00092,2027-08-28,3300.26,USD,subscription,APAC,REP012
RV0003292,BK000234,ACC00092,2027-09-28,3300.26,USD,subscription,APAC,REP012
RV0003293,BK000234,ACC00092,2027-10-28,3300.26,USD,subscription,APAC,REP012
RV0003294,BK000234,ACC00092,2027-11-28,3300.26,USD,subscription,APAC,REP012
RV0003295,BK000234,ACC00092,2027-12-28,3300.26,USD,subscription,APAC,REP012
RV0003296,BK000234,ACC00092,2028-01-28,3300.26,USD,subscription,APAC,REP012
RV0003297,BK000234,ACC00092,2028-02-28,3300.26,USD,subscription,APAC,REP012
RV0003298,BK000234,ACC00092,2028-03-28,3300.26,USD,subscription,APAC,REP012
RV0003299,BK000234,ACC00092,2028-04-28,3300.26,USD,subscription,APAC,REP012
RV0003300,BK000234,ACC00092,2028-05-28,3300.26,USD,subscription,APAC,REP012
RV0003301,BK000234,ACC00092,2028-06-28,3300.26,USD,subscription,APAC,REP012
RV0003302,BK000234,ACC00092,2028-07-28,3300.26,USD,subscription,APAC,REP012
RV0003303,BK000234,ACC00092,2028-08-28,3300.26,USD,subscription,APAC,REP012
RV0003304,BK000234,ACC00092,2028-09-28,3300.26,USD,subscription,APAC,REP012
RV0003305,BK000234,ACC00092,2028-10-28,3300.26,USD,subscription,APAC,REP012
RV0003306,BK000234,ACC00092,2028-11-28,3300.26,USD,subscription,APAC,REP012
RV0003307,BK000234,ACC00092,2028-12-28,3300.26,USD,subscription,APAC,REP012
RV0003308,BK000234,ACC00092,2029-01-28,3300.26,USD,subscription,APAC,REP012
RV0003309,BK000234,ACC00092,2029-02-28,3300.26,USD,subscription,APAC,REP012
RV0003310,BK000234,ACC00092,2029-03-28,3300.26,USD,subscription,APAC,REP012
RV0003311,BK000234,ACC00092,2029-04-28,3300.26,USD,subscription,APAC,REP012
RV0003312,BK000234,ACC00092,2029-05-28,3300.42,USD,subscription,APAC,REP012
RV0003313,BK000235,ACC00093,2026-05-01,35495.47,USD,perpetual,EMEA,REP007
RV0003314,BK000236,ACC00093,2026-04-12,1644.90,USD,subscription,EMEA,REP007
RV0003315,BK000236,ACC00093,2026-05-12,1644.90,USD,subscription,EMEA,REP007
RV0003316,BK000236,ACC00093,2026-06-12,1644.90,USD,subscription,EMEA,REP007
RV0003317,BK000236,ACC00093,2026-07-12,1644.90,USD,subscription,EMEA,REP007
RV0003318,BK000236,ACC00093,2026-08-12,1644.90,USD,subscription,EMEA,REP007
RV0003319,BK000236,ACC00093,2026-09-12,1644.90,USD,subscription,EMEA,REP007
RV0003320,BK000236,ACC00093,2026-10-12,1644.90,USD,subscription,EMEA,REP007
RV0003321,BK000236,ACC00093,2026-11-12,1644.90,USD,subscription,EMEA,REP007
RV0003322,BK000236,ACC00093,2026-12-12,1644.90,USD,subscription,EMEA,REP007
RV0003323,BK000236,ACC00093,2027-01-12,1644.90,USD,subscription,EMEA,REP007
RV0003324,BK000236,ACC00093,2027-02-12,1644.90,USD,subscription,EMEA,REP007
RV0003325,BK000236,ACC00093,2027-03-12,1644.90,USD,subscription,EMEA,REP007
RV0003326,BK000236,ACC00093,2027-04-12,1644.90,USD,subscription,EMEA,REP007
RV0003327,BK000236,ACC00093,2027-05-12,1644.90,USD,subscription,EMEA,REP007
RV0003328,BK000236,ACC00093,2027-06-12,1644.90,USD,subscription,EMEA,REP007
RV0003329,BK000236,ACC00093,2027-07-12,1644.90,USD,subscription,EMEA,REP007
RV0003330,BK000236,ACC00093,2027-08-12,1644.90,USD,subscription,EMEA,REP007
RV0003331,BK000236,ACC00093,2027-09-12,1644.90,USD,subscription,EMEA,REP007
RV0003332,BK000236,ACC00093,2027-10-12,1644.90,USD,subscription,EMEA,REP007
RV0003333,BK000236,ACC00093,2027-11-12,1644.90,USD,subscription,EMEA,REP007
RV0003334,BK000236,ACC00093,2027-12-12,1644.90,USD,subscription,EMEA,REP007
RV0003335,BK000236,ACC00093,2028-01-12,1644.90,USD,subscription,EMEA,REP007
RV0003336,BK000236,ACC00093,2028-02-12,1644.90,USD,subscription,EMEA,REP007
RV0003337,BK000236,ACC00093,2028-03-12,1644.90,USD,subscription,EMEA,REP007
RV0003338,BK000236,ACC00093,2028-04-12,1644.90,USD,subscription,EMEA,REP007
RV0003339,BK000236,ACC00093,2028-05-12,1644.90,USD,subscription,EMEA,REP007
RV0003340,BK000236,ACC00093,2028-06-12,1644.90,USD,subscription,EMEA,REP007
RV0003341,BK000236,ACC00093,2028-07-12,1644.90,USD,subscription,EMEA,REP007
RV0003342,BK000236,ACC00093,2028-08-12,1644.90,USD,subscription,EMEA,REP007
RV0003343,BK000236,ACC00093,2028-09-12,1644.90,USD,subscription,EMEA,REP007
RV0003344,BK000236,ACC00093,2028-10-12,1644.90,USD,subscription,EMEA,REP007
RV0003345,BK000236,ACC00093,2028-11-12,1644.90,USD,subscription,EMEA,REP007
RV0003346,BK000236,ACC00093,2028-12-12,1644.90,USD,subscription,EMEA,REP007
RV0003347,BK000236,ACC00093,2029-01-12,1644.90,USD,subscription,EMEA,REP007
RV0003348,BK000236,ACC00093,2029-02-12,1644.90,USD,subscription,EMEA,REP007
RV0003349,BK000236,ACC00093,2029-03-12,1645.11,USD,subscription,EMEA,REP007
RV0003350,BK000237,ACC00094,2026-04-01,5880.68,USD,subscription,AMER,REP005
RV0003351,BK000237,ACC00094,2026-05-01,5880.68,USD,subscription,AMER,REP005
RV0003352,BK000237,ACC00094,2026-06-01,5880.68,USD,subscription,AMER,REP005
RV0003353,BK000237,ACC00094,2026-07-01,5880.68,USD,subscription,AMER,REP005
RV0003354,BK000237,ACC00094,2026-08-01,5880.68,USD,subscription,AMER,REP005
RV0003355,BK000237,ACC00094,2026-09-01,5880.68,USD,subscription,AMER,REP005
RV0003356,BK000237,ACC00094,2026-10-01,5880.68,USD,subscription,AMER,REP005
RV0003357,BK000237,ACC00094,2026-11-01,5880.68,USD,subscription,AMER,REP005
RV0003358,BK000237,ACC00094,2026-12-01,5880.68,USD,subscription,AMER,REP005
RV0003359,BK000237,ACC00094,2027-01-01,5880.68,USD,subscription,AMER,REP005
RV0003360,BK000237,ACC00094,2027-02-01,5880.68,USD,subscription,AMER,REP005
RV0003361,BK000237,ACC00094,2027-03-01,5880.68,USD,subscription,AMER,REP005
RV0003362,BK000237,ACC00094,2027-04-01,5880.68,USD,subscription,AMER,REP005
RV0003363,BK000237,ACC00094,2027-05-01,5880.68,USD,subscription,AMER,REP005
RV0003364,BK000237,ACC00094,2027-06-01,5880.68,USD,subscription,AMER,REP005
RV0003365,BK000237,ACC00094,2027-07-01,5880.68,USD,subscription,AMER,REP005
RV0003366,BK000237,ACC00094,2027-08-01,5880.68,USD,subscription,AMER,REP005
RV0003367,BK000237,ACC00094,2027-09-01,5880.68,USD,subscription,AMER,REP005
RV0003368,BK000237,ACC00094,2027-10-01,5880.68,USD,subscription,AMER,REP005
RV0003369,BK000237,ACC00094,2027-11-01,5880.68,USD,subscription,AMER,REP005
RV0003370,BK000237,ACC00094,2027-12-01,5880.68,USD,subscription,AMER,REP005
RV0003371,BK000237,ACC00094,2028-01-01,5880.68,USD,subscription,AMER,REP005
RV0003372,BK000237,ACC00094,2028-02-01,5880.68,USD,subscription,AMER,REP005
RV0003373,BK000237,ACC00094,2028-03-01,5880.68,USD,subscription,AMER,REP005
RV0003374,BK000237,ACC00094,2028-04-01,5880.68,USD,subscription,AMER,REP005
RV0003375,BK000237,ACC00094,2028-05-01,5880.68,USD,subscription,AMER,REP005
RV0003376,BK000237,ACC00094,2028-06-01,5880.68,USD,subscription,AMER,REP005
RV0003377,BK000237,ACC00094,2028-07-01,5880.68,USD,subscription,AMER,REP005
RV0003378,BK000237,ACC00094,2028-08-01,5880.68,USD,subscription,AMER,REP005
RV0003379,BK000237,ACC00094,2028-09-01,5880.68,USD,subscription,AMER,REP005
RV0003380,BK000237,ACC00094,2028-10-01,5880.68,USD,subscription,AMER,REP005
RV0003381,BK000237,ACC00094,2028-11-01,5880.68,USD,subscription,AMER,REP005
RV0003382,BK000237,ACC00094,2028-12-01,5880.68,USD,subscription,AMER,REP005
RV0003383,BK000237,ACC00094,2029-01-01,5880.68,USD,subscription,AMER,REP005
RV0003384,BK000237,ACC00094,2029-02-01,5880.68,USD,subscription,AMER,REP005
RV0003385,BK000237,ACC00094,2029-03-01,5880.84,USD,subscription,AMER,REP005
RV0003386,BK000238,ACC00095,2026-06-15,211459.23,USD,perpetual,EMEA,REP010
RV0003387,BK000239,ACC00095,2026-08-14,664.25,USD,subscription,EMEA,REP010
RV0003388,BK000239,ACC00095,2026-09-14,664.25,USD,subscription,EMEA,REP010
RV0003389,BK000239,ACC00095,2026-10-14,664.25,USD,subscription,EMEA,REP010
RV0003390,BK000239,ACC00095,2026-11-14,664.25,USD,subscription,EMEA,REP010
RV0003391,BK000239,ACC00095,2026-12-14,664.25,USD,subscription,EMEA,REP010
RV0003392,BK000239,ACC00095,2027-01-14,664.25,USD,subscription,EMEA,REP010
RV0003393,BK000239,ACC00095,2027-02-14,664.25,USD,subscription,EMEA,REP010
RV0003394,BK000239,ACC00095,2027-03-14,664.25,USD,subscription,EMEA,REP010
RV0003395,BK000239,ACC00095,2027-04-14,664.25,USD,subscription,EMEA,REP010
RV0003396,BK000239,ACC00095,2027-05-14,664.25,USD,subscription,EMEA,REP010
RV0003397,BK000239,ACC00095,2027-06-14,664.25,USD,subscription,EMEA,REP010
RV0003398,BK000239,ACC00095,2027-07-14,664.25,USD,subscription,EMEA,REP010
RV0003399,BK000239,ACC00095,2027-08-14,664.25,USD,subscription,EMEA,REP010
RV0003400,BK000239,ACC00095,2027-09-14,664.25,USD,subscription,EMEA,REP010
RV0003401,BK000239,ACC00095,2027-10-14,664.25,USD,subscription,EMEA,REP010
RV0003402,BK000239,ACC00095,2027-11-14,664.25,USD,subscription,EMEA,REP010
RV0003403,BK000239,ACC00095,2027-12-14,664.25,USD,subscription,EMEA,REP010
RV0003404,BK000239,ACC00095,2028-01-14,664.25,USD,subscription,EMEA,REP010
RV0003405,BK000239,ACC00095,2028-02-14,664.25,USD,subscription,EMEA,REP010
RV0003406,BK000239,ACC00095,2028-03-14,664.25,USD,subscription,EMEA,REP010
RV0003407,BK000239,ACC00095,2028-04-14,664.25,USD,subscription,EMEA,REP010
RV0003408,BK000239,ACC00095,2028-05-14,664.25,USD,subscription,EMEA,REP010
RV0003409,BK000239,ACC00095,2028-06-14,664.25,USD,subscription,EMEA,REP010
RV0003410,BK000239,ACC00095,2028-07-14,664.25,USD,subscription,EMEA,REP010
RV0003411,BK000239,ACC00095,2028-08-14,664.25,USD,subscription,EMEA,REP010
RV0003412,BK000239,ACC00095,2028-09-14,664.25,USD,subscription,EMEA,REP010
RV0003413,BK000239,ACC00095,2028-10-14,664.25,USD,subscription,EMEA,REP010
RV0003414,BK000239,ACC00095,2028-11-14,664.25,USD,subscription,EMEA,REP010
RV0003415,BK000239,ACC00095,2028-12-14,664.25,USD,subscription,EMEA,REP010
RV0003416,BK000239,ACC00095,2029-01-14,664.25,USD,subscription,EMEA,REP010
RV0003417,BK000239,ACC00095,2029-02-14,664.25,USD,subscription,EMEA,REP010
RV0003418,BK000239,ACC00095,2029-03-14,664.25,USD,subscription,EMEA,REP010
RV0003419,BK000239,ACC00095,2029-04-14,664.25,USD,subscription,EMEA,REP010
RV0003420,BK000239,ACC00095,2029-05-14,664.25,USD,subscription,EMEA,REP010
RV0003421,BK000239,ACC00095,2029-06-14,664.25,USD,subscription,EMEA,REP010
RV0003422,BK000239,ACC00095,2029-07-14,664.31,USD,subscription,EMEA,REP010
RV0003423,BK000240,ACC00095,2026-06-05,3881.88,USD,subscription,EMEA,REP010
RV0003424,BK000240,ACC00095,2026-07-05,3881.88,USD,subscription,EMEA,REP010
RV0003425,BK000240,ACC00095,2026-08-05,3881.88,USD,subscription,EMEA,REP010
RV0003426,BK000240,ACC00095,2026-09-05,3881.88,USD,subscription,EMEA,REP010
RV0003427,BK000240,ACC00095,2026-10-05,3881.88,USD,subscription,EMEA,REP010
RV0003428,BK000240,ACC00095,2026-11-05,3881.88,USD,subscription,EMEA,REP010
RV0003429,BK000240,ACC00095,2026-12-05,3881.88,USD,subscription,EMEA,REP010
RV0003430,BK000240,ACC00095,2027-01-05,3881.88,USD,subscription,EMEA,REP010
RV0003431,BK000240,ACC00095,2027-02-05,3881.88,USD,subscription,EMEA,REP010
RV0003432,BK000240,ACC00095,2027-03-05,3881.88,USD,subscription,EMEA,REP010
RV0003433,BK000240,ACC00095,2027-04-05,3881.88,USD,subscription,EMEA,REP010
RV0003434,BK000240,ACC00095,2027-05-05,3881.88,USD,subscription,EMEA,REP010
RV0003435,BK000240,ACC00095,2027-06-05,3881.88,USD,subscription,EMEA,REP010
RV0003436,BK000240,ACC00095,2027-07-05,3881.88,USD,subscription,EMEA,REP010
RV0003437,BK000240,ACC00095,2027-08-05,3881.88,USD,subscription,EMEA,REP010
RV0003438,BK000240,ACC00095,2027-09-05,3881.88,USD,subscription,EMEA,REP010
RV0003439,BK000240,ACC00095,2027-10-05,3881.88,USD,subscription,EMEA,REP010
RV0003440,BK000240,ACC00095,2027-11-05,3881.88,USD,subscription,EMEA,REP010
RV0003441,BK000240,ACC00095,2027-12-05,3881.88,USD,subscription,EMEA,REP010
RV0003442,BK000240,ACC00095,2028-01-05,3881.88,USD,subscription,EMEA,REP010
RV0003443,BK000240,ACC00095,2028-02-05,3881.88,USD,subscription,EMEA,REP010
RV0003444,BK000240,ACC00095,2028-03-05,3881.88,USD,subscription,EMEA,REP010
RV0003445,BK000240,ACC00095,2028-04-05,3881.88,USD,subscription,EMEA,REP010
RV0003446,BK000240,ACC00095,2028-05-05,3881.94,USD,subscription,EMEA,REP010
RV0003447,BK000241,ACC00095,2026-09-17,25894.25,USD,perpetual,EMEA,REP010
RV0003448,BK000242,ACC00096,2026-01-20,20089.13,USD,perpetual,APAC,REP006
RV0003449,BK000243,ACC00096,2026-05-27,2228.88,USD,subscription,APAC,REP006
RV0003450,BK000243,ACC00096,2026-06-27,2228.88,USD,subscription,APAC,REP006
RV0003451,BK000243,ACC00096,2026-07-27,2228.88,USD,subscription,APAC,REP006
RV0003452,BK000243,ACC00096,2026-08-27,2228.88,USD,subscription,APAC,REP006
RV0003453,BK000243,ACC00096,2026-09-27,2228.88,USD,subscription,APAC,REP006
RV0003454,BK000243,ACC00096,2026-10-27,2228.88,USD,subscription,APAC,REP006
RV0003455,BK000243,ACC00096,2026-11-27,2228.88,USD,subscription,APAC,REP006
RV0003456,BK000243,ACC00096,2026-12-27,2228.88,USD,subscription,APAC,REP006
RV0003457,BK000243,ACC00096,2027-01-27,2228.88,USD,subscription,APAC,REP006
RV0003458,BK000243,ACC00096,2027-02-27,2228.88,USD,subscription,APAC,REP006
RV0003459,BK000243,ACC00096,2027-03-27,2228.88,USD,subscription,APAC,REP006
RV0003460,BK000243,ACC00096,2027-04-27,2228.97,USD,subscription,APAC,REP006
RV0003461,BK000244,ACC00096,2026-09-17,3611.41,USD,subscription,APAC,REP006
RV0003462,BK000244,ACC00096,2026-10-17,3611.41,USD,subscription,APAC,REP006
RV0003463,BK000244,ACC00096,2026-11-17,3611.41,USD,subscription,APAC,REP006
RV0003464,BK000244,ACC00096,2026-12-17,3611.41,USD,subscription,APAC,REP006
RV0003465,BK000244,ACC00096,2027-01-17,3611.41,USD,subscription,APAC,REP006
RV0003466,BK000244,ACC00096,2027-02-17,3611.41,USD,subscription,APAC,REP006
RV0003467,BK000244,ACC00096,2027-03-17,3611.41,USD,subscription,APAC,REP006
RV0003468,BK000244,ACC00096,2027-04-17,3611.41,USD,subscription,APAC,REP006
RV0003469,BK000244,ACC00096,2027-05-17,3611.41,USD,subscription,APAC,REP006
RV0003470,BK000244,ACC00096,2027-06-17,3611.41,USD,subscription,APAC,REP006
RV0003471,BK000244,ACC00096,2027-07-17,3611.41,USD,subscription,APAC,REP006
RV0003472,BK000244,ACC00096,2027-08-17,3611.41,USD,subscription,APAC,REP006
RV0003473,BK000244,ACC00096,2027-09-17,3611.41,USD,subscription,APAC,REP006
RV0003474,BK000244,ACC00096,2027-10-17,3611.41,USD,subscription,APAC,REP006
RV0003475,BK000244,ACC00096,2027-11-17,3611.41,USD,subscription,APAC,REP006
RV0003476,BK000244,ACC00096,2027-12-17,3611.41,USD,subscription,APAC,REP006
RV0003477,BK000244,ACC00096,2028-01-17,3611.41,USD,subscription,APAC,REP006
RV0003478,BK000244,ACC00096,2028-02-17,3611.41,USD,subscription,APAC,REP006
RV0003479,BK000244,ACC00096,2028-03-17,3611.41,USD,subscription,APAC,REP006
RV0003480,BK000244,ACC00096,2028-04-17,3611.41,USD,subscription,APAC,REP006
RV0003481,BK000244,ACC00096,2028-05-17,3611.41,USD,subscription,APAC,REP006
RV0003482,BK000244,ACC00096,2028-06-17,3611.41,USD,subscription,APAC,REP006
RV0003483,BK000244,ACC00096,2028-07-17,3611.41,USD,subscription,APAC,REP006
RV0003484,BK000244,ACC00096,2028-08-17,3611.41,USD,subscription,APAC,REP006
RV0003485,BK000244,ACC00096,2028-09-17,3611.41,USD,subscription,APAC,REP006
RV0003486,BK000244,ACC00096,2028-10-17,3611.41,USD,subscription,APAC,REP006
RV0003487,BK000244,ACC00096,2028-11-17,3611.41,USD,subscription,APAC,REP006
RV0003488,BK000244,ACC00096,2028-12-17,3611.41,USD,subscription,APAC,REP006
RV0003489,BK000244,ACC00096,2029-01-17,3611.41,USD,subscription,APAC,REP006
RV0003490,BK000244,ACC00096,2029-02-17,3611.41,USD,subscription,APAC,REP006
RV0003491,BK000244,ACC00096,2029-03-17,3611.41,USD,subscription,APAC,REP006
RV0003492,BK000244,ACC00096,2029-04-17,3611.41,USD,subscription,APAC,REP006
RV0003493,BK000244,ACC00096,2029-05-17,3611.41,USD,subscription,APAC,REP006
RV0003494,BK000244,ACC00096,2029-06-17,3611.41,USD,subscription,APAC,REP006
RV0003495,BK000244,ACC00096,2029-07-17,3611.41,USD,subscription,APAC,REP006
RV0003496,BK000244,ACC00096,2029-08-17,3611.56,USD,subscription,APAC,REP006
RV0003497,BK000245,ACC00096,2026-01-22,4219.59,USD,subscription,APAC,REP006
RV0003498,BK000245,ACC00096,2026-02-22,4219.59,USD,subscription,APAC,REP006
RV0003499,BK000245,ACC00096,2026-03-22,4219.59,USD,subscription,APAC,REP006
RV0003500,BK000245,ACC00096,2026-04-22,4219.59,USD,subscription,APAC,REP006
RV0003501,BK000245,ACC00096,2026-05-22,4219.59,USD,subscription,APAC,REP006
RV0003502,BK000245,ACC00096,2026-06-22,4219.59,USD,subscription,APAC,REP006
RV0003503,BK000245,ACC00096,2026-07-22,4219.59,USD,subscription,APAC,REP006
RV0003504,BK000245,ACC00096,2026-08-22,4219.59,USD,subscription,APAC,REP006
RV0003505,BK000245,ACC00096,2026-09-22,4219.59,USD,subscription,APAC,REP006
RV0003506,BK000245,ACC00096,2026-10-22,4219.59,USD,subscription,APAC,REP006
RV0003507,BK000245,ACC00096,2026-11-22,4219.59,USD,subscription,APAC,REP006
RV0003508,BK000245,ACC00096,2026-12-22,4219.59,USD,subscription,APAC,REP006
RV0003509,BK000245,ACC00096,2027-01-22,4219.59,USD,subscription,APAC,REP006
RV0003510,BK000245,ACC00096,2027-02-22,4219.59,USD,subscription,APAC,REP006
RV0003511,BK000245,ACC00096,2027-03-22,4219.59,USD,subscription,APAC,REP006
RV0003512,BK000245,ACC00096,2027-04-22,4219.59,USD,subscription,APAC,REP006
RV0003513,BK000245,ACC00096,2027-05-22,4219.59,USD,subscription,APAC,REP006
RV0003514,BK000245,ACC00096,2027-06-22,4219.59,USD,subscription,APAC,REP006
RV0003515,BK000245,ACC00096,2027-07-22,4219.59,USD,subscription,APAC,REP006
RV0003516,BK000245,ACC00096,2027-08-22,4219.59,USD,subscription,APAC,REP006
RV0003517,BK000245,ACC00096,2027-09-22,4219.59,USD,subscription,APAC,REP006
RV0003518,BK000245,ACC00096,2027-10-22,4219.59,USD,subscription,APAC,REP006
RV0003519,BK000245,ACC00096,2027-11-22,4219.59,USD,subscription,APAC,REP006
RV0003520,BK000245,ACC00096,2027-12-22,4219.59,USD,subscription,APAC,REP006
RV0003521,BK000245,ACC00096,2028-01-22,4219.59,USD,subscription,APAC,REP006
RV0003522,BK000245,ACC00096,2028-02-22,4219.59,USD,subscription,APAC,REP006
RV0003523,BK000245,ACC00096,2028-03-22,4219.59,USD,subscription,APAC,REP006
RV0003524,BK000245,ACC00096,2028-04-22,4219.59,USD,subscription,APAC,REP006
RV0003525,BK000245,ACC00096,2028-05-22,4219.59,USD,subscription,APAC,REP006
RV0003526,BK000245,ACC00096,2028-06-22,4219.59,USD,subscription,APAC,REP006
RV0003527,BK000245,ACC00096,2028-07-22,4219.59,USD,subscription,APAC,REP006
RV0003528,BK000245,ACC00096,2028-08-22,4219.59,USD,subscription,APAC,REP006
RV0003529,BK000245,ACC00096,2028-09-22,4219.59,USD,subscription,APAC,REP006
RV0003530,BK000245,ACC00096,2028-10-22,4219.59,USD,subscription,APAC,REP006
RV0003531,BK000245,ACC00096,2028-11-22,4219.59,USD,subscription,APAC,REP006
RV0003532,BK000245,ACC00096,2028-12-22,4219.93,USD,subscription,APAC,REP006
RV0003533,BK000246,ACC00097,2026-06-14,17000.52,USD,subscription,EMEA,REP001
RV0003534,BK000246,ACC00097,2026-07-14,17000.52,USD,subscription,EMEA,REP001
RV0003535,BK000246,ACC00097,2026-08-14,17000.52,USD,subscription,EMEA,REP001
RV0003536,BK000246,ACC00097,2026-09-14,17000.52,USD,subscription,EMEA,REP001
RV0003537,BK000246,ACC00097,2026-10-14,17000.52,USD,subscription,EMEA,REP001
RV0003538,BK000246,ACC00097,2026-11-14,17000.52,USD,subscription,EMEA,REP001
RV0003539,BK000246,ACC00097,2026-12-14,17000.52,USD,subscription,EMEA,REP001
RV0003540,BK000246,ACC00097,2027-01-14,17000.52,USD,subscription,EMEA,REP001
RV0003541,BK000246,ACC00097,2027-02-14,17000.52,USD,subscription,EMEA,REP001
RV0003542,BK000246,ACC00097,2027-03-14,17000.52,USD,subscription,EMEA,REP001
RV0003543,BK000246,ACC00097,2027-04-14,17000.52,USD,subscription,EMEA,REP001
RV0003544,BK000246,ACC00097,2027-05-14,17000.55,USD,subscription,EMEA,REP001
RV0003545,BK000247,ACC00097,2026-02-01,152170.47,USD,perpetual,EMEA,REP001
RV0003546,BK000248,ACC00098,2026-02-13,14191.54,USD,subscription,APAC,REP012
RV0003547,BK000248,ACC00098,2026-03-13,14191.54,USD,subscription,APAC,REP012
RV0003548,BK000248,ACC00098,2026-04-13,14191.54,USD,subscription,APAC,REP012
RV0003549,BK000248,ACC00098,2026-05-13,14191.54,USD,subscription,APAC,REP012
RV0003550,BK000248,ACC00098,2026-06-13,14191.54,USD,subscription,APAC,REP012
RV0003551,BK000248,ACC00098,2026-07-13,14191.54,USD,subscription,APAC,REP012
RV0003552,BK000248,ACC00098,2026-08-13,14191.54,USD,subscription,APAC,REP012
RV0003553,BK000248,ACC00098,2026-09-13,14191.54,USD,subscription,APAC,REP012
RV0003554,BK000248,ACC00098,2026-10-13,14191.54,USD,subscription,APAC,REP012
RV0003555,BK000248,ACC00098,2026-11-13,14191.54,USD,subscription,APAC,REP012
RV0003556,BK000248,ACC00098,2026-12-13,14191.54,USD,subscription,APAC,REP012
RV0003557,BK000248,ACC00098,2027-01-13,14191.61,USD,subscription,APAC,REP012
RV0003558,BK000249,ACC00098,2026-05-07,9934.93,USD,subscription,APAC,REP012
RV0003559,BK000249,ACC00098,2026-06-07,9934.93,USD,subscription,APAC,REP012
RV0003560,BK000249,ACC00098,2026-07-07,9934.93,USD,subscription,APAC,REP012
RV0003561,BK000249,ACC00098,2026-08-07,9934.93,USD,subscription,APAC,REP012
RV0003562,BK000249,ACC00098,2026-09-07,9934.93,USD,subscription,APAC,REP012
RV0003563,BK000249,ACC00098,2026-10-07,9934.93,USD,subscription,APAC,REP012
RV0003564,BK000249,ACC00098,2026-11-07,9934.93,USD,subscription,APAC,REP012
RV0003565,BK000249,ACC00098,2026-12-07,9934.93,USD,subscription,APAC,REP012
RV0003566,BK000249,ACC00098,2027-01-07,9934.93,USD,subscription,APAC,REP012
RV0003567,BK000249,ACC00098,2027-02-07,9934.93,USD,subscription,APAC,REP012
RV0003568,BK000249,ACC00098,2027-03-07,9934.93,USD,subscription,APAC,REP012
RV0003569,BK000249,ACC00098,2027-04-07,9934.93,USD,subscription,APAC,REP012
RV0003570,BK000249,ACC00098,2027-05-07,9934.93,USD,subscription,APAC,REP012
RV0003571,BK000249,ACC00098,2027-06-07,9934.93,USD,subscription,APAC,REP012
RV0003572,BK000249,ACC00098,2027-07-07,9934.93,USD,subscription,APAC,REP012
RV0003573,BK000249,ACC00098,2027-08-07,9934.93,USD,subscription,APAC,REP012
RV0003574,BK000249,ACC00098,2027-09-07,9934.93,USD,subscription,APAC,REP012
RV0003575,BK000249,ACC00098,2027-10-07,9934.93,USD,subscription,APAC,REP012
RV0003576,BK000249,ACC00098,2027-11-07,9934.93,USD,subscription,APAC,REP012
RV0003577,BK000249,ACC00098,2027-12-07,9934.93,USD,subscription,APAC,REP012
RV0003578,BK000249,ACC00098,2028-01-07,9934.93,USD,subscription,APAC,REP012
RV0003579,BK000249,ACC00098,2028-02-07,9934.93,USD,subscription,APAC,REP012
RV0003580,BK000249,ACC00098,2028-03-07,9934.93,USD,subscription,APAC,REP012
RV0003581,BK000249,ACC00098,2028-04-07,9935.05,USD,subscription,APAC,REP012
RV0003582,BK000250,ACC00098,2026-09-26,7350.21,USD,subscription,APAC,REP012
RV0003583,BK000250,ACC00098,2026-10-26,7350.21,USD,subscription,APAC,REP012
RV0003584,BK000250,ACC00098,2026-11-26,7350.21,USD,subscription,APAC,REP012
RV0003585,BK000250,ACC00098,2026-12-26,7350.21,USD,subscription,APAC,REP012
RV0003586,BK000250,ACC00098,2027-01-26,7350.21,USD,subscription,APAC,REP012
RV0003587,BK000250,ACC00098,2027-02-26,7350.21,USD,subscription,APAC,REP012
RV0003588,BK000250,ACC00098,2027-03-26,7350.21,USD,subscription,APAC,REP012
RV0003589,BK000250,ACC00098,2027-04-26,7350.21,USD,subscription,APAC,REP012
RV0003590,BK000250,ACC00098,2027-05-26,7350.21,USD,subscription,APAC,REP012
RV0003591,BK000250,ACC00098,2027-06-26,7350.21,USD,subscription,APAC,REP012
RV0003592,BK000250,ACC00098,2027-07-26,7350.21,USD,subscription,APAC,REP012
RV0003593,BK000250,ACC00098,2027-08-26,7350.21,USD,subscription,APAC,REP012
RV0003594,BK000250,ACC00098,2027-09-26,7350.21,USD,subscription,APAC,REP012
RV0003595,BK000250,ACC00098,2027-10-26,7350.21,USD,subscription,APAC,REP012
RV0003596,BK000250,ACC00098,2027-11-26,7350.21,USD,subscription,APAC,REP012
RV0003597,BK000250,ACC00098,2027-12-26,7350.21,USD,subscription,APAC,REP012
RV0003598,BK000250,ACC00098,2028-01-26,7350.21,USD,subscription,APAC,REP012
RV0003599,BK000250,ACC00098,2028-02-26,7350.21,USD,subscription,APAC,REP012
RV0003600,BK000250,ACC00098,2028-03-26,7350.21,USD,subscription,APAC,REP012
RV0003601,BK000250,ACC00098,2028-04-26,7350.21,USD,subscription,APAC,REP012
RV0003602,BK000250,ACC00098,2028-05-26,7350.21,USD,subscription,APAC,REP012
RV0003603,BK000250,ACC00098,2028-06-26,7350.21,USD,subscription,APAC,REP012
RV0003604,BK000250,ACC00098,2028-07-26,7350.21,USD,subscription,APAC,REP012
RV0003605,BK000250,ACC00098,2028-08-26,7350.30,USD,subscription,APAC,REP012
RV0003606,BK000251,ACC00099,2026-05-25,5458.14,USD,subscription,APAC,REP009
RV0003607,BK000251,ACC00099,2026-06-25,5458.14,USD,subscription,APAC,REP009
RV0003608,BK000251,ACC00099,2026-07-25,5458.14,USD,subscription,APAC,REP009
RV0003609,BK000251,ACC00099,2026-08-25,5458.14,USD,subscription,APAC,REP009
RV0003610,BK000251,ACC00099,2026-09-25,5458.14,USD,subscription,APAC,REP009
RV0003611,BK000251,ACC00099,2026-10-25,5458.14,USD,subscription,APAC,REP009
RV0003612,BK000251,ACC00099,2026-11-25,5458.14,USD,subscription,APAC,REP009
RV0003613,BK000251,ACC00099,2026-12-25,5458.14,USD,subscription,APAC,REP009
RV0003614,BK000251,ACC00099,2027-01-25,5458.14,USD,subscription,APAC,REP009
RV0003615,BK000251,ACC00099,2027-02-25,5458.14,USD,subscription,APAC,REP009
RV0003616,BK000251,ACC00099,2027-03-25,5458.14,USD,subscription,APAC,REP009
RV0003617,BK000251,ACC00099,2027-04-25,5458.14,USD,subscription,APAC,REP009
RV0003618,BK000251,ACC00099,2027-05-25,5458.14,USD,subscription,APAC,REP009
RV0003619,BK000251,ACC00099,2027-06-25,5458.14,USD,subscription,APAC,REP009
RV0003620,BK000251,ACC00099,2027-07-25,5458.14,USD,subscription,APAC,REP009
RV0003621,BK000251,ACC00099,2027-08-25,5458.14,USD,subscription,APAC,REP009
RV0003622,BK000251,ACC00099,2027-09-25,5458.14,USD,subscription,APAC,REP009
RV0003623,BK000251,ACC00099,2027-10-25,5458.14,USD,subscription,APAC,REP009
RV0003624,BK000251,ACC00099,2027-11-25,5458.14,USD,subscription,APAC,REP009
RV0003625,BK000251,ACC00099,2027-12-25,5458.14,USD,subscription,APAC,REP009
RV0003626,BK000251,ACC00099,2028-01-25,5458.14,USD,subscription,APAC,REP009
RV0003627,BK000251,ACC00099,2028-02-25,5458.14,USD,subscription,APAC,REP009
RV0003628,BK000251,ACC00099,2028-03-25,5458.14,USD,subscription,APAC,REP009
RV0003629,BK000251,ACC00099,2028-04-25,5458.20,USD,subscription,APAC,REP009
RV0003630,BK000252,ACC00099,2026-01-27,17724.20,USD,subscription,APAC,REP009
RV0003631,BK000252,ACC00099,2026-02-27,17724.20,USD,subscription,APAC,REP009
RV0003632,BK000252,ACC00099,2026-03-27,17724.20,USD,subscription,APAC,REP009
RV0003633,BK000252,ACC00099,2026-04-27,17724.20,USD,subscription,APAC,REP009
RV0003634,BK000252,ACC00099,2026-05-27,17724.20,USD,subscription,APAC,REP009
RV0003635,BK000252,ACC00099,2026-06-27,17724.20,USD,subscription,APAC,REP009
RV0003636,BK000252,ACC00099,2026-07-27,17724.20,USD,subscription,APAC,REP009
RV0003637,BK000252,ACC00099,2026-08-27,17724.20,USD,subscription,APAC,REP009
RV0003638,BK000252,ACC00099,2026-09-27,17724.20,USD,subscription,APAC,REP009
RV0003639,BK000252,ACC00099,2026-10-27,17724.20,USD,subscription,APAC,REP009
RV0003640,BK000252,ACC00099,2026-11-27,17724.20,USD,subscription,APAC,REP009
RV0003641,BK000252,ACC00099,2026-12-27,17724.20,USD,subscription,APAC,REP009
RV0003642,BK000253,ACC00099,2026-06-18,1362.95,USD,subscription,APAC,REP009
RV0003643,BK000253,ACC00099,2026-07-18,1362.95,USD,subscription,APAC,REP009
RV0003644,BK000253,ACC00099,2026-08-18,1362.95,USD,subscription,APAC,REP009
RV0003645,BK000253,ACC00099,2026-09-18,1362.95,USD,subscription,APAC,REP009
RV0003646,BK000253,ACC00099,2026-10-18,1362.95,USD,subscription,APAC,REP009
RV0003647,BK000253,ACC00099,2026-11-18,1362.95,USD,subscription,APAC,REP009
RV0003648,BK000253,ACC00099,2026-12-18,1362.95,USD,subscription,APAC,REP009
RV0003649,BK000253,ACC00099,2027-01-18,1362.95,USD,subscription,APAC,REP009
RV0003650,BK000253,ACC00099,2027-02-18,1362.95,USD,subscription,APAC,REP009
RV0003651,BK000253,ACC00099,2027-03-18,1362.95,USD,subscription,APAC,REP009
RV0003652,BK000253,ACC00099,2027-04-18,1362.95,USD,subscription,APAC,REP009
RV0003653,BK000253,ACC00099,2027-05-18,1362.95,USD,subscription,APAC,REP009
RV0003654,BK000253,ACC00099,2027-06-18,1362.95,USD,subscription,APAC,REP009
RV0003655,BK000253,ACC00099,2027-07-18,1362.95,USD,subscription,APAC,REP009
RV0003656,BK000253,ACC00099,2027-08-18,1362.95,USD,subscription,APAC,REP009
RV0003657,BK000253,ACC00099,2027-09-18,1362.95,USD,subscription,APAC,REP009
RV0003658,BK000253,ACC00099,2027-10-18,1362.95,USD,subscription,APAC,REP009
RV0003659,BK000253,ACC00099,2027-11-18,1362.95,USD,subscription,APAC,REP009
RV0003660,BK000253,ACC00099,2027-12-18,1362.95,USD,subscription,APAC,REP009
RV0003661,BK000253,ACC00099,2028-01-18,1362.95,USD,subscription,APAC,REP009
RV0003662,BK000253,ACC00099,2028-02-18,1362.95,USD,subscription,APAC,REP009
RV0003663,BK000253,ACC00099,2028-03-18,1362.95,USD,subscription,APAC,REP009
RV0003664,BK000253,ACC00099,2028-04-18,1362.95,USD,subscription,APAC,REP009
RV0003665,BK000253,ACC00099,2028-05-18,1363.08,USD,subscription,APAC,REP009
RV0003666,BK000254,ACC00100,2026-05-10,6773.46,USD,subscription,APAC,REP012
RV0003667,BK000254,ACC00100,2026-06-10,6773.46,USD,subscription,APAC,REP012
RV0003668,BK000254,ACC00100,2026-07-10,6773.46,USD,subscription,APAC,REP012
RV0003669,BK000254,ACC00100,2026-08-10,6773.46,USD,subscription,APAC,REP012
RV0003670,BK000254,ACC00100,2026-09-10,6773.46,USD,subscription,APAC,REP012
RV0003671,BK000254,ACC00100,2026-10-10,6773.46,USD,subscription,APAC,REP012
RV0003672,BK000254,ACC00100,2026-11-10,6773.46,USD,subscription,APAC,REP012
RV0003673,BK000254,ACC00100,2026-12-10,6773.46,USD,subscription,APAC,REP012
RV0003674,BK000254,ACC00100,2027-01-10,6773.46,USD,subscription,APAC,REP012
RV0003675,BK000254,ACC00100,2027-02-10,6773.46,USD,subscription,APAC,REP012
RV0003676,BK000254,ACC00100,2027-03-10,6773.46,USD,subscription,APAC,REP012
RV0003677,BK000254,ACC00100,2027-04-10,6773.46,USD,subscription,APAC,REP012
RV0003678,BK000254,ACC00100,2027-05-10,6773.46,USD,subscription,APAC,REP012
RV0003679,BK000254,ACC00100,2027-06-10,6773.46,USD,subscription,APAC,REP012
RV0003680,BK000254,ACC00100,2027-07-10,6773.46,USD,subscription,APAC,REP012
RV0003681,BK000254,ACC00100,2027-08-10,6773.46,USD,subscription,APAC,REP012
RV0003682,BK000254,ACC00100,2027-09-10,6773.46,USD,subscription,APAC,REP012
RV0003683,BK000254,ACC00100,2027-10-10,6773.46,USD,subscription,APAC,REP012
RV0003684,BK000254,ACC00100,2027-11-10,6773.46,USD,subscription,APAC,REP012
RV0003685,BK000254,ACC00100,2027-12-10,6773.46,USD,subscription,APAC,REP012
RV0003686,BK000254,ACC00100,2028-01-10,6773.46,USD,subscription,APAC,REP012
RV0003687,BK000254,ACC00100,2028-02-10,6773.46,USD,subscription,APAC,REP012
RV0003688,BK000254,ACC00100,2028-03-10,6773.46,USD,subscription,APAC,REP012
RV0003689,BK000254,ACC00100,2028-04-10,6773.46,USD,subscription,APAC,REP012
RV0003690,BK000254,ACC00100,2028-05-10,6773.46,USD,subscription,APAC,REP012
RV0003691,BK000254,ACC00100,2028-06-10,6773.46,USD,subscription,APAC,REP012
RV0003692,BK000254,ACC00100,2028-07-10,6773.46,USD,subscription,APAC,REP012
RV0003693,BK000254,ACC00100,2028-08-10,6773.46,USD,subscription,APAC,REP012
RV0003694,BK000254,ACC00100,2028-09-10,6773.46,USD,subscription,APAC,REP012
RV0003695,BK000254,ACC00100,2028-10-10,6773.46,USD,subscription,APAC,REP012
RV0003696,BK000254,ACC00100,2028-11-10,6773.46,USD,subscription,APAC,REP012
RV0003697,BK000254,ACC00100,2028-12-10,6773.46,USD,subscription,APAC,REP012
RV0003698,BK000254,ACC00100,2029-01-10,6773.46,USD,subscription,APAC,REP012
RV0003699,BK000254,ACC00100,2029-02-10,6773.46,USD,subscription,APAC,REP012
RV0003700,BK000254,ACC00100,2029-03-10,6773.46,USD,subscription,APAC,REP012
RV0003701,BK000254,ACC00100,2029-04-10,6773.61,USD,subscription,APAC,REP012
RV0003702,BK000255,ACC00100,2026-03-18,112857.73,USD,perpetual,APAC,REP012
RV0003703,BK000256,ACC00100,2026-03-14,118380.37,USD,perpetual,APAC,REP012
RV0003704,BK000257,ACC00101,2026-03-08,16721.89,USD,subscription,AMER,REP005
RV0003705,BK000257,ACC00101,2026-04-08,16721.89,USD,subscription,AMER,REP005
RV0003706,BK000257,ACC00101,2026-05-08,16721.89,USD,subscription,AMER,REP005
RV0003707,BK000257,ACC00101,2026-06-08,16721.89,USD,subscription,AMER,REP005
RV0003708,BK000257,ACC00101,2026-07-08,16721.89,USD,subscription,AMER,REP005
RV0003709,BK000257,ACC00101,2026-08-08,16721.89,USD,subscription,AMER,REP005
RV0003710,BK000257,ACC00101,2026-09-08,16721.89,USD,subscription,AMER,REP005
RV0003711,BK000257,ACC00101,2026-10-08,16721.89,USD,subscription,AMER,REP005
RV0003712,BK000257,ACC00101,2026-11-08,16721.89,USD,subscription,AMER,REP005
RV0003713,BK000257,ACC00101,2026-12-08,16721.89,USD,subscription,AMER,REP005
RV0003714,BK000257,ACC00101,2027-01-08,16721.89,USD,subscription,AMER,REP005
RV0003715,BK000257,ACC00101,2027-02-08,16721.91,USD,subscription,AMER,REP005
RV0003716,BK000258,ACC00101,2026-06-08,188543.12,USD,perpetual,AMER,REP005
RV0003717,BK000260,ACC00101,2026-09-27,1348.23,USD,subscription,AMER,REP005
RV0003718,BK000260,ACC00101,2026-10-27,1348.23,USD,subscription,AMER,REP005
RV0003719,BK000260,ACC00101,2026-11-27,1348.23,USD,subscription,AMER,REP005
RV0003720,BK000260,ACC00101,2026-12-27,1348.23,USD,subscription,AMER,REP005
RV0003721,BK000260,ACC00101,2027-01-27,1348.23,USD,subscription,AMER,REP005
RV0003722,BK000260,ACC00101,2027-02-27,1348.23,USD,subscription,AMER,REP005
RV0003723,BK000260,ACC00101,2027-03-27,1348.23,USD,subscription,AMER,REP005
RV0003724,BK000260,ACC00101,2027-04-27,1348.23,USD,subscription,AMER,REP005
RV0003725,BK000260,ACC00101,2027-05-27,1348.23,USD,subscription,AMER,REP005
RV0003726,BK000260,ACC00101,2027-06-27,1348.23,USD,subscription,AMER,REP005
RV0003727,BK000260,ACC00101,2027-07-27,1348.23,USD,subscription,AMER,REP005
RV0003728,BK000260,ACC00101,2027-08-27,1348.23,USD,subscription,AMER,REP005
RV0003729,BK000260,ACC00101,2027-09-27,1348.23,USD,subscription,AMER,REP005
RV0003730,BK000260,ACC00101,2027-10-27,1348.23,USD,subscription,AMER,REP005
RV0003731,BK000260,ACC00101,2027-11-27,1348.23,USD,subscription,AMER,REP005
RV0003732,BK000260,ACC00101,2027-12-27,1348.23,USD,subscription,AMER,REP005
RV0003733,BK000260,ACC00101,2028-01-27,1348.23,USD,subscription,AMER,REP005
RV0003734,BK000260,ACC00101,2028-02-27,1348.23,USD,subscription,AMER,REP005
RV0003735,BK000260,ACC00101,2028-03-27,1348.23,USD,subscription,AMER,REP005
RV0003736,BK000260,ACC00101,2028-04-27,1348.23,USD,subscription,AMER,REP005
RV0003737,BK000260,ACC00101,2028-05-27,1348.23,USD,subscription,AMER,REP005
RV0003738,BK000260,ACC00101,2028-06-27,1348.23,USD,subscription,AMER,REP005
RV0003739,BK000260,ACC00101,2028-07-27,1348.23,USD,subscription,AMER,REP005
RV0003740,BK000260,ACC00101,2028-08-27,1348.32,USD,subscription,AMER,REP005
RV0003741,BK000261,ACC00102,2026-01-10,122667.58,USD,perpetual,AMER,REP005
RV0003742,BK000262,ACC00102,2026-04-20,4819.43,USD,subscription,AMER,REP005
RV0003743,BK000262,ACC00102,2026-05-20,4819.43,USD,subscription,AMER,REP005
RV0003744,BK000262,ACC00102,2026-06-20,4819.43,USD,subscription,AMER,REP005
RV0003745,BK000262,ACC00102,2026-07-20,4819.43,USD,subscription,AMER,REP005
RV0003746,BK000262,ACC00102,2026-08-20,4819.43,USD,subscription,AMER,REP005
RV0003747,BK000262,ACC00102,2026-09-20,4819.43,USD,subscription,AMER,REP005
RV0003748,BK000262,ACC00102,2026-10-20,4819.43,USD,subscription,AMER,REP005
RV0003749,BK000262,ACC00102,2026-11-20,4819.43,USD,subscription,AMER,REP005
RV0003750,BK000262,ACC00102,2026-12-20,4819.43,USD,subscription,AMER,REP005
RV0003751,BK000262,ACC00102,2027-01-20,4819.43,USD,subscription,AMER,REP005
RV0003752,BK000262,ACC00102,2027-02-20,4819.43,USD,subscription,AMER,REP005
RV0003753,BK000262,ACC00102,2027-03-20,4819.43,USD,subscription,AMER,REP005
RV0003754,BK000262,ACC00102,2027-04-20,4819.43,USD,subscription,AMER,REP005
RV0003755,BK000262,ACC00102,2027-05-20,4819.43,USD,subscription,AMER,REP005
RV0003756,BK000262,ACC00102,2027-06-20,4819.43,USD,subscription,AMER,REP005
RV0003757,BK000262,ACC00102,2027-07-20,4819.43,USD,subscription,AMER,REP005
RV0003758,BK000262,ACC00102,2027-08-20,4819.43,USD,subscription,AMER,REP005
RV0003759,BK000262,ACC00102,2027-09-20,4819.43,USD,subscription,AMER,REP005
RV0003760,BK000262,ACC00102,2027-10-20,4819.43,USD,subscription,AMER,REP005
RV0003761,BK000262,ACC00102,2027-11-20,4819.43,USD,subscription,AMER,REP005
RV0003762,BK000262,ACC00102,2027-12-20,4819.43,USD,subscription,AMER,REP005
RV0003763,BK000262,ACC00102,2028-01-20,4819.43,USD,subscription,AMER,REP005
RV0003764,BK000262,ACC00102,2028-02-20,4819.43,USD,subscription,AMER,REP005
RV0003765,BK000262,ACC00102,2028-03-20,4819.45,USD,subscription,AMER,REP005
RV0003766,BK000263,ACC00102,2026-04-09,6417.93,USD,subscription,AMER,REP005
RV0003767,BK000263,ACC00102,2026-05-09,6417.93,USD,subscription,AMER,REP005
RV0003768,BK000263,ACC00102,2026-06-09,6417.93,USD,subscription,AMER,REP005
RV0003769,BK000263,ACC00102,2026-07-09,6417.93,USD,subscription,AMER,REP005
RV0003770,BK000263,ACC00102,2026-08-09,6417.93,USD,subscription,AMER,REP005
RV0003771,BK000263,ACC00102,2026-09-09,6417.93,USD,subscription,AMER,REP005
RV0003772,BK000263,ACC00102,2026-10-09,6417.93,USD,subscription,AMER,REP005
RV0003773,BK000263,ACC00102,2026-11-09,6417.93,USD,subscription,AMER,REP005
RV0003774,BK000263,ACC00102,2026-12-09,6417.93,USD,subscription,AMER,REP005
RV0003775,BK000263,ACC00102,2027-01-09,6417.93,USD,subscription,AMER,REP005
RV0003776,BK000263,ACC00102,2027-02-09,6417.93,USD,subscription,AMER,REP005
RV0003777,BK000263,ACC00102,2027-03-09,6418.00,USD,subscription,AMER,REP005
RV0003778,BK000264,ACC00103,2026-06-01,970.47,USD,subscription,EMEA,REP010
RV0003779,BK000264,ACC00103,2026-07-01,970.47,USD,subscription,EMEA,REP010
RV0003780,BK000264,ACC00103,2026-08-01,970.47,USD,subscription,EMEA,REP010
RV0003781,BK000264,ACC00103,2026-09-01,970.47,USD,subscription,EMEA,REP010
RV0003782,BK000264,ACC00103,2026-10-01,970.47,USD,subscription,EMEA,REP010
RV0003783,BK000264,ACC00103,2026-11-01,970.47,USD,subscription,EMEA,REP010
RV0003784,BK000264,ACC00103,2026-12-01,970.47,USD,subscription,EMEA,REP010
RV0003785,BK000264,ACC00103,2027-01-01,970.47,USD,subscription,EMEA,REP010
RV0003786,BK000264,ACC00103,2027-02-01,970.47,USD,subscription,EMEA,REP010
RV0003787,BK000264,ACC00103,2027-03-01,970.47,USD,subscription,EMEA,REP010
RV0003788,BK000264,ACC00103,2027-04-01,970.47,USD,subscription,EMEA,REP010
RV0003789,BK000264,ACC00103,2027-05-01,970.47,USD,subscription,EMEA,REP010
RV0003790,BK000264,ACC00103,2027-06-01,970.47,USD,subscription,EMEA,REP010
RV0003791,BK000264,ACC00103,2027-07-01,970.47,USD,subscription,EMEA,REP010
RV0003792,BK000264,ACC00103,2027-08-01,970.47,USD,subscription,EMEA,REP010
RV0003793,BK000264,ACC00103,2027-09-01,970.47,USD,subscription,EMEA,REP010
RV0003794,BK000264,ACC00103,2027-10-01,970.47,USD,subscription,EMEA,REP010
RV0003795,BK000264,ACC00103,2027-11-01,970.47,USD,subscription,EMEA,REP010
RV0003796,BK000264,ACC00103,2027-12-01,970.47,USD,subscription,EMEA,REP010
RV0003797,BK000264,ACC00103,2028-01-01,970.47,USD,subscription,EMEA,REP010
RV0003798,BK000264,ACC00103,2028-02-01,970.47,USD,subscription,EMEA,REP010
RV0003799,BK000264,ACC00103,2028-03-01,970.47,USD,subscription,EMEA,REP010
RV0003800,BK000264,ACC00103,2028-04-01,970.47,USD,subscription,EMEA,REP010
RV0003801,BK000264,ACC00103,2028-05-01,970.47,USD,subscription,EMEA,REP010
RV0003802,BK000264,ACC00103,2028-06-01,970.47,USD,subscription,EMEA,REP010
RV0003803,BK000264,ACC00103,2028-07-01,970.47,USD,subscription,EMEA,REP010
RV0003804,BK000264,ACC00103,2028-08-01,970.47,USD,subscription,EMEA,REP010
RV0003805,BK000264,ACC00103,2028-09-01,970.47,USD,subscription,EMEA,REP010
RV0003806,BK000264,ACC00103,2028-10-01,970.47,USD,subscription,EMEA,REP010
RV0003807,BK000264,ACC00103,2028-11-01,970.47,USD,subscription,EMEA,REP010
RV0003808,BK000264,ACC00103,2028-12-01,970.47,USD,subscription,EMEA,REP010
RV0003809,BK000264,ACC00103,2029-01-01,970.47,USD,subscription,EMEA,REP010
RV0003810,BK000264,ACC00103,2029-02-01,970.47,USD,subscription,EMEA,REP010
RV0003811,BK000264,ACC00103,2029-03-01,970.47,USD,subscription,EMEA,REP010
RV0003812,BK000264,ACC00103,2029-04-01,970.47,USD,subscription,EMEA,REP010
RV0003813,BK000264,ACC00103,2029-05-01,970.75,USD,subscription,EMEA,REP010
RV0003814,BK000265,ACC00104,2026-06-22,208376.94,USD,perpetual,AMER,REP008
RV0003815,BK000266,ACC00105,2026-03-20,55441.13,USD,perpetual,APAC,REP009
RV0003816,BK000267,ACC00105,2026-03-26,10124.53,USD,subscription,APAC,REP009
RV0003817,BK000267,ACC00105,2026-04-26,10124.53,USD,subscription,APAC,REP009
RV0003818,BK000267,ACC00105,2026-05-26,10124.53,USD,subscription,APAC,REP009
RV0003819,BK000267,ACC00105,2026-06-26,10124.53,USD,subscription,APAC,REP009
RV0003820,BK000267,ACC00105,2026-07-26,10124.53,USD,subscription,APAC,REP009
RV0003821,BK000267,ACC00105,2026-08-26,10124.53,USD,subscription,APAC,REP009
RV0003822,BK000267,ACC00105,2026-09-26,10124.53,USD,subscription,APAC,REP009
RV0003823,BK000267,ACC00105,2026-10-26,10124.53,USD,subscription,APAC,REP009
RV0003824,BK000267,ACC00105,2026-11-26,10124.53,USD,subscription,APAC,REP009
RV0003825,BK000267,ACC00105,2026-12-26,10124.53,USD,subscription,APAC,REP009
RV0003826,BK000267,ACC00105,2027-01-26,10124.53,USD,subscription,APAC,REP009
RV0003827,BK000267,ACC00105,2027-02-26,10124.53,USD,subscription,APAC,REP009
RV0003828,BK000267,ACC00105,2027-03-26,10124.53,USD,subscription,APAC,REP009
RV0003829,BK000267,ACC00105,2027-04-26,10124.53,USD,subscription,APAC,REP009
RV0003830,BK000267,ACC00105,2027-05-26,10124.53,USD,subscription,APAC,REP009
RV0003831,BK000267,ACC00105,2027-06-26,10124.53,USD,subscription,APAC,REP009
RV0003832,BK000267,ACC00105,2027-07-26,10124.53,USD,subscription,APAC,REP009
RV0003833,BK000267,ACC00105,2027-08-26,10124.53,USD,subscription,APAC,REP009
RV0003834,BK000267,ACC00105,2027-09-26,10124.53,USD,subscription,APAC,REP009
RV0003835,BK000267,ACC00105,2027-10-26,10124.53,USD,subscription,APAC,REP009
RV0003836,BK000267,ACC00105,2027-11-26,10124.53,USD,subscription,APAC,REP009
RV0003837,BK000267,ACC00105,2027-12-26,10124.53,USD,subscription,APAC,REP009
RV0003838,BK000267,ACC00105,2028-01-26,10124.53,USD,subscription,APAC,REP009
RV0003839,BK000267,ACC00105,2028-02-26,10124.66,USD,subscription,APAC,REP009
RV0003840,BK000268,ACC00105,2026-07-06,9497.90,USD,subscription,APAC,REP009
RV0003841,BK000268,ACC00105,2026-08-06,9497.90,USD,subscription,APAC,REP009
RV0003842,BK000268,ACC00105,2026-09-06,9497.90,USD,subscription,APAC,REP009
RV0003843,BK000268,ACC00105,2026-10-06,9497.90,USD,subscription,APAC,REP009
RV0003844,BK000268,ACC00105,2026-11-06,9497.90,USD,subscription,APAC,REP009
RV0003845,BK000268,ACC00105,2026-12-06,9497.90,USD,subscription,APAC,REP009
RV0003846,BK000268,ACC00105,2027-01-06,9497.90,USD,subscription,APAC,REP009
RV0003847,BK000268,ACC00105,2027-02-06,9497.90,USD,subscription,APAC,REP009
RV0003848,BK000268,ACC00105,2027-03-06,9497.90,USD,subscription,APAC,REP009
RV0003849,BK000268,ACC00105,2027-04-06,9497.90,USD,subscription,APAC,REP009
RV0003850,BK000268,ACC00105,2027-05-06,9497.90,USD,subscription,APAC,REP009
RV0003851,BK000268,ACC00105,2027-06-06,9497.90,USD,subscription,APAC,REP009
RV0003852,BK000268,ACC00105,2027-07-06,9497.90,USD,subscription,APAC,REP009
RV0003853,BK000268,ACC00105,2027-08-06,9497.90,USD,subscription,APAC,REP009
RV0003854,BK000268,ACC00105,2027-09-06,9497.90,USD,subscription,APAC,REP009
RV0003855,BK000268,ACC00105,2027-10-06,9497.90,USD,subscription,APAC,REP009
RV0003856,BK000268,ACC00105,2027-11-06,9497.90,USD,subscription,APAC,REP009
RV0003857,BK000268,ACC00105,2027-12-06,9497.90,USD,subscription,APAC,REP009
RV0003858,BK000268,ACC00105,2028-01-06,9497.90,USD,subscription,APAC,REP009
RV0003859,BK000268,ACC00105,2028-02-06,9497.90,USD,subscription,APAC,REP009
RV0003860,BK000268,ACC00105,2028-03-06,9497.90,USD,subscription,APAC,REP009
RV0003861,BK000268,ACC00105,2028-04-06,9497.90,USD,subscription,APAC,REP009
RV0003862,BK000268,ACC00105,2028-05-06,9497.90,USD,subscription,APAC,REP009
RV0003863,BK000268,ACC00105,2028-06-06,9498.03,USD,subscription,APAC,REP009
RV0003864,BK000269,ACC00105,2026-05-26,151635.22,USD,perpetual,APAC,REP009
RV0003865,BK000270,ACC00106,2026-06-08,13197.96,USD,subscription,EMEA,REP004
RV0003866,BK000270,ACC00106,2026-07-08,13197.96,USD,subscription,EMEA,REP004
RV0003867,BK000270,ACC00106,2026-08-08,13197.96,USD,subscription,EMEA,REP004
RV0003868,BK000270,ACC00106,2026-09-08,13197.96,USD,subscription,EMEA,REP004
RV0003869,BK000270,ACC00106,2026-10-08,13197.96,USD,subscription,EMEA,REP004
RV0003870,BK000270,ACC00106,2026-11-08,13197.96,USD,subscription,EMEA,REP004
RV0003871,BK000270,ACC00106,2026-12-08,13197.96,USD,subscription,EMEA,REP004
RV0003872,BK000270,ACC00106,2027-01-08,13197.96,USD,subscription,EMEA,REP004
RV0003873,BK000270,ACC00106,2027-02-08,13197.96,USD,subscription,EMEA,REP004
RV0003874,BK000270,ACC00106,2027-03-08,13197.96,USD,subscription,EMEA,REP004
RV0003875,BK000270,ACC00106,2027-04-08,13197.96,USD,subscription,EMEA,REP004
RV0003876,BK000270,ACC00106,2027-05-08,13197.96,USD,subscription,EMEA,REP004
RV0003877,BK000272,ACC00107,2026-05-25,5380.63,USD,subscription,AMER,REP002
RV0003878,BK000272,ACC00107,2026-06-25,5380.63,USD,subscription,AMER,REP002
RV0003879,BK000272,ACC00107,2026-07-25,5380.63,USD,subscription,AMER,REP002
RV0003880,BK000272,ACC00107,2026-08-25,5380.63,USD,subscription,AMER,REP002
RV0003881,BK000272,ACC00107,2026-09-25,5380.63,USD,subscription,AMER,REP002
RV0003882,BK000272,ACC00107,2026-10-25,5380.63,USD,subscription,AMER,REP002
RV0003883,BK000272,ACC00107,2026-11-25,5380.63,USD,subscription,AMER,REP002
RV0003884,BK000272,ACC00107,2026-12-25,5380.63,USD,subscription,AMER,REP002
RV0003885,BK000272,ACC00107,2027-01-25,5380.63,USD,subscription,AMER,REP002
RV0003886,BK000272,ACC00107,2027-02-25,5380.63,USD,subscription,AMER,REP002
RV0003887,BK000272,ACC00107,2027-03-25,5380.63,USD,subscription,AMER,REP002
RV0003888,BK000272,ACC00107,2027-04-25,5380.63,USD,subscription,AMER,REP002
RV0003889,BK000272,ACC00107,2027-05-25,5380.63,USD,subscription,AMER,REP002
RV0003890,BK000272,ACC00107,2027-06-25,5380.63,USD,subscription,AMER,REP002
RV0003891,BK000272,ACC00107,2027-07-25,5380.63,USD,subscription,AMER,REP002
RV0003892,BK000272,ACC00107,2027-08-25,5380.63,USD,subscription,AMER,REP002
RV0003893,BK000272,ACC00107,2027-09-25,5380.63,USD,subscription,AMER,REP002
RV0003894,BK000272,ACC00107,2027-10-25,5380.63,USD,subscription,AMER,REP002
RV0003895,BK000272,ACC00107,2027-11-25,5380.63,USD,subscription,AMER,REP002
RV0003896,BK000272,ACC00107,2027-12-25,5380.63,USD,subscription,AMER,REP002
RV0003897,BK000272,ACC00107,2028-01-25,5380.63,USD,subscription,AMER,REP002
RV0003898,BK000272,ACC00107,2028-02-25,5380.63,USD,subscription,AMER,REP002
RV0003899,BK000272,ACC00107,2028-03-25,5380.63,USD,subscription,AMER,REP002
RV0003900,BK000272,ACC00107,2028-04-25,5380.63,USD,subscription,AMER,REP002
RV0003901,BK000273,ACC00107,2026-03-24,5667.28,USD,subscription,AMER,REP002
RV0003902,BK000273,ACC00107,2026-04-24,5667.28,USD,subscription,AMER,REP002
RV0003903,BK000273,ACC00107,2026-05-24,5667.28,USD,subscription,AMER,REP002
RV0003904,BK000273,ACC00107,2026-06-24,5667.28,USD,subscription,AMER,REP002
RV0003905,BK000273,ACC00107,2026-07-24,5667.28,USD,subscription,AMER,REP002
RV0003906,BK000273,ACC00107,2026-08-24,5667.28,USD,subscription,AMER,REP002
RV0003907,BK000273,ACC00107,2026-09-24,5667.28,USD,subscription,AMER,REP002
RV0003908,BK000273,ACC00107,2026-10-24,5667.28,USD,subscription,AMER,REP002
RV0003909,BK000273,ACC00107,2026-11-24,5667.28,USD,subscription,AMER,REP002
RV0003910,BK000273,ACC00107,2026-12-24,5667.28,USD,subscription,AMER,REP002
RV0003911,BK000273,ACC00107,2027-01-24,5667.28,USD,subscription,AMER,REP002
RV0003912,BK000273,ACC00107,2027-02-24,5667.35,USD,subscription,AMER,REP002
RV0003913,BK000274,ACC00107,2026-05-09,771.19,USD,subscription,AMER,REP002
RV0003914,BK000274,ACC00107,2026-06-09,771.19,USD,subscription,AMER,REP002
RV0003915,BK000274,ACC00107,2026-07-09,771.19,USD,subscription,AMER,REP002
RV0003916,BK000274,ACC00107,2026-08-09,771.19,USD,subscription,AMER,REP002
RV0003917,BK000274,ACC00107,2026-09-09,771.19,USD,subscription,AMER,REP002
RV0003918,BK000274,ACC00107,2026-10-09,771.19,USD,subscription,AMER,REP002
RV0003919,BK000274,ACC00107,2026-11-09,771.19,USD,subscription,AMER,REP002
RV0003920,BK000274,ACC00107,2026-12-09,771.19,USD,subscription,AMER,REP002
RV0003921,BK000274,ACC00107,2027-01-09,771.19,USD,subscription,AMER,REP002
RV0003922,BK000274,ACC00107,2027-02-09,771.19,USD,subscription,AMER,REP002
RV0003923,BK000274,ACC00107,2027-03-09,771.19,USD,subscription,AMER,REP002
RV0003924,BK000274,ACC00107,2027-04-09,771.19,USD,subscription,AMER,REP002
RV0003925,BK000274,ACC00107,2027-05-09,771.19,USD,subscription,AMER,REP002
RV0003926,BK000274,ACC00107,2027-06-09,771.19,USD,subscription,AMER,REP002
RV0003927,BK000274,ACC00107,2027-07-09,771.19,USD,subscription,AMER,REP002
RV0003928,BK000274,ACC00107,2027-08-09,771.19,USD,subscription,AMER,REP002
RV0003929,BK000274,ACC00107,2027-09-09,771.19,USD,subscription,AMER,REP002
RV0003930,BK000274,ACC00107,2027-10-09,771.19,USD,subscription,AMER,REP002
RV0003931,BK000274,ACC00107,2027-11-09,771.19,USD,subscription,AMER,REP002
RV0003932,BK000274,ACC00107,2027-12-09,771.19,USD,subscription,AMER,REP002
RV0003933,BK000274,ACC00107,2028-01-09,771.19,USD,subscription,AMER,REP002
RV0003934,BK000274,ACC00107,2028-02-09,771.19,USD,subscription,AMER,REP002
RV0003935,BK000274,ACC00107,2028-03-09,771.19,USD,subscription,AMER,REP002
RV0003936,BK000274,ACC00107,2028-04-09,771.26,USD,subscription,AMER,REP002
RV0003937,BK000275,ACC00107,2026-02-22,19975.54,USD,subscription,AMER,REP002
RV0003938,BK000275,ACC00107,2026-03-22,19975.54,USD,subscription,AMER,REP002
RV0003939,BK000275,ACC00107,2026-04-22,19975.54,USD,subscription,AMER,REP002
RV0003940,BK000275,ACC00107,2026-05-22,19975.54,USD,subscription,AMER,REP002
RV0003941,BK000275,ACC00107,2026-06-22,19975.54,USD,subscription,AMER,REP002
RV0003942,BK000275,ACC00107,2026-07-22,19975.54,USD,subscription,AMER,REP002
RV0003943,BK000275,ACC00107,2026-08-22,19975.54,USD,subscription,AMER,REP002
RV0003944,BK000275,ACC00107,2026-09-22,19975.54,USD,subscription,AMER,REP002
RV0003945,BK000275,ACC00107,2026-10-22,19975.54,USD,subscription,AMER,REP002
RV0003946,BK000275,ACC00107,2026-11-22,19975.54,USD,subscription,AMER,REP002
RV0003947,BK000275,ACC00107,2026-12-22,19975.54,USD,subscription,AMER,REP002
RV0003948,BK000275,ACC00107,2027-01-22,19975.61,USD,subscription,AMER,REP002
RV0003949,BK000276,ACC00108,2026-02-12,54791.89,USD,perpetual,AMER,REP008
RV0003950,BK000277,ACC00108,2026-09-20,4203.50,USD,subscription,AMER,REP008
RV0003951,BK000277,ACC00108,2026-10-20,4203.50,USD,subscription,AMER,REP008
RV0003952,BK000277,ACC00108,2026-11-20,4203.50,USD,subscription,AMER,REP008
RV0003953,BK000277,ACC00108,2026-12-20,4203.50,USD,subscription,AMER,REP008
RV0003954,BK000277,ACC00108,2027-01-20,4203.50,USD,subscription,AMER,REP008
RV0003955,BK000277,ACC00108,2027-02-20,4203.50,USD,subscription,AMER,REP008
RV0003956,BK000277,ACC00108,2027-03-20,4203.50,USD,subscription,AMER,REP008
RV0003957,BK000277,ACC00108,2027-04-20,4203.50,USD,subscription,AMER,REP008
RV0003958,BK000277,ACC00108,2027-05-20,4203.50,USD,subscription,AMER,REP008
RV0003959,BK000277,ACC00108,2027-06-20,4203.50,USD,subscription,AMER,REP008
RV0003960,BK000277,ACC00108,2027-07-20,4203.50,USD,subscription,AMER,REP008
RV0003961,BK000277,ACC00108,2027-08-20,4203.50,USD,subscription,AMER,REP008
RV0003962,BK000278,ACC00108,2026-04-24,12697.78,USD,subscription,AMER,REP008
RV0003963,BK000278,ACC00108,2026-05-24,12697.78,USD,subscription,AMER,REP008
RV0003964,BK000278,ACC00108,2026-06-24,12697.78,USD,subscription,AMER,REP008
RV0003965,BK000278,ACC00108,2026-07-24,12697.78,USD,subscription,AMER,REP008
RV0003966,BK000278,ACC00108,2026-08-24,12697.78,USD,subscription,AMER,REP008
RV0003967,BK000278,ACC00108,2026-09-24,12697.78,USD,subscription,AMER,REP008
RV0003968,BK000278,ACC00108,2026-10-24,12697.78,USD,subscription,AMER,REP008
RV0003969,BK000278,ACC00108,2026-11-24,12697.78,USD,subscription,AMER,REP008
RV0003970,BK000278,ACC00108,2026-12-24,12697.78,USD,subscription,AMER,REP008
RV0003971,BK000278,ACC00108,2027-01-24,12697.78,USD,subscription,AMER,REP008
RV0003972,BK000278,ACC00108,2027-02-24,12697.78,USD,subscription,AMER,REP008
RV0003973,BK000278,ACC00108,2027-03-24,12697.85,USD,subscription,AMER,REP008
RV0003974,BK000279,ACC00109,2026-01-28,11168.98,USD,subscription,APAC,REP012
RV0003975,BK000279,ACC00109,2026-02-28,11168.98,USD,subscription,APAC,REP012
RV0003976,BK000279,ACC00109,2026-03-28,11168.98,USD,subscription,APAC,REP012
RV0003977,BK000279,ACC00109,2026-04-28,11168.98,USD,subscription,APAC,REP012
RV0003978,BK000279,ACC00109,2026-05-28,11168.98,USD,subscription,APAC,REP012
RV0003979,BK000279,ACC00109,2026-06-28,11168.98,USD,subscription,APAC,REP012
RV0003980,BK000279,ACC00109,2026-07-28,11168.98,USD,subscription,APAC,REP012
RV0003981,BK000279,ACC00109,2026-08-28,11168.98,USD,subscription,APAC,REP012
RV0003982,BK000279,ACC00109,2026-09-28,11168.98,USD,subscription,APAC,REP012
RV0003983,BK000279,ACC00109,2026-10-28,11168.98,USD,subscription,APAC,REP012
RV0003984,BK000279,ACC00109,2026-11-28,11168.98,USD,subscription,APAC,REP012
RV0003985,BK000279,ACC00109,2026-12-28,11169.09,USD,subscription,APAC,REP012
RV0003986,BK000280,ACC00109,2026-07-17,28382.24,USD,perpetual,APAC,REP012
RV0003987,BK000281,ACC00109,2026-01-15,2998.13,USD,subscription,APAC,REP012
RV0003988,BK000281,ACC00109,2026-02-15,2998.13,USD,subscription,APAC,REP012
RV0003989,BK000281,ACC00109,2026-03-15,2998.13,USD,subscription,APAC,REP012
RV0003990,BK000281,ACC00109,2026-04-15,2998.13,USD,subscription,APAC,REP012
RV0003991,BK000281,ACC00109,2026-05-15,2998.13,USD,subscription,APAC,REP012
RV0003992,BK000281,ACC00109,2026-06-15,2998.13,USD,subscription,APAC,REP012
RV0003993,BK000281,ACC00109,2026-07-15,2998.13,USD,subscription,APAC,REP012
RV0003994,BK000281,ACC00109,2026-08-15,2998.13,USD,subscription,APAC,REP012
RV0003995,BK000281,ACC00109,2026-09-15,2998.13,USD,subscription,APAC,REP012
RV0003996,BK000281,ACC00109,2026-10-15,2998.13,USD,subscription,APAC,REP012
RV0003997,BK000281,ACC00109,2026-11-15,2998.13,USD,subscription,APAC,REP012
RV0003998,BK000281,ACC00109,2026-12-15,2998.13,USD,subscription,APAC,REP012
RV0003999,BK000281,ACC00109,2027-01-15,2998.13,USD,subscription,APAC,REP012
RV0004000,BK000281,ACC00109,2027-02-15,2998.13,USD,subscription,APAC,REP012
RV0004001,BK000281,ACC00109,2027-03-15,2998.13,USD,subscription,APAC,REP012
RV0004002,BK000281,ACC00109,2027-04-15,2998.13,USD,subscription,APAC,REP012
RV0004003,BK000281,ACC00109,2027-05-15,2998.13,USD,subscription,APAC,REP012
RV0004004,BK000281,ACC00109,2027-06-15,2998.13,USD,subscription,APAC,REP012
RV0004005,BK000281,ACC00109,2027-07-15,2998.13,USD,subscription,APAC,REP012
RV0004006,BK000281,ACC00109,2027-08-15,2998.13,USD,subscription,APAC,REP012
RV0004007,BK000281,ACC00109,2027-09-15,2998.13,USD,subscription,APAC,REP012
RV0004008,BK000281,ACC00109,2027-10-15,2998.13,USD,subscription,APAC,REP012
RV0004009,BK000281,ACC00109,2027-11-15,2998.13,USD,subscription,APAC,REP012
RV0004010,BK000281,ACC00109,2027-12-15,2998.13,USD,subscription,APAC,REP012
RV0004011,BK000281,ACC00109,2028-01-15,2998.13,USD,subscription,APAC,REP012
RV0004012,BK000281,ACC00109,2028-02-15,2998.13,USD,subscription,APAC,REP012
RV0004013,BK000281,ACC00109,2028-03-15,2998.13,USD,subscription,APAC,REP012
RV0004014,BK000281,ACC00109,2028-04-15,2998.13,USD,subscription,APAC,REP012
RV0004015,BK000281,ACC00109,2028-05-15,2998.13,USD,subscription,APAC,REP012
RV0004016,BK000281,ACC00109,2028-06-15,2998.13,USD,subscription,APAC,REP012
RV0004017,BK000281,ACC00109,2028-07-15,2998.13,USD,subscription,APAC,REP012
RV0004018,BK000281,ACC00109,2028-08-15,2998.13,USD,subscription,APAC,REP012
RV0004019,BK000281,ACC00109,2028-09-15,2998.13,USD,subscription,APAC,REP012
RV0004020,BK000281,ACC00109,2028-10-15,2998.13,USD,subscription,APAC,REP012
RV0004021,BK000281,ACC00109,2028-11-15,2998.13,USD,subscription,APAC,REP012
RV0004022,BK000281,ACC00109,2028-12-15,2998.34,USD,subscription,APAC,REP012
RV0004023,BK000282,ACC00109,2026-06-21,50006.01,USD,perpetual,APAC,REP012
RV0004024,BK000283,ACC00110,2026-08-30,6515.63,USD,subscription,EMEA,REP001
RV0004025,BK000283,ACC00110,2026-09-30,6515.63,USD,subscription,EMEA,REP001
RV0004026,BK000283,ACC00110,2026-10-30,6515.63,USD,subscription,EMEA,REP001
RV0004027,BK000283,ACC00110,2026-11-30,6515.63,USD,subscription,EMEA,REP001
RV0004028,BK000283,ACC00110,2026-12-30,6515.63,USD,subscription,EMEA,REP001
RV0004029,BK000283,ACC00110,2027-01-30,6515.63,USD,subscription,EMEA,REP001
RV0004030,BK000283,ACC00110,2027-02-28,6515.63,USD,subscription,EMEA,REP001
RV0004031,BK000283,ACC00110,2027-03-30,6515.63,USD,subscription,EMEA,REP001
RV0004032,BK000283,ACC00110,2027-04-30,6515.63,USD,subscription,EMEA,REP001
RV0004033,BK000283,ACC00110,2027-05-30,6515.63,USD,subscription,EMEA,REP001
RV0004034,BK000283,ACC00110,2027-06-30,6515.63,USD,subscription,EMEA,REP001
RV0004035,BK000283,ACC00110,2027-07-30,6515.63,USD,subscription,EMEA,REP001
RV0004036,BK000283,ACC00110,2027-08-30,6515.63,USD,subscription,EMEA,REP001
RV0004037,BK000283,ACC00110,2027-09-30,6515.63,USD,subscription,EMEA,REP001
RV0004038,BK000283,ACC00110,2027-10-30,6515.63,USD,subscription,EMEA,REP001
RV0004039,BK000283,ACC00110,2027-11-30,6515.63,USD,subscription,EMEA,REP001
RV0004040,BK000283,ACC00110,2027-12-30,6515.63,USD,subscription,EMEA,REP001
RV0004041,BK000283,ACC00110,2028-01-30,6515.63,USD,subscription,EMEA,REP001
RV0004042,BK000283,ACC00110,2028-02-29,6515.63,USD,subscription,EMEA,REP001
RV0004043,BK000283,ACC00110,2028-03-30,6515.63,USD,subscription,EMEA,REP001
RV0004044,BK000283,ACC00110,2028-04-30,6515.63,USD,subscription,EMEA,REP001
RV0004045,BK000283,ACC00110,2028-05-30,6515.63,USD,subscription,EMEA,REP001
RV0004046,BK000283,ACC00110,2028-06-30,6515.63,USD,subscription,EMEA,REP001
RV0004047,BK000283,ACC00110,2028-07-30,6515.63,USD,subscription,EMEA,REP001
RV0004048,BK000283,ACC00110,2028-08-30,6515.63,USD,subscription,EMEA,REP001
RV0004049,BK000283,ACC00110,2028-09-30,6515.63,USD,subscription,EMEA,REP001
RV0004050,BK000283,ACC00110,2028-10-30,6515.63,USD,subscription,EMEA,REP001
RV0004051,BK000283,ACC00110,2028-11-30,6515.63,USD,subscription,EMEA,REP001
RV0004052,BK000283,ACC00110,2028-12-30,6515.63,USD,subscription,EMEA,REP001
RV0004053,BK000283,ACC00110,2029-01-30,6515.63,USD,subscription,EMEA,REP001
RV0004054,BK000283,ACC00110,2029-02-28,6515.63,USD,subscription,EMEA,REP001
RV0004055,BK000283,ACC00110,2029-03-30,6515.63,USD,subscription,EMEA,REP001
RV0004056,BK000283,ACC00110,2029-04-30,6515.63,USD,subscription,EMEA,REP001
RV0004057,BK000283,ACC00110,2029-05-30,6515.63,USD,subscription,EMEA,REP001
RV0004058,BK000283,ACC00110,2029-06-30,6515.63,USD,subscription,EMEA,REP001
RV0004059,BK000283,ACC00110,2029-07-30,6515.95,USD,subscription,EMEA,REP001
RV0004060,BK000284,ACC00110,2026-08-29,12627.13,USD,subscription,EMEA,REP001
RV0004061,BK000284,ACC00110,2026-09-29,12627.13,USD,subscription,EMEA,REP001
RV0004062,BK000284,ACC00110,2026-10-29,12627.13,USD,subscription,EMEA,REP001
RV0004063,BK000284,ACC00110,2026-11-29,12627.13,USD,subscription,EMEA,REP001
RV0004064,BK000284,ACC00110,2026-12-29,12627.13,USD,subscription,EMEA,REP001
RV0004065,BK000284,ACC00110,2027-01-29,12627.13,USD,subscription,EMEA,REP001
RV0004066,BK000284,ACC00110,2027-02-28,12627.13,USD,subscription,EMEA,REP001
RV0004067,BK000284,ACC00110,2027-03-29,12627.13,USD,subscription,EMEA,REP001
RV0004068,BK000284,ACC00110,2027-04-29,12627.13,USD,subscription,EMEA,REP001
RV0004069,BK000284,ACC00110,2027-05-29,12627.13,USD,subscription,EMEA,REP001
RV0004070,BK000284,ACC00110,2027-06-29,12627.13,USD,subscription,EMEA,REP001
RV0004071,BK000284,ACC00110,2027-07-29,12627.24,USD,subscription,EMEA,REP001
RV0004072,BK000285,ACC00110,2026-01-10,86873.82,USD,perpetual,EMEA,REP001
RV0004073,BK000286,ACC00111,2026-09-28,143020.73,USD,perpetual,AMER,REP005
RV0004074,BK000287,ACC00111,2026-05-28,80738.82,USD,perpetual,AMER,REP005
RV0004075,BK000288,ACC00112,2026-05-03,3940.83,USD,subscription,AMER,REP008
RV0004076,BK000288,ACC00112,2026-06-03,3940.83,USD,subscription,AMER,REP008
RV0004077,BK000288,ACC00112,2026-07-03,3940.83,USD,subscription,AMER,REP008
RV0004078,BK000288,ACC00112,2026-08-03,3940.83,USD,subscription,AMER,REP008
RV0004079,BK000288,ACC00112,2026-09-03,3940.83,USD,subscription,AMER,REP008
RV0004080,BK000288,ACC00112,2026-10-03,3940.83,USD,subscription,AMER,REP008
RV0004081,BK000288,ACC00112,2026-11-03,3940.83,USD,subscription,AMER,REP008
RV0004082,BK000288,ACC00112,2026-12-03,3940.83,USD,subscription,AMER,REP008
RV0004083,BK000288,ACC00112,2027-01-03,3940.83,USD,subscription,AMER,REP008
RV0004084,BK000288,ACC00112,2027-02-03,3940.83,USD,subscription,AMER,REP008
RV0004085,BK000288,ACC00112,2027-03-03,3940.83,USD,subscription,AMER,REP008
RV0004086,BK000288,ACC00112,2027-04-03,3940.83,USD,subscription,AMER,REP008
RV0004087,BK000288,ACC00112,2027-05-03,3940.83,USD,subscription,AMER,REP008
RV0004088,BK000288,ACC00112,2027-06-03,3940.83,USD,subscription,AMER,REP008
RV0004089,BK000288,ACC00112,2027-07-03,3940.83,USD,subscription,AMER,REP008
RV0004090,BK000288,ACC00112,2027-08-03,3940.83,USD,subscription,AMER,REP008
RV0004091,BK000288,ACC00112,2027-09-03,3940.83,USD,subscription,AMER,REP008
RV0004092,BK000288,ACC00112,2027-10-03,3940.83,USD,subscription,AMER,REP008
RV0004093,BK000288,ACC00112,2027-11-03,3940.83,USD,subscription,AMER,REP008
RV0004094,BK000288,ACC00112,2027-12-03,3940.83,USD,subscription,AMER,REP008
RV0004095,BK000288,ACC00112,2028-01-03,3940.83,USD,subscription,AMER,REP008
RV0004096,BK000288,ACC00112,2028-02-03,3940.83,USD,subscription,AMER,REP008
RV0004097,BK000288,ACC00112,2028-03-03,3940.83,USD,subscription,AMER,REP008
RV0004098,BK000288,ACC00112,2028-04-03,3940.83,USD,subscription,AMER,REP008
RV0004099,BK000288,ACC00112,2028-05-03,3940.83,USD,subscription,AMER,REP008
RV0004100,BK000288,ACC00112,2028-06-03,3940.83,USD,subscription,AMER,REP008
RV0004101,BK000288,ACC00112,2028-07-03,3940.83,USD,subscription,AMER,REP008
RV0004102,BK000288,ACC00112,2028-08-03,3940.83,USD,subscription,AMER,REP008
RV0004103,BK000288,ACC00112,2028-09-03,3940.83,USD,subscription,AMER,REP008
RV0004104,BK000288,ACC00112,2028-10-03,3940.83,USD,subscription,AMER,REP008
RV0004105,BK000288,ACC00112,2028-11-03,3940.83,USD,subscription,AMER,REP008
RV0004106,BK000288,ACC00112,2028-12-03,3940.83,USD,subscription,AMER,REP008
RV0004107,BK000288,ACC00112,2029-01-03,3940.83,USD,subscription,AMER,REP008
RV0004108,BK000288,ACC00112,2029-02-03,3940.83,USD,subscription,AMER,REP008
RV0004109,BK000288,ACC00112,2029-03-03,3940.83,USD,subscription,AMER,REP008
RV0004110,BK000288,ACC00112,2029-04-03,3941.02,USD,subscription,AMER,REP008
RV0004111,BK000289,ACC00113,2026-02-02,1591.57,USD,subscription,AMER,REP008
RV0004112,BK000289,ACC00113,2026-03-02,1591.57,USD,subscription,AMER,REP008
RV0004113,BK000289,ACC00113,2026-04-02,1591.57,USD,subscription,AMER,REP008
RV0004114,BK000289,ACC00113,2026-05-02,1591.57,USD,subscription,AMER,REP008
RV0004115,BK000289,ACC00113,2026-06-02,1591.57,USD,subscription,AMER,REP008
RV0004116,BK000289,ACC00113,2026-07-02,1591.57,USD,subscription,AMER,REP008
RV0004117,BK000289,ACC00113,2026-08-02,1591.57,USD,subscription,AMER,REP008
RV0004118,BK000289,ACC00113,2026-09-02,1591.57,USD,subscription,AMER,REP008
RV0004119,BK000289,ACC00113,2026-10-02,1591.57,USD,subscription,AMER,REP008
RV0004120,BK000289,ACC00113,2026-11-02,1591.57,USD,subscription,AMER,REP008
RV0004121,BK000289,ACC00113,2026-12-02,1591.57,USD,subscription,AMER,REP008
RV0004122,BK000289,ACC00113,2027-01-02,1591.57,USD,subscription,AMER,REP008
RV0004123,BK000289,ACC00113,2027-02-02,1591.57,USD,subscription,AMER,REP008
RV0004124,BK000289,ACC00113,2027-03-02,1591.57,USD,subscription,AMER,REP008
RV0004125,BK000289,ACC00113,2027-04-02,1591.57,USD,subscription,AMER,REP008
RV0004126,BK000289,ACC00113,2027-05-02,1591.57,USD,subscription,AMER,REP008
RV0004127,BK000289,ACC00113,2027-06-02,1591.57,USD,subscription,AMER,REP008
RV0004128,BK000289,ACC00113,2027-07-02,1591.57,USD,subscription,AMER,REP008
RV0004129,BK000289,ACC00113,2027-08-02,1591.57,USD,subscription,AMER,REP008
RV0004130,BK000289,ACC00113,2027-09-02,1591.57,USD,subscription,AMER,REP008
RV0004131,BK000289,ACC00113,2027-10-02,1591.57,USD,subscription,AMER,REP008
RV0004132,BK000289,ACC00113,2027-11-02,1591.57,USD,subscription,AMER,REP008
RV0004133,BK000289,ACC00113,2027-12-02,1591.57,USD,subscription,AMER,REP008
RV0004134,BK000289,ACC00113,2028-01-02,1591.62,USD,subscription,AMER,REP008
RV0004135,BK000290,ACC00113,2026-01-09,17754.07,USD,subscription,AMER,REP008
RV0004136,BK000290,ACC00113,2026-02-09,17754.07,USD,subscription,AMER,REP008
RV0004137,BK000290,ACC00113,2026-03-09,17754.07,USD,subscription,AMER,REP008
RV0004138,BK000290,ACC00113,2026-04-09,17754.07,USD,subscription,AMER,REP008
RV0004139,BK000290,ACC00113,2026-05-09,17754.07,USD,subscription,AMER,REP008
RV0004140,BK000290,ACC00113,2026-06-09,17754.07,USD,subscription,AMER,REP008
RV0004141,BK000290,ACC00113,2026-07-09,17754.07,USD,subscription,AMER,REP008
RV0004142,BK000290,ACC00113,2026-08-09,17754.07,USD,subscription,AMER,REP008
RV0004143,BK000290,ACC00113,2026-09-09,17754.07,USD,subscription,AMER,REP008
RV0004144,BK000290,ACC00113,2026-10-09,17754.07,USD,subscription,AMER,REP008
RV0004145,BK000290,ACC00113,2026-11-09,17754.07,USD,subscription,AMER,REP008
RV0004146,BK000290,ACC00113,2026-12-09,17754.12,USD,subscription,AMER,REP008
RV0004147,BK000291,ACC00113,2026-03-15,2742.62,USD,subscription,AMER,REP008
RV0004148,BK000291,ACC00113,2026-04-15,2742.62,USD,subscription,AMER,REP008
RV0004149,BK000291,ACC00113,2026-05-15,2742.62,USD,subscription,AMER,REP008
RV0004150,BK000291,ACC00113,2026-06-15,2742.62,USD,subscription,AMER,REP008
RV0004151,BK000291,ACC00113,2026-07-15,2742.62,USD,subscription,AMER,REP008
RV0004152,BK000291,ACC00113,2026-08-15,2742.62,USD,subscription,AMER,REP008
RV0004153,BK000291,ACC00113,2026-09-15,2742.62,USD,subscription,AMER,REP008
RV0004154,BK000291,ACC00113,2026-10-15,2742.62,USD,subscription,AMER,REP008
RV0004155,BK000291,ACC00113,2026-11-15,2742.62,USD,subscription,AMER,REP008
RV0004156,BK000291,ACC00113,2026-12-15,2742.62,USD,subscription,AMER,REP008
RV0004157,BK000291,ACC00113,2027-01-15,2742.62,USD,subscription,AMER,REP008
RV0004158,BK000291,ACC00113,2027-02-15,2742.62,USD,subscription,AMER,REP008
RV0004159,BK000291,ACC00113,2027-03-15,2742.62,USD,subscription,AMER,REP008
RV0004160,BK000291,ACC00113,2027-04-15,2742.62,USD,subscription,AMER,REP008
RV0004161,BK000291,ACC00113,2027-05-15,2742.62,USD,subscription,AMER,REP008
RV0004162,BK000291,ACC00113,2027-06-15,2742.62,USD,subscription,AMER,REP008
RV0004163,BK000291,ACC00113,2027-07-15,2742.62,USD,subscription,AMER,REP008
RV0004164,BK000291,ACC00113,2027-08-15,2742.62,USD,subscription,AMER,REP008
RV0004165,BK000291,ACC00113,2027-09-15,2742.62,USD,subscription,AMER,REP008
RV0004166,BK000291,ACC00113,2027-10-15,2742.62,USD,subscription,AMER,REP008
RV0004167,BK000291,ACC00113,2027-11-15,2742.62,USD,subscription,AMER,REP008
RV0004168,BK000291,ACC00113,2027-12-15,2742.62,USD,subscription,AMER,REP008
RV0004169,BK000291,ACC00113,2028-01-15,2742.62,USD,subscription,AMER,REP008
RV0004170,BK000291,ACC00113,2028-02-15,2742.62,USD,subscription,AMER,REP008
RV0004171,BK000291,ACC00113,2028-03-15,2742.62,USD,subscription,AMER,REP008
RV0004172,BK000291,ACC00113,2028-04-15,2742.62,USD,subscription,AMER,REP008
RV0004173,BK000291,ACC00113,2028-05-15,2742.62,USD,subscription,AMER,REP008
RV0004174,BK000291,ACC00113,2028-06-15,2742.62,USD,subscription,AMER,REP008
RV0004175,BK000291,ACC00113,2028-07-15,2742.62,USD,subscription,AMER,REP008
RV0004176,BK000291,ACC00113,2028-08-15,2742.62,USD,subscription,AMER,REP008
RV0004177,BK000291,ACC00113,2028-09-15,2742.62,USD,subscription,AMER,REP008
RV0004178,BK000291,ACC00113,2028-10-15,2742.62,USD,subscription,AMER,REP008
RV0004179,BK000291,ACC00113,2028-11-15,2742.62,USD,subscription,AMER,REP008
RV0004180,BK000291,ACC00113,2028-12-15,2742.62,USD,subscription,AMER,REP008
RV0004181,BK000291,ACC00113,2029-01-15,2742.62,USD,subscription,AMER,REP008
RV0004182,BK000291,ACC00113,2029-02-15,2742.96,USD,subscription,AMER,REP008
RV0004183,BK000292,ACC00113,2026-06-30,6809.99,USD,subscription,AMER,REP008
RV0004184,BK000292,ACC00113,2026-07-30,6809.99,USD,subscription,AMER,REP008
RV0004185,BK000292,ACC00113,2026-08-30,6809.99,USD,subscription,AMER,REP008
RV0004186,BK000292,ACC00113,2026-09-30,6809.99,USD,subscription,AMER,REP008
RV0004187,BK000292,ACC00113,2026-10-30,6809.99,USD,subscription,AMER,REP008
RV0004188,BK000292,ACC00113,2026-11-30,6809.99,USD,subscription,AMER,REP008
RV0004189,BK000292,ACC00113,2026-12-30,6809.99,USD,subscription,AMER,REP008
RV0004190,BK000292,ACC00113,2027-01-30,6809.99,USD,subscription,AMER,REP008
RV0004191,BK000292,ACC00113,2027-02-28,6809.99,USD,subscription,AMER,REP008
RV0004192,BK000292,ACC00113,2027-03-30,6809.99,USD,subscription,AMER,REP008
RV0004193,BK000292,ACC00113,2027-04-30,6809.99,USD,subscription,AMER,REP008
RV0004194,BK000292,ACC00113,2027-05-30,6810.07,USD,subscription,AMER,REP008
RV0004195,BK000293,ACC00114,2026-09-26,121998.54,USD,perpetual,AMER,REP008
RV0004196,BK000294,ACC00115,2026-07-19,158751.15,USD,perpetual,APAC,REP006
RV0004197,BK000295,ACC00116,2026-07-11,3587.95,USD,subscription,AMER,REP005
RV0004198,BK000295,ACC00116,2026-08-11,3587.95,USD,subscription,AMER,REP005
RV0004199,BK000295,ACC00116,2026-09-11,3587.95,USD,subscription,AMER,REP005
RV0004200,BK000295,ACC00116,2026-10-11,3587.95,USD,subscription,AMER,REP005
RV0004201,BK000295,ACC00116,2026-11-11,3587.95,USD,subscription,AMER,REP005
RV0004202,BK000295,ACC00116,2026-12-11,3587.95,USD,subscription,AMER,REP005
RV0004203,BK000295,ACC00116,2027-01-11,3587.95,USD,subscription,AMER,REP005
RV0004204,BK000295,ACC00116,2027-02-11,3587.95,USD,subscription,AMER,REP005
RV0004205,BK000295,ACC00116,2027-03-11,3587.95,USD,subscription,AMER,REP005
RV0004206,BK000295,ACC00116,2027-04-11,3587.95,USD,subscription,AMER,REP005
RV0004207,BK000295,ACC00116,2027-05-11,3587.95,USD,subscription,AMER,REP005
RV0004208,BK000295,ACC00116,2027-06-11,3587.95,USD,subscription,AMER,REP005
RV0004209,BK000295,ACC00116,2027-07-11,3587.95,USD,subscription,AMER,REP005
RV0004210,BK000295,ACC00116,2027-08-11,3587.95,USD,subscription,AMER,REP005
RV0004211,BK000295,ACC00116,2027-09-11,3587.95,USD,subscription,AMER,REP005
RV0004212,BK000295,ACC00116,2027-10-11,3587.95,USD,subscription,AMER,REP005
RV0004213,BK000295,ACC00116,2027-11-11,3587.95,USD,subscription,AMER,REP005
RV0004214,BK000295,ACC00116,2027-12-11,3587.95,USD,subscription,AMER,REP005
RV0004215,BK000295,ACC00116,2028-01-11,3587.95,USD,subscription,AMER,REP005
RV0004216,BK000295,ACC00116,2028-02-11,3587.95,USD,subscription,AMER,REP005
RV0004217,BK000295,ACC00116,2028-03-11,3587.95,USD,subscription,AMER,REP005
RV0004218,BK000295,ACC00116,2028-04-11,3587.95,USD,subscription,AMER,REP005
RV0004219,BK000295,ACC00116,2028-05-11,3587.95,USD,subscription,AMER,REP005
RV0004220,BK000295,ACC00116,2028-06-11,3588.05,USD,subscription,AMER,REP005
RV0004221,BK000297,ACC00116,2026-02-23,8177.26,USD,subscription,AMER,REP005
RV0004222,BK000297,ACC00116,2026-03-23,8177.26,USD,subscription,AMER,REP005
RV0004223,BK000297,ACC00116,2026-04-23,8177.26,USD,subscription,AMER,REP005
RV0004224,BK000297,ACC00116,2026-05-23,8177.26,USD,subscription,AMER,REP005
RV0004225,BK000297,ACC00116,2026-06-23,8177.26,USD,subscription,AMER,REP005
RV0004226,BK000297,ACC00116,2026-07-23,8177.26,USD,subscription,AMER,REP005
RV0004227,BK000297,ACC00116,2026-08-23,8177.26,USD,subscription,AMER,REP005
RV0004228,BK000297,ACC00116,2026-09-23,8177.26,USD,subscription,AMER,REP005
RV0004229,BK000297,ACC00116,2026-10-23,8177.26,USD,subscription,AMER,REP005
RV0004230,BK000297,ACC00116,2026-11-23,8177.26,USD,subscription,AMER,REP005
RV0004231,BK000297,ACC00116,2026-12-23,8177.26,USD,subscription,AMER,REP005
RV0004232,BK000297,ACC00116,2027-01-23,8177.26,USD,subscription,AMER,REP005
RV0004233,BK000297,ACC00116,2027-02-23,8177.26,USD,subscription,AMER,REP005
RV0004234,BK000297,ACC00116,2027-03-23,8177.26,USD,subscription,AMER,REP005
RV0004235,BK000297,ACC00116,2027-04-23,8177.26,USD,subscription,AMER,REP005
RV0004236,BK000297,ACC00116,2027-05-23,8177.26,USD,subscription,AMER,REP005
RV0004237,BK000297,ACC00116,2027-06-23,8177.26,USD,subscription,AMER,REP005
RV0004238,BK000297,ACC00116,2027-07-23,8177.26,USD,subscription,AMER,REP005
RV0004239,BK000297,ACC00116,2027-08-23,8177.26,USD,subscription,AMER,REP005
RV0004240,BK000297,ACC00116,2027-09-23,8177.26,USD,subscription,AMER,REP005
RV0004241,BK000297,ACC00116,2027-10-23,8177.26,USD,subscription,AMER,REP005
RV0004242,BK000297,ACC00116,2027-11-23,8177.26,USD,subscription,AMER,REP005
RV0004243,BK000297,ACC00116,2027-12-23,8177.26,USD,subscription,AMER,REP005
RV0004244,BK000297,ACC00116,2028-01-23,8177.37,USD,subscription,AMER,REP005
RV0004245,BK000298,ACC00116,2026-03-10,15876.58,USD,perpetual,AMER,REP005
RV0004246,BK000299,ACC00117,2026-03-31,6409.48,USD,subscription,APAC,REP012
RV0004247,BK000299,ACC00117,2026-04-30,6409.48,USD,subscription,APAC,REP012
RV0004248,BK000299,ACC00117,2026-05-31,6409.48,USD,subscription,APAC,REP012
RV0004249,BK000299,ACC00117,2026-06-30,6409.48,USD,subscription,APAC,REP012
RV0004250,BK000299,ACC00117,2026-07-31,6409.48,USD,subscription,APAC,REP012
RV0004251,BK000299,ACC00117,2026-08-31,6409.48,USD,subscription,APAC,REP012
RV0004252,BK000299,ACC00117,2026-09-30,6409.48,USD,subscription,APAC,REP012
RV0004253,BK000299,ACC00117,2026-10-31,6409.48,USD,subscription,APAC,REP012
RV0004254,BK000299,ACC00117,2026-11-30,6409.48,USD,subscription,APAC,REP012
RV0004255,BK000299,ACC00117,2026-12-31,6409.48,USD,subscription,APAC,REP012
RV0004256,BK000299,ACC00117,2027-01-31,6409.48,USD,subscription,APAC,REP012
RV0004257,BK000299,ACC00117,2027-02-28,6409.48,USD,subscription,APAC,REP012
RV0004258,BK000299,ACC00117,2027-03-31,6409.48,USD,subscription,APAC,REP012
RV0004259,BK000299,ACC00117,2027-04-30,6409.48,USD,subscription,APAC,REP012
RV0004260,BK000299,ACC00117,2027-05-31,6409.48,USD,subscription,APAC,REP012
RV0004261,BK000299,ACC00117,2027-06-30,6409.48,USD,subscription,APAC,REP012
RV0004262,BK000299,ACC00117,2027-07-31,6409.48,USD,subscription,APAC,REP012
RV0004263,BK000299,ACC00117,2027-08-31,6409.48,USD,subscription,APAC,REP012
RV0004264,BK000299,ACC00117,2027-09-30,6409.48,USD,subscription,APAC,REP012
RV0004265,BK000299,ACC00117,2027-10-31,6409.48,USD,subscription,APAC,REP012
RV0004266,BK000299,ACC00117,2027-11-30,6409.48,USD,subscription,APAC,REP012
RV0004267,BK000299,ACC00117,2027-12-31,6409.48,USD,subscription,APAC,REP012
RV0004268,BK000299,ACC00117,2028-01-31,6409.48,USD,subscription,APAC,REP012
RV0004269,BK000299,ACC00117,2028-02-29,6409.48,USD,subscription,APAC,REP012
RV0004270,BK000299,ACC00117,2028-03-31,6409.48,USD,subscription,APAC,REP012
RV0004271,BK000299,ACC00117,2028-04-30,6409.48,USD,subscription,APAC,REP012
RV0004272,BK000299,ACC00117,2028-05-31,6409.48,USD,subscription,APAC,REP012
RV0004273,BK000299,ACC00117,2028-06-30,6409.48,USD,subscription,APAC,REP012
RV0004274,BK000299,ACC00117,2028-07-31,6409.48,USD,subscription,APAC,REP012
RV0004275,BK000299,ACC00117,2028-08-31,6409.48,USD,subscription,APAC,REP012
RV0004276,BK000299,ACC00117,2028-09-30,6409.48,USD,subscription,APAC,REP012
RV0004277,BK000299,ACC00117,2028-10-31,6409.48,USD,subscription,APAC,REP012
RV0004278,BK000299,ACC00117,2028-11-30,6409.48,USD,subscription,APAC,REP012
RV0004279,BK000299,ACC00117,2028-12-31,6409.48,USD,subscription,APAC,REP012
RV0004280,BK000299,ACC00117,2029-01-31,6409.48,USD,subscription,APAC,REP012
RV0004281,BK000299,ACC00117,2029-02-28,6409.54,USD,subscription,APAC,REP012
RV0004282,BK000300,ACC00117,2026-09-03,212975.37,USD,perpetual,APAC,REP012
RV0004283,BK000301,ACC00117,2026-03-11,923.87,USD,subscription,APAC,REP012
RV0004284,BK000301,ACC00117,2026-04-11,923.87,USD,subscription,APAC,REP012
RV0004285,BK000301,ACC00117,2026-05-11,923.87,USD,subscription,APAC,REP012
RV0004286,BK000301,ACC00117,2026-06-11,923.87,USD,subscription,APAC,REP012
RV0004287,BK000301,ACC00117,2026-07-11,923.87,USD,subscription,APAC,REP012
RV0004288,BK000301,ACC00117,2026-08-11,923.87,USD,subscription,APAC,REP012
RV0004289,BK000301,ACC00117,2026-09-11,923.87,USD,subscription,APAC,REP012
RV0004290,BK000301,ACC00117,2026-10-11,923.87,USD,subscription,APAC,REP012
RV0004291,BK000301,ACC00117,2026-11-11,923.87,USD,subscription,APAC,REP012
RV0004292,BK000301,ACC00117,2026-12-11,923.87,USD,subscription,APAC,REP012
RV0004293,BK000301,ACC00117,2027-01-11,923.87,USD,subscription,APAC,REP012
RV0004294,BK000301,ACC00117,2027-02-11,923.87,USD,subscription,APAC,REP012
RV0004295,BK000301,ACC00117,2027-03-11,923.87,USD,subscription,APAC,REP012
RV0004296,BK000301,ACC00117,2027-04-11,923.87,USD,subscription,APAC,REP012
RV0004297,BK000301,ACC00117,2027-05-11,923.87,USD,subscription,APAC,REP012
RV0004298,BK000301,ACC00117,2027-06-11,923.87,USD,subscription,APAC,REP012
RV0004299,BK000301,ACC00117,2027-07-11,923.87,USD,subscription,APAC,REP012
RV0004300,BK000301,ACC00117,2027-08-11,923.87,USD,subscription,APAC,REP012
RV0004301,BK000301,ACC00117,2027-09-11,923.87,USD,subscription,APAC,REP012
RV0004302,BK000301,ACC00117,2027-10-11,923.87,USD,subscription,APAC,REP012
RV0004303,BK000301,ACC00117,2027-11-11,923.87,USD,subscription,APAC,REP012
RV0004304,BK000301,ACC00117,2027-12-11,923.87,USD,subscription,APAC,REP012
RV0004305,BK000301,ACC00117,2028-01-11,923.87,USD,subscription,APAC,REP012
RV0004306,BK000301,ACC00117,2028-02-11,924.01,USD,subscription,APAC,REP012
RV0004307,BK000302,ACC00118,2026-05-31,68642.71,USD,perpetual,APAC,REP003
RV0004308,BK000303,ACC00119,2026-01-22,2969.34,USD,subscription,AMER,REP002
RV0004309,BK000303,ACC00119,2026-02-22,2969.34,USD,subscription,AMER,REP002
RV0004310,BK000303,ACC00119,2026-03-22,2969.34,USD,subscription,AMER,REP002
RV0004311,BK000303,ACC00119,2026-04-22,2969.34,USD,subscription,AMER,REP002
RV0004312,BK000303,ACC00119,2026-05-22,2969.34,USD,subscription,AMER,REP002
RV0004313,BK000303,ACC00119,2026-06-22,2969.34,USD,subscription,AMER,REP002
RV0004314,BK000303,ACC00119,2026-07-22,2969.34,USD,subscription,AMER,REP002
RV0004315,BK000303,ACC00119,2026-08-22,2969.34,USD,subscription,AMER,REP002
RV0004316,BK000303,ACC00119,2026-09-22,2969.34,USD,subscription,AMER,REP002
RV0004317,BK000303,ACC00119,2026-10-22,2969.34,USD,subscription,AMER,REP002
RV0004318,BK000303,ACC00119,2026-11-22,2969.34,USD,subscription,AMER,REP002
RV0004319,BK000303,ACC00119,2026-12-22,2969.34,USD,subscription,AMER,REP002
RV0004320,BK000303,ACC00119,2027-01-22,2969.34,USD,subscription,AMER,REP002
RV0004321,BK000303,ACC00119,2027-02-22,2969.34,USD,subscription,AMER,REP002
RV0004322,BK000303,ACC00119,2027-03-22,2969.34,USD,subscription,AMER,REP002
RV0004323,BK000303,ACC00119,2027-04-22,2969.34,USD,subscription,AMER,REP002
RV0004324,BK000303,ACC00119,2027-05-22,2969.34,USD,subscription,AMER,REP002
RV0004325,BK000303,ACC00119,2027-06-22,2969.34,USD,subscription,AMER,REP002
RV0004326,BK000303,ACC00119,2027-07-22,2969.34,USD,subscription,AMER,REP002
RV0004327,BK000303,ACC00119,2027-08-22,2969.34,USD,subscription,AMER,REP002
RV0004328,BK000303,ACC00119,2027-09-22,2969.34,USD,subscription,AMER,REP002
RV0004329,BK000303,ACC00119,2027-10-22,2969.34,USD,subscription,AMER,REP002
RV0004330,BK000303,ACC00119,2027-11-22,2969.34,USD,subscription,AMER,REP002
RV0004331,BK000303,ACC00119,2027-12-22,2969.34,USD,subscription,AMER,REP002
RV0004332,BK000303,ACC00119,2028-01-22,2969.34,USD,subscription,AMER,REP002
RV0004333,BK000303,ACC00119,2028-02-22,2969.34,USD,subscription,AMER,REP002
RV0004334,BK000303,ACC00119,2028-03-22,2969.34,USD,subscription,AMER,REP002
RV0004335,BK000303,ACC00119,2028-04-22,2969.34,USD,subscription,AMER,REP002
RV0004336,BK000303,ACC00119,2028-05-22,2969.34,USD,subscription,AMER,REP002
RV0004337,BK000303,ACC00119,2028-06-22,2969.34,USD,subscription,AMER,REP002
RV0004338,BK000303,ACC00119,2028-07-22,2969.34,USD,subscription,AMER,REP002
RV0004339,BK000303,ACC00119,2028-08-22,2969.34,USD,subscription,AMER,REP002
RV0004340,BK000303,ACC00119,2028-09-22,2969.34,USD,subscription,AMER,REP002
RV0004341,BK000303,ACC00119,2028-10-22,2969.34,USD,subscription,AMER,REP002
RV0004342,BK000303,ACC00119,2028-11-22,2969.34,USD,subscription,AMER,REP002
RV0004343,BK000303,ACC00119,2028-12-22,2969.48,USD,subscription,AMER,REP002
RV0004344,BK000304,ACC00119,2026-07-23,15267.57,USD,subscription,AMER,REP002
RV0004345,BK000304,ACC00119,2026-08-23,15267.57,USD,subscription,AMER,REP002
RV0004346,BK000304,ACC00119,2026-09-23,15267.57,USD,subscription,AMER,REP002
RV0004347,BK000304,ACC00119,2026-10-23,15267.57,USD,subscription,AMER,REP002
RV0004348,BK000304,ACC00119,2026-11-23,15267.57,USD,subscription,AMER,REP002
RV0004349,BK000304,ACC00119,2026-12-23,15267.57,USD,subscription,AMER,REP002
RV0004350,BK000304,ACC00119,2027-01-23,15267.57,USD,subscription,AMER,REP002
RV0004351,BK000304,ACC00119,2027-02-23,15267.57,USD,subscription,AMER,REP002
RV0004352,BK000304,ACC00119,2027-03-23,15267.57,USD,subscription,AMER,REP002
RV0004353,BK000304,ACC00119,2027-04-23,15267.57,USD,subscription,AMER,REP002
RV0004354,BK000304,ACC00119,2027-05-23,15267.57,USD,subscription,AMER,REP002
RV0004355,BK000304,ACC00119,2027-06-23,15267.59,USD,subscription,AMER,REP002
RV0004356,BK000305,ACC00120,2026-05-27,10065.05,USD,subscription,EMEA,REP001
RV0004357,BK000305,ACC00120,2026-06-27,10065.05,USD,subscription,EMEA,REP001
RV0004358,BK000305,ACC00120,2026-07-27,10065.05,USD,subscription,EMEA,REP001
RV0004359,BK000305,ACC00120,2026-08-27,10065.05,USD,subscription,EMEA,REP001
RV0004360,BK000305,ACC00120,2026-09-27,10065.05,USD,subscription,EMEA,REP001
RV0004361,BK000305,ACC00120,2026-10-27,10065.05,USD,subscription,EMEA,REP001
RV0004362,BK000305,ACC00120,2026-11-27,10065.05,USD,subscription,EMEA,REP001
RV0004363,BK000305,ACC00120,2026-12-27,10065.05,USD,subscription,EMEA,REP001
RV0004364,BK000305,ACC00120,2027-01-27,10065.05,USD,subscription,EMEA,REP001
RV0004365,BK000305,ACC00120,2027-02-27,10065.05,USD,subscription,EMEA,REP001
RV0004366,BK000305,ACC00120,2027-03-27,10065.05,USD,subscription,EMEA,REP001
RV0004367,BK000305,ACC00120,2027-04-27,10065.10,USD,subscription,EMEA,REP001
RV0004368,BK000306,ACC00120,2026-06-19,92676.28,USD,perpetual,EMEA,REP001
